invoice_id,account_id,invoice_date,amount,status
5439659,877086,2025-07-20 11:35:55,573.25,paid
6345938,466636,2025-05-03 09:14:19,125.17,paid
5942838,346678,2025-05-12 23:24:32,384.25,paid
4660126,790364,2025-10-18 11:31:31,178.09,paid
4894712,315012,2025-11-14 16:53:30,3878.6,paid
7080939,968217,2025-05-03 14:29:02,81.29,paid
917458,339830,2025-01-30 19:06:02,2549.32,paid
5462391,727732,2025-11-02 23:40:55,51.62,paid
4293602,182485,2025-11-24 09:24:27,139.41,paid
6522167,663683,2025-09-12 12:25:46,47.05,paid
5828555,669720,2025-12-30 12:13:52,5712.65,paid
2772879,805850,2025-11-16 06:32:55,442.3,open
9283795,809176,2025-08-22 20:44:02,635.92,paid
9720770,646915,2025-11-19 14:52:40,482.05,paid
2559832,457669,2025-12-13 07:56:24,26290.51,paid
9034265,288150,2025-05-02 09:27:56,314.82,paid
3479398,961826,2025-07-23 20:47:07,63.3,paid
4011881,450199,2025-05-09 13:48:40,86.85,paid
9993769,460814,2025-12-27 09:21:36,30.94,paid
3340970,832087,2025-05-17 19:48:02,352.77,paid
9135999,695703,2025-08-20 07:42:25,70.65,paid
6236392,531456,2025-06-23 03:47:16,88.77,paid
8612890,900536,2025-02-07 08:25:48,50.55,paid
5725343,691462,2025-04-12 10:46:50,118.62,paid
9135472,358134,2025-04-12 16:44:32,988.2,paid
7789791,124671,2025-07-05 17:24:55,403.63,paid
8732086,964514,2025-05-04 06:48:37,488.29,paid
6063567,298652,2025-12-02 12:57:33,671.81,paid
4805128,378702,2025-05-25 03:09:42,72.36,uncollectible
6813215,599502,2025-05-28 13:57:34,61.81,paid
1074153,600507,2025-09-08 14:06:40,380.09,paid
5222620,332026,2025-01-18 08:39:28,35.31,paid
359627,383347,2025-05-30 09:45:26,84.57,paid
520956,279735,2025-05-10 02:00:40,115.24,paid
9638451,685200,2025-09-27 13:02:36,443.5,paid
7590839,695829,2025-02-19 05:50:00,45.2,paid
4773237,416815,2025-01-07 11:33:34,537.67,paid
7068406,642899,2025-04-07 16:15:35,75.13,paid
3731770,110911,2025-12-06 14:17:49,35.67,paid
975018,133440,2025-05-21 11:24:43,87.75,uncollectible
9843635,262660,2025-12-25 09:47:56,196.44,paid
9671446,201117,2025-08-21 13:31:54,731.8,paid
864607,800274,2025-12-10 04:04:34,529.33,paid
7583108,466834,2025-08-12 10:27:49,690.93,paid
7196057,540233,2025-10-15 16:00:15,23.85,paid
5878319,143122,2025-09-09 18:42:52,33.06,paid
7679161,544215,2025-03-29 22:39:41,589.13,paid
5671520,217404,2025-12-02 11:44:02,44.13,uncollectible
7030869,693331,2025-04-22 16:17:05,32.61,paid
2973836,358368,2025-05-13 11:44:09,49.99,paid
1588353,259726,2025-08-18 16:31:03,48.51,paid
8707909,579749,2025-07-28 15:23:40,55.56,paid
1857500,481953,2025-11-07 09:53:41,6233.66,paid
3621643,991768,2025-07-16 06:06:57,69.24,paid
5553322,486582,2025-05-08 20:23:55,60.7,paid
7346527,563394,2025-11-13 10:39:26,795.7,paid
2451941,779884,2025-10-02 17:43:47,4821.54,paid
107204,393197,2025-11-24 18:09:36,771.72,open
8932947,626504,2025-07-27 10:57:54,106.27,paid
3506880,201370,2025-01-25 09:55:25,1013.86,paid
4871838,361379,2025-08-12 10:32:06,790.02,paid
6049126,331536,2025-06-08 13:32:37,56.15,paid
9528924,916037,2025-09-09 03:11:47,35.94,paid
4956579,444888,2025-04-11 14:01:05,687.72,paid
9488125,482349,2025-04-08 15:57:12,87.18,paid
4601838,793847,2025-05-27 18:44:10,639.55,paid
4342482,149930,2025-08-17 14:58:05,963.08,open
59097,416815,2025-12-11 14:07:06,594.99,paid
4209353,572896,2025-02-12 21:18:07,45.22,paid
5659931,181128,2025-04-02 12:01:03,634.52,paid
7068074,935611,2025-01-01 06:58:19,32.75,open
7544033,291292,2025-04-25 08:36:36,553.38,paid
225122,102220,2025-10-05 11:41:57,311.48,paid
9775454,962759,2025-11-09 14:14:53,81.44,paid
7541246,980608,2025-12-30 17:02:43,275.42,paid
1642977,488220,2025-02-22 20:05:00,231.32,paid
7063584,692089,2025-10-15 07:23:04,766.24,paid
8326649,401402,2025-10-26 10:37:08,230.06,paid
4140251,713866,2025-05-14 15:01:18,673.63,paid
4730582,842629,2025-11-04 13:16:48,433.79,open
2902672,189198,2025-04-17 02:03:55,11.61,uncollectible
9465916,669720,2025-10-01 11:56:47,6052.46,paid
2034404,136968,2025-12-20 17:37:52,256.03,paid
48571,209127,2025-06-05 19:09:21,2216.81,void
4536252,364714,2025-01-01 12:42:19,85.69,paid
9112516,280606,2025-05-14 08:47:20,34.29,open
7095968,649882,2025-07-28 18:38:57,77.21,paid
4786732,888943,2025-05-07 11:38:15,35.22,paid
7030407,359748,2025-07-05 15:57:38,604.58,open
7235772,533010,2025-02-10 09:38:27,262.92,paid
4735343,111936,2025-03-10 09:43:03,805.08,paid
2497045,349808,2025-10-18 11:28:52,382.43,paid
8207514,640065,2025-02-19 14:07:34,43.65,paid
9534024,169880,2025-05-15 11:21:41,99.06,void
7378996,908690,2025-11-30 03:59:58,847.93,void
3039026,778013,2025-01-07 11:41:25,110.76,paid
6195119,351475,2025-05-29 10:37:47,80.95,paid
2716702,631003,2025-01-29 07:38:17,309.99,paid
9636886,912387,2025-07-19 12:42:12,53.56,paid
7477900,597746,2025-11-11 06:28:54,68.59,paid
461275,404963,2025-10-13 12:57:58,583.06,paid
2156647,620725,2025-01-15 14:29:33,49.08,paid
4494864,852560,2025-12-24 17:44:19,640.82,paid
107361,474008,2025-03-05 13:34:16,834.48,paid
6062827,304212,2025-02-09 14:28:42,82.99,paid
3917192,435506,2025-09-02 11:50:19,473.1,paid
3113532,512181,2025-09-12 13:43:34,478.9,paid
2456699,486582,2025-05-11 18:24:57,70.28,void
9308176,560307,2025-11-30 12:48:02,36.96,paid
1918510,473607,2025-03-07 11:30:08,38.06,paid
4831149,870519,2025-06-07 13:34:57,22.57,paid
8940587,970221,2025-06-16 14:38:41,49.67,paid
6443044,684543,2025-03-16 11:57:29,99.52,paid
7913058,120608,2025-12-25 15:50:21,44.31,paid
4097333,665974,2025-08-22 06:17:23,31.64,paid
9942365,624539,2025-01-09 08:52:04,36.28,paid
7206270,139085,2025-04-14 10:13:41,37.82,paid
4632704,838808,2025-10-01 08:28:17,813.86,open
1456246,334270,2025-03-25 14:34:51,2646.63,paid
6005984,430738,2025-05-02 08:20:56,41.1,void
3611955,479390,2025-08-17 21:21:27,37.5,paid
3151878,113010,2025-04-08 13:04:23,55.52,paid
4552311,176599,2025-10-26 14:01:27,63.33,paid
6669058,493074,2025-08-29 09:31:47,60.38,open
9985146,435261,2025-01-18 16:46:20,1103.52,paid
8259839,556047,2025-07-17 07:38:47,722.77,paid
8609020,318214,2025-10-06 03:40:49,76.18,paid
2692188,908690,2025-04-03 10:41:21,809.46,paid
9013049,996819,2025-08-12 10:42:13,1854.68,paid
8666253,256035,2025-02-23 08:05:17,36.51,paid
5377613,508782,2025-04-21 10:06:54,72.11,paid
1286288,753247,2025-01-09 12:12:25,681.62,open
4229849,169880,2025-02-09 10:47:16,99.45,paid
4579782,412468,2025-08-13 12:37:22,49.88,uncollectible
71002,624539,2025-11-27 13:15:30,33.07,paid
3798011,200865,2025-08-11 03:28:36,264.21,paid
5029745,228280,2025-03-03 07:33:47,554.18,paid
3616590,759736,2025-04-05 17:59:10,506.03,paid
675049,278077,2025-04-13 11:44:40,216.74,paid
3436885,619919,2025-05-02 08:30:24,26.09,open
1231533,402163,2025-08-05 06:48:29,62.36,paid
9099203,772957,2025-07-07 18:41:07,553.84,open
1040155,202107,2025-06-25 22:43:59,716.59,paid
915629,650852,2025-11-07 15:47:53,32.22,paid
6227071,533010,2025-12-08 16:10:49,290.22,paid
6596777,336143,2025-08-18 06:15:35,23.67,paid
5973545,171014,2025-04-17 22:42:02,32.91,paid
4567733,218565,2025-09-01 15:43:13,44.79,void
9398057,692337,2025-11-07 15:14:01,640.62,open
4826496,479390,2025-02-14 16:59:56,33.93,paid
5650489,663857,2025-01-23 22:17:48,2596.57,paid
3516353,418604,2025-06-05 14:56:31,35.15,paid
3803953,451700,2025-05-27 12:27:35,96.76,paid
4481928,416704,2025-05-22 13:47:09,88.9,paid
6509727,847537,2025-07-01 07:33:13,15242.34,paid
184315,499701,2025-02-18 13:53:18,257.15,open
4011454,207018,2025-02-07 06:33:10,34.64,paid
2974254,124671,2025-12-05 17:15:26,455.49,paid
1082674,852560,2025-07-03 10:53:40,678.01,paid
9335861,237570,2025-10-05 09:01:09,318.38,paid
7541908,871334,2025-03-07 10:29:03,107.79,paid
1862154,156588,2025-08-17 14:53:51,292.37,paid
5791244,599502,2025-11-11 14:15:17,58.96,paid
3245564,893855,2025-04-25 14:51:59,36.61,paid
896967,140197,2025-03-11 14:05:04,1462.55,paid
7115160,516677,2025-09-17 12:20:35,234.5,paid
7536657,914996,2025-04-11 10:23:58,672.19,paid
7947117,139085,2025-03-11 13:25:28,34.43,uncollectible
4351702,631589,2025-11-03 09:35:59,507.8,paid
2702158,427620,2025-03-08 18:52:57,674.04,paid
2116023,775527,2025-05-07 09:43:21,2184.07,paid
4650779,417896,2025-04-10 13:43:21,606.76,paid
7396750,768193,2025-07-31 12:01:44,636.73,paid
241518,505397,2025-12-23 10:44:03,93.57,paid
6094654,331536,2025-05-01 14:18:45,64.37,uncollectible
424075,302271,2025-04-18 12:04:40,4665.21,paid
2219755,679023,2025-07-17 13:28:08,35.23,paid
2530383,727732,2025-05-23 21:10:55,47.85,void
2434261,414766,2025-11-08 07:10:30,55.8,paid
6705848,695658,2025-01-23 14:06:07,193.67,paid
4861549,819790,2025-03-21 16:05:00,670.52,paid
9711536,414105,2025-07-27 08:36:07,72.75,open
3439741,769395,2025-07-19 12:26:13,72.03,paid
2499175,302271,2025-12-19 09:12:29,4103.42,paid
6808472,574768,2025-09-18 10:47:07,859.9,paid
9246667,129289,2025-02-09 18:55:21,24.1,paid
8249212,667992,2025-11-07 19:42:56,5381.73,paid
1093507,827874,2025-02-23 09:53:43,59.96,paid
9842127,136409,2025-06-10 13:00:02,84.06,open
1824261,212090,2025-06-01 21:31:03,841.49,paid
5498892,836507,2025-03-31 09:46:24,102.01,paid
6182182,365660,2025-12-27 18:01:17,321.98,paid
5533510,240194,2025-08-01 15:20:06,94.87,paid
7549634,603274,2025-06-22 08:40:13,36.32,paid
8980308,196541,2025-06-29 15:41:53,39.44,paid
2207474,782122,2025-10-09 09:00:39,36.88,paid
6387193,247268,2025-05-14 05:42:37,515.34,paid
2490145,951176,2025-03-16 11:07:05,93.18,paid
5337498,692089,2025-07-11 20:21:52,777.15,void
436224,271313,2025-11-26 08:50:56,961.78,paid
3571157,323646,2025-04-30 09:51:10,629.64,paid
4552771,551545,2025-05-28 08:05:35,35.13,paid
6079740,996819,2025-02-26 21:53:28,1724.0,paid
9466122,457960,2025-07-11 16:36:26,38.65,paid
4050158,662010,2025-05-26 09:25:12,53.17,paid
5150673,729499,2025-01-29 15:44:19,427.43,paid
6443441,696751,2025-07-16 15:06:27,74.8,paid
5051904,663857,2025-04-28 13:11:20,2413.84,paid
7145622,262660,2025-05-18 08:30:03,201.8,paid
5585631,739213,2025-04-07 09:45:49,67.58,paid
2974531,498584,2025-11-24 11:47:46,66.4,paid
3609847,452461,2025-02-13 20:49:49,587.72,paid
2950967,280034,2025-03-10 03:50:32,89.31,paid
4924284,631393,2025-09-21 10:25:21,36.93,paid
6732456,881378,2025-02-04 15:12:06,12.37,paid
5888538,951550,2025-08-21 09:01:53,37.81,paid
2959036,141134,2025-04-01 19:44:58,73.08,paid
8944624,176018,2025-11-12 10:42:28,676.09,paid
4682505,118948,2025-07-19 13:38:47,118.36,paid
4239033,316254,2025-03-02 09:37:41,665.8,paid
9652736,206528,2025-11-22 10:08:10,94.72,paid
6849330,654271,2025-08-08 11:07:55,559.22,paid
5044263,292435,2025-03-19 15:16:08,859.37,paid
6850750,409157,2025-05-08 15:57:54,67.94,paid
8122012,593883,2025-06-09 07:32:12,40.82,paid
1077119,990741,2025-05-28 22:44:45,62.03,void
8731546,507445,2025-08-12 15:29:53,696.5,paid
8723716,993977,2025-06-11 10:21:34,45.6,paid
9792220,288393,2025-10-16 11:09:39,377.82,paid
8152164,259373,2025-12-05 18:36:20,68.24,paid
5647411,970221,2025-09-16 13:12:21,45.51,paid
377448,565930,2025-09-05 07:35:06,698.44,paid
9441117,541269,2025-01-16 07:54:38,222.46,paid
8651899,680171,2025-09-07 11:44:17,77.94,open
6771789,414766,2025-09-05 14:00:32,56.68,paid
8455206,692863,2025-06-26 06:45:09,101.38,open
4181313,787646,2025-07-17 19:11:37,673.65,paid
9054711,988431,2025-01-31 18:56:12,37.56,uncollectible
7087832,819199,2025-06-06 13:44:13,37.86,paid
5849540,550331,2025-10-14 07:04:07,63.45,paid
6723662,301735,2025-11-10 16:00:50,41.53,paid
8169382,342116,2025-08-24 15:23:10,59.97,paid
315451,372607,2025-12-26 09:00:07,535.86,paid
3501883,912127,2025-10-12 14:48:13,1736.83,open
8807465,842629,2025-05-08 16:22:20,422.29,paid
1439958,200865,2025-07-23 15:49:35,298.17,paid
9414506,228499,2025-02-03 06:29:45,30.26,paid
8753208,269728,2025-12-06 19:35:15,3080.94,paid
8649118,950873,2025-09-22 13:42:36,597.26,open
2971317,761571,2025-02-24 06:36:13,54.61,paid
2891174,872833,2025-12-20 12:02:50,33.83,paid
3034392,301453,2025-10-03 17:06:32,59.97,open
5787230,835797,2025-12-13 17:46:23,600.63,paid
8681988,115359,2025-08-11 14:58:47,31.54,void
7603123,553898,2025-01-27 06:12:04,91.93,paid
2115194,452579,2025-10-08 10:48:26,97.4,paid
3704721,775527,2025-02-24 12:05:13,2211.34,paid
3331962,600525,2025-08-22 19:33:14,1313.29,paid
4812315,724051,2025-09-01 04:06:57,308.4,paid
3374176,983961,2025-10-10 13:46:46,481.94,paid
6999935,634053,2025-01-06 18:38:46,2628.65,open
8444862,445354,2025-03-23 15:21:22,74.81,paid
5558482,461906,2025-04-21 12:23:04,52.12,paid
6047000,221718,2025-06-10 12:28:18,50.81,void
5402513,377997,2025-09-01 14:28:41,268.15,paid
9190980,370589,2025-11-04 08:05:18,643.94,paid
3911073,404963,2025-11-07 09:13:45,615.34,paid
4678434,176599,2025-07-21 14:50:43,58.29,paid
4661129,515850,2025-01-08 08:09:43,63.6,paid
5402369,315175,2025-01-20 13:46:21,62.9,paid
2123207,574768,2025-09-09 07:32:36,840.13,open
170819,806501,2025-06-17 11:42:31,445.34,open
8959533,227254,2025-01-03 10:28:52,77.49,paid
4494345,557985,2025-07-01 09:40:25,42.86,void
6787849,133896,2025-02-20 16:31:11,2852.37,paid
3162645,696918,2025-04-16 05:33:13,325.26,paid
4173449,554336,2025-10-03 13:37:48,36.01,paid
4043370,731867,2025-05-01 23:29:23,783.61,paid
2859612,654271,2025-09-05 07:48:39,521.39,paid
3084424,287710,2025-06-15 11:55:37,4009.06,paid
1319023,565218,2025-01-14 20:38:44,3002.22,paid
5323309,563394,2025-12-29 16:57:01,905.97,paid
1028819,785078,2025-05-25 14:37:08,75.14,open
1512896,950543,2025-07-12 13:40:16,35.25,paid
2039625,124671,2025-03-28 07:48:07,426.34,paid
2562927,414766,2025-12-10 14:10:39,56.1,paid
2090255,468400,2025-09-16 15:01:40,5041.13,paid
2342103,292475,2025-05-04 14:06:36,2070.29,paid
872085,219926,2025-01-12 10:28:46,3681.86,paid
9491075,676603,2025-10-05 08:17:13,274.73,paid
5085362,150144,2025-10-02 11:02:40,145.05,paid
8063394,250089,2025-09-25 10:27:37,40.05,paid
9378590,961788,2025-03-16 16:25:18,40.07,paid
8900508,925203,2025-07-11 22:02:59,37.46,paid
4724454,302066,2025-11-23 15:16:50,78.47,paid
2624500,940445,2025-01-24 14:32:06,156.69,paid
4258865,556047,2025-12-08 09:21:57,736.23,paid
9791051,316635,2025-12-16 19:58:25,758.27,paid
182705,983167,2025-10-14 14:06:04,1026.34,paid
6368776,318162,2025-06-18 13:22:52,233.57,uncollectible
5286300,380358,2025-04-07 09:31:40,87.46,paid
1292926,377902,2025-02-27 18:38:03,3913.45,paid
8281795,259984,2025-04-09 09:24:03,1962.06,paid
5364421,184233,2025-09-15 19:55:02,23.77,paid
1244312,114128,2025-12-05 16:02:24,34.16,paid
2301946,170902,2025-05-16 00:55:59,34.9,paid
5623909,950543,2025-05-29 16:37:24,38.07,paid
6470865,705149,2025-06-02 21:04:33,96.76,paid
8737717,768839,2025-08-21 09:42:16,10.33,paid
2978298,862941,2025-08-12 05:50:40,383.12,paid
6652931,797764,2025-11-07 09:08:30,100.6,paid
7851845,248669,2025-03-09 02:17:11,101.15,paid
9289112,822504,2025-08-23 18:44:45,655.53,void
3769505,417896,2025-01-29 13:36:59,594.25,paid
7432572,288150,2025-11-22 12:38:00,326.75,paid
7816908,194570,2025-05-13 16:24:30,32.14,paid
5454432,163603,2025-02-01 16:20:57,35.04,paid
7951463,896894,2025-12-29 09:52:25,1530.4,paid
2520896,941144,2025-12-09 07:09:24,247.34,paid
2111432,541269,2025-04-13 21:43:58,226.3,paid
391486,250089,2025-06-25 13:50:53,41.14,paid
9098963,667992,2025-09-03 14:50:24,4507.38,paid
4521137,228280,2025-06-27 14:05:47,621.76,paid
2664133,314260,2025-09-11 06:08:06,2158.26,paid
8323261,775527,2025-07-09 07:52:22,2476.27,paid
31186,618509,2025-11-02 16:09:42,569.14,paid
4313246,244780,2025-06-12 14:25:08,6135.31,paid
2037533,780194,2025-10-24 16:56:32,1441.15,paid
2088049,140321,2025-08-16 13:14:22,453.09,paid
7448301,136425,2025-01-05 13:57:28,48.63,paid
6147401,289993,2025-06-26 16:41:36,478.02,paid
9966516,216864,2025-08-26 10:52:06,22.83,paid
4702077,917801,2025-12-14 07:39:14,3923.11,paid
8812906,761986,2025-06-07 14:14:02,3167.67,paid
7076202,627910,2025-02-12 13:02:17,95.41,paid
3728291,633095,2025-10-12 10:53:38,1367.24,paid
258023,962759,2025-03-11 11:49:01,70.15,paid
2525616,102347,2025-03-02 21:49:45,634.0,paid
3825334,556479,2025-08-07 11:57:32,72.8,paid
600488,875381,2025-04-23 10:22:21,885.61,paid
9880072,369202,2025-10-29 19:26:46,569.01,paid
3780247,136409,2025-06-11 11:50:14,83.26,paid
1043814,200830,2025-10-30 17:51:44,536.85,paid
8861097,298048,2025-10-21 10:11:06,59.67,paid
1920681,209127,2025-06-06 07:29:14,1848.54,paid
2760581,179049,2025-12-16 09:30:52,380.18,paid
9252460,249442,2025-07-11 15:10:25,4030.75,paid
924158,249442,2025-10-29 09:41:22,3881.3,paid
8158048,687117,2025-02-02 08:39:49,45.15,paid
8618157,318162,2025-11-29 19:25:56,244.48,paid
1803021,430826,2025-09-10 04:50:54,4824.75,paid
3097081,812313,2025-09-07 10:42:04,96.6,paid
9546552,196472,2025-12-16 15:25:55,562.17,paid
6412380,805099,2025-01-25 11:49:43,34.53,paid
3021831,662023,2025-06-21 12:51:27,122.84,paid
6223035,619995,2025-09-06 21:47:12,35.07,paid
8013998,148986,2025-07-12 12:06:39,171.22,paid
2983644,547854,2025-06-12 08:41:29,392.85,paid
4463765,431648,2025-07-07 19:10:55,129.5,paid
7963535,198116,2025-07-22 15:03:20,825.13,paid
1160203,125807,2025-03-07 07:24:06,615.69,paid
2066586,342116,2025-12-26 09:32:20,61.05,paid
1222389,586292,2025-11-25 05:09:00,38.99,paid
7621591,686117,2025-07-05 05:49:50,80.68,void
5498781,705867,2025-04-20 10:59:37,3971.48,paid
6953796,467325,2025-04-10 13:06:00,178.52,paid
1973740,725268,2025-03-14 17:44:09,267.88,paid
7051143,299619,2025-12-20 13:53:02,401.34,paid
8322519,558918,2025-04-19 11:42:40,927.11,paid
2911946,824578,2025-08-03 09:21:48,647.75,paid
1157403,507445,2025-08-13 05:42:14,696.18,paid
4817199,794431,2025-05-26 09:32:55,384.98,paid
8318278,165228,2025-01-21 11:06:55,654.22,paid
5275277,116787,2025-08-16 22:08:34,347.58,paid
5477500,399159,2025-06-17 18:48:02,208.02,paid
1721193,206487,2025-12-08 14:02:58,70.64,paid
802591,359909,2025-11-13 08:20:13,718.66,paid
2380911,329586,2025-08-13 16:59:59,651.84,paid
7805336,302271,2025-10-20 18:13:18,5033.38,paid
696297,440025,2025-02-17 18:04:16,897.45,paid
1074120,259373,2025-07-30 08:54:18,68.74,paid
2807114,374056,2025-09-07 16:51:46,444.31,paid
9981780,252591,2025-11-04 16:46:20,397.71,paid
5911921,874496,2025-05-10 11:28:55,1598.5,paid
8508150,785078,2025-08-08 10:10:47,76.68,paid
7820371,669720,2025-11-15 16:10:54,5070.55,paid
9008368,491257,2025-10-27 11:43:58,691.33,paid
7776690,996360,2025-04-18 08:51:51,92.11,paid
6399339,877896,2025-11-28 11:39:55,74.13,paid
7369737,363409,2025-04-05 08:07:43,678.66,paid
2011787,441844,2025-01-14 13:23:25,676.24,paid
6996288,842629,2025-02-19 08:32:58,467.98,paid
7585074,170902,2025-12-18 09:34:30,36.3,paid
1274106,592265,2025-09-24 15:30:58,56.73,paid
5096332,556047,2025-11-08 12:41:20,702.11,paid
1481044,561350,2025-03-30 12:33:51,508.87,paid
6768519,400628,2025-04-28 13:35:20,36.0,paid
1065829,834134,2025-04-23 09:31:47,40.1,paid
4059711,838808,2025-06-02 16:21:11,668.54,paid
99659,893855,2025-11-07 13:01:20,38.24,paid
9157493,948864,2025-09-09 14:18:42,488.8,paid
7747395,124671,2025-06-14 05:46:28,418.77,paid
8111315,604126,2025-08-27 07:12:30,48.66,paid
6410981,693667,2025-11-25 09:37:40,501.18,paid
7264699,674609,2025-11-14 10:46:15,71.75,paid
4846332,671372,2025-04-01 21:59:27,75.91,paid
2548100,981433,2025-05-31 12:21:13,1737.21,paid
344793,899547,2025-05-14 09:41:19,348.96,paid
5417726,321951,2025-04-01 07:51:08,33.6,paid
1902288,627691,2025-06-14 09:00:30,4054.3,open
1447058,200865,2025-03-28 10:37:05,261.81,paid
8181363,242324,2025-06-19 09:23:52,35.58,paid
1799551,117687,2025-05-30 15:55:22,12663.79,open
1953955,780194,2025-02-19 07:54:07,1434.3,paid
9778714,870377,2025-11-20 07:44:36,41.34,paid
8453772,725693,2025-01-24 20:08:49,273.03,paid
2675100,810858,2025-06-01 11:46:24,235.2,paid
9328395,779156,2025-02-24 08:38:29,614.44,paid
4773212,174373,2025-02-08 19:08:15,499.9,void
2821266,761986,2025-11-23 14:03:51,3238.43,void
1963967,592265,2025-10-16 09:17:45,58.12,paid
8137331,600507,2025-09-08 17:00:53,361.15,paid
4286178,139506,2025-05-06 19:50:11,50.04,paid
7748622,699272,2025-03-06 09:31:59,80.71,paid
5055461,750386,2025-03-12 11:57:12,44.85,paid
4755211,661510,2025-08-30 06:45:14,519.48,paid
5592947,495640,2025-06-17 08:37:56,96.66,paid
2715870,843432,2025-06-10 13:52:25,24.44,paid
5814718,835797,2025-12-12 19:08:22,606.69,paid
2779908,977420,2025-08-26 14:52:20,22.33,paid
3332839,108606,2025-10-08 08:40:38,620.91,paid
4547511,170417,2025-05-06 15:50:06,834.94,paid
273754,189580,2025-12-03 08:56:20,95.74,paid
6618585,980971,2025-06-15 09:50:42,494.63,paid
145682,515718,2025-08-19 06:13:22,388.4,void
1913386,724555,2025-05-27 09:41:39,47.41,paid
7009818,790366,2025-08-14 08:07:50,35.94,paid
5496777,473607,2025-06-11 10:01:01,35.56,void
3446582,966960,2025-02-24 15:20:26,741.2,paid
9284521,950873,2025-06-04 08:38:19,544.64,paid
8461400,320794,2025-06-09 09:48:36,57.02,paid
8400691,713585,2025-01-18 19:35:48,84.81,paid
9133277,685576,2025-07-22 02:02:33,274.91,void
9873603,678569,2025-12-22 22:59:30,801.92,void
7835764,433844,2025-10-14 15:03:43,34.89,paid
2663387,509193,2025-08-28 14:58:49,4019.95,paid
9900851,486582,2025-11-08 14:46:53,67.41,paid
1183862,916616,2025-08-05 08:10:08,1240.34,paid
7763411,335302,2025-11-02 07:59:38,22.52,paid
447912,626504,2025-03-09 09:20:54,107.74,paid
2940745,790366,2025-09-04 13:41:10,37.84,paid
2250203,511470,2025-12-27 16:31:42,4354.81,open
5484172,136425,2025-11-14 19:19:45,48.48,paid
1567447,858842,2025-02-21 13:43:11,398.19,paid
3744213,819199,2025-04-19 11:23:40,33.32,paid
9483715,842629,2025-06-01 14:30:06,485.9,paid
5736312,488457,2025-08-09 12:16:28,67.7,paid
302372,400628,2025-09-02 12:16:37,35.3,paid
8635278,262565,2025-02-21 17:40:46,532.18,paid
1950884,705149,2025-04-04 09:57:25,96.69,paid
4758314,599218,2025-01-31 16:06:47,5817.33,paid
6742836,280606,2025-10-28 08:41:17,37.62,paid
3843393,797764,2025-07-22 14:50:40,93.91,paid
8620254,621013,2025-12-07 10:26:21,33.49,paid
3029426,133243,2025-09-22 04:53:31,22.22,open
6788208,646309,2025-02-06 21:45:41,372.94,paid
9263221,346678,2025-08-28 04:44:47,364.9,paid
9454074,977420,2025-08-27 01:03:30,25.39,paid
425316,606408,2025-07-31 16:43:42,38.35,paid
3651222,164080,2025-04-06 13:06:28,59.98,paid
6088829,708315,2025-05-10 11:06:52,34.74,paid
1566795,952114,2025-12-06 18:14:21,2859.38,paid
2053197,488220,2025-06-30 17:38:37,230.23,paid
8461371,208743,2025-05-10 18:31:12,528.11,paid
8175826,304962,2025-04-13 10:04:58,5885.06,paid
8780447,734573,2025-04-15 12:39:36,616.57,paid
8085405,283866,2025-01-26 08:07:36,3264.04,paid
8654772,914638,2025-06-27 20:58:25,94.51,paid
9891440,451700,2025-08-30 11:04:30,92.38,paid
3512843,533010,2025-03-16 17:05:52,299.6,paid
6891713,837734,2025-11-26 15:58:51,1192.34,paid
2229136,165039,2025-09-30 08:09:36,3733.75,paid
3885607,888943,2025-05-08 07:07:06,36.94,paid
6112915,862941,2025-10-16 19:45:02,398.94,paid
4332635,835797,2025-08-05 11:23:41,574.19,paid
5449573,805850,2025-10-28 05:56:38,419.22,uncollectible
8011581,631003,2025-10-11 18:15:19,313.51,paid
5781,789095,2025-12-16 17:00:10,68.27,paid
7662567,292475,2025-06-30 10:03:10,2416.79,paid
1698034,223459,2025-10-18 15:10:03,78.69,paid
2562921,119663,2025-11-23 14:18:59,3369.78,paid
7326081,212090,2025-04-26 09:02:40,881.67,paid
72792,695829,2025-01-23 12:40:29,54.93,paid
8871308,766913,2025-11-12 19:51:53,501.95,paid
815473,870271,2025-02-27 11:13:44,54.47,paid
6748587,228677,2025-11-20 13:14:36,56.25,paid
4546778,944315,2025-09-28 08:30:56,1509.1,paid
4174409,461906,2025-12-14 13:07:35,48.01,paid
9108306,118279,2025-06-17 14:32:03,569.54,paid
8349532,412644,2025-02-28 21:03:11,64.82,paid
8743780,441792,2025-01-26 09:10:23,764.26,void
6162118,600806,2025-01-16 11:24:16,79.97,paid
2284473,625558,2025-06-28 22:35:56,68.78,paid
7440872,682864,2025-10-30 09:51:08,1329.3,paid
7528659,540115,2025-07-07 10:09:06,879.93,paid
7480960,611661,2025-05-06 10:51:46,64.48,paid
581701,409157,2025-07-23 14:47:33,53.97,paid
2090029,143529,2025-03-22 03:46:43,79.41,paid
5144269,675863,2025-01-02 14:10:52,527.46,paid
5749321,228677,2025-11-05 14:32:50,60.71,paid
9047779,603307,2025-06-14 15:55:08,35.62,paid
2856895,247268,2025-06-11 15:46:28,517.24,paid
9240490,847561,2025-08-11 10:54:50,94.09,paid
6074689,491257,2025-09-02 06:50:09,630.49,paid
8653019,975237,2025-09-15 08:42:19,487.34,paid
2423366,646309,2025-05-19 09:47:55,317.17,paid
7203345,682864,2025-09-20 06:32:53,1087.23,paid
855500,818984,2025-08-12 09:46:57,1900.55,paid
5889615,153122,2025-09-25 12:55:00,46.2,paid
2566088,617646,2025-08-12 20:42:47,347.42,uncollectible
1989916,230161,2025-05-05 06:31:43,441.46,paid
1902392,451634,2025-04-06 09:32:09,185.87,paid
6973008,190126,2025-09-11 09:40:08,61.34,paid
4642101,996360,2025-09-14 06:49:46,90.2,paid
5265494,647876,2025-04-24 15:47:52,262.98,paid
3680343,893484,2025-04-15 12:39:18,497.12,uncollectible
6888478,196847,2025-06-25 10:49:19,2676.0,paid
8224133,838808,2025-08-28 13:07:14,803.96,paid
9278235,672009,2025-04-01 20:18:04,1089.52,open
3749465,641276,2025-07-27 09:10:26,172.33,paid
3131732,865765,2025-10-27 11:33:50,123.91,paid
3194851,688496,2025-02-06 13:59:03,322.78,open
3339511,950543,2025-02-02 17:04:57,32.25,paid
2781556,481016,2025-07-18 08:44:31,793.97,open
7575245,207113,2025-12-02 20:21:12,117.15,paid
7651704,221118,2025-02-11 14:54:08,35.66,paid
9574095,679810,2025-11-16 11:17:26,559.19,paid
4610070,600864,2025-11-07 10:52:20,46.3,paid
585368,321951,2025-08-07 08:51:03,33.17,paid
5510872,443866,2025-09-12 09:42:59,39.25,uncollectible
7512763,250471,2025-12-29 10:52:42,114.77,paid
2762008,837734,2025-09-23 23:16:40,1149.78,paid
1582784,848871,2025-12-10 16:06:09,77.14,paid
6135930,597040,2025-05-20 05:02:00,77.55,paid
3750333,492337,2025-09-27 04:48:48,44.59,paid
5984554,675202,2025-01-21 11:49:13,23797.37,void
1939847,794431,2025-09-01 10:22:19,372.48,open
1481526,288150,2025-06-15 08:55:33,327.8,paid
778310,794431,2025-04-03 09:41:09,522.72,paid
8285208,437273,2025-10-14 18:43:42,36.14,paid
3720301,377902,2025-05-17 08:08:04,3428.5,uncollectible
2132434,153122,2025-01-18 13:43:29,45.53,paid
5146301,310019,2025-09-16 18:17:51,2255.32,paid
8548536,291773,2025-01-21 12:47:09,77.18,paid
3304746,557608,2025-08-13 10:52:46,755.17,paid
4869301,663216,2025-01-30 14:37:43,373.84,paid
9597403,399545,2025-01-13 13:38:04,94.29,paid
5205176,430738,2025-10-17 16:09:55,49.11,paid
4116442,318162,2025-03-24 14:29:40,240.06,paid
9190913,739739,2025-06-19 15:00:25,34.31,paid
6413135,644475,2025-12-09 10:04:25,56.6,paid
8234151,553479,2025-08-18 11:02:16,3102.35,open
5387841,624539,2025-06-09 12:14:47,35.05,paid
7941805,105131,2025-06-28 14:01:56,36.62,open
8920253,603842,2025-07-21 16:40:25,65.79,paid
6105690,540658,2025-06-14 16:26:05,56.31,paid
6954124,842517,2025-03-09 15:34:02,953.1,paid
1086053,345589,2025-01-07 07:05:16,773.09,open
8384163,888218,2025-12-13 12:09:13,49.8,void
3489263,610566,2025-10-31 01:02:56,363.39,open
9134599,399545,2025-11-29 12:31:22,106.02,paid
8504766,165982,2025-09-16 19:48:14,352.6,paid
4589801,649261,2025-11-13 15:21:29,568.76,paid
8829349,181128,2025-08-07 11:43:18,542.95,paid
148305,143122,2025-09-09 19:19:20,35.1,open
5033100,482349,2025-11-18 05:26:29,87.1,paid
2488191,377902,2025-02-19 13:27:00,4005.45,paid
710139,805099,2025-10-11 07:23:10,37.32,paid
9666825,600774,2025-09-30 14:37:47,3239.29,paid
4170460,299049,2025-06-15 12:36:45,91.69,paid
2217925,863338,2025-12-01 12:01:31,403.8,paid
6495860,979522,2025-08-15 08:00:37,75.35,open
373312,342116,2025-08-24 15:44:11,59.81,paid
6612925,140321,2025-04-11 06:58:17,446.79,paid
7630489,742518,2025-11-10 11:08:09,725.75,paid
5662849,250471,2025-08-29 10:09:59,118.56,paid
3320665,351475,2025-10-30 21:19:16,87.29,paid
4620782,626504,2025-01-17 10:57:02,112.1,open
4343828,744444,2025-09-06 08:24:56,2318.11,paid
7268704,359748,2025-05-08 08:51:59,580.88,paid
3239669,678569,2025-10-06 10:49:44,771.05,paid
7147195,492564,2025-03-04 16:05:04,368.92,paid
1969827,136968,2025-02-07 10:49:14,258.86,paid
7692776,409157,2025-12-25 08:41:30,58.74,paid
6579220,424994,2025-08-28 02:21:30,3325.18,paid
6946520,271313,2025-11-27 16:32:47,1079.5,open
2988758,350292,2025-10-10 19:09:19,100.22,paid
3871460,553479,2025-04-25 14:34:51,3309.05,paid
1393673,727242,2025-09-29 13:58:30,104.26,void
2868546,892300,2025-09-12 08:18:56,863.85,paid
8776731,861024,2025-06-13 13:01:16,762.18,paid
7328322,876153,2025-07-22 10:18:39,63.64,paid
2954763,669720,2025-11-21 14:28:37,5470.44,paid
1821098,435261,2025-12-03 09:42:25,1027.91,open
9789538,901636,2025-04-05 11:27:40,452.99,paid
7615511,417896,2025-12-25 08:03:11,586.83,void
7935902,952105,2025-08-03 10:32:55,527.18,paid
8672089,404631,2025-05-22 08:51:10,348.61,paid
7216866,359105,2025-07-05 11:28:52,692.9,paid
3539259,473607,2025-04-11 11:53:47,35.47,paid
8621264,194356,2025-08-23 15:55:34,35.3,paid
4045297,660322,2025-07-13 17:05:37,459.84,paid
3709108,838808,2025-08-05 17:04:06,793.47,paid
8912439,861024,2025-02-23 14:39:01,824.0,paid
4422133,661816,2025-10-29 14:50:23,367.22,paid
8069139,673856,2025-04-26 14:57:14,54.03,paid
2203120,365756,2025-08-31 11:37:16,45.74,paid
5386457,676881,2025-11-18 14:50:14,35.65,paid
3126516,741178,2025-03-26 09:02:03,452.74,paid
9517842,557985,2025-07-16 09:46:39,51.1,paid
7307945,611661,2025-03-26 10:00:43,58.39,paid
3654940,176018,2025-11-26 12:53:24,717.44,paid
7806216,498799,2025-04-29 11:37:22,460.17,open
4312976,430826,2025-09-08 13:22:18,4868.86,paid
9574377,334270,2025-11-20 19:17:36,2701.47,paid
7738675,600507,2025-09-08 10:52:44,412.13,paid
1450463,283866,2025-04-08 08:27:45,3303.61,paid
7663928,284686,2025-05-22 08:57:07,45.93,paid
8143424,479493,2025-02-11 19:31:23,107.45,paid
3529832,427620,2025-08-03 14:11:30,718.02,paid
9418436,409157,2025-10-30 22:00:12,60.92,paid
6187859,590704,2025-05-31 16:41:27,562.9,void
6307344,713834,2025-05-25 13:48:55,50.38,paid
4293322,143529,2025-08-28 16:48:58,88.45,paid
1741185,634412,2025-04-12 11:38:34,4561.12,paid
8222973,876324,2025-07-01 17:05:03,1848.13,paid
9499411,216864,2025-10-21 17:28:22,22.92,paid
1942166,461906,2025-10-26 12:19:07,47.15,paid
6702253,790797,2025-05-08 20:12:30,25.17,paid
3507085,575346,2025-11-27 16:53:47,550.68,paid
3324948,863338,2025-06-15 01:59:42,462.24,paid
8936433,791336,2025-02-23 12:01:49,516.86,paid
2172101,140321,2025-03-24 07:21:14,419.68,paid
9284791,592265,2025-09-25 15:05:26,64.62,paid
265043,179049,2025-08-13 08:29:55,361.7,paid
2992783,662747,2025-09-17 14:02:24,18100.65,paid
7783021,563394,2025-12-14 00:07:40,782.93,uncollectible
4853247,717660,2025-12-16 08:42:48,85.87,open
6814661,537253,2025-08-27 13:44:04,36.13,paid
365783,859443,2025-03-12 12:53:16,18403.63,paid
7214206,376354,2025-05-14 16:35:32,78.15,paid
8004538,197488,2025-04-13 13:30:24,402.31,paid
4150412,842629,2025-01-20 15:41:29,457.42,paid
8214959,741178,2025-05-12 14:26:39,431.83,paid
9222449,346678,2025-05-12 23:41:02,413.99,paid
9143562,772957,2025-09-05 18:20:20,530.67,paid
2009794,498584,2025-04-08 09:33:47,74.52,paid
7561029,457960,2025-07-11 20:56:08,39.88,paid
5736549,202107,2025-12-10 16:49:58,723.67,paid
7507390,740262,2025-04-22 17:07:09,58.78,void
6701911,516677,2025-08-29 10:29:56,230.62,paid
7239971,826663,2025-12-28 17:58:41,2562.23,paid
113563,775696,2025-08-09 09:35:57,57.87,paid
3245553,133440,2025-02-15 14:30:15,89.09,paid
9055734,824578,2025-08-21 07:28:44,640.6,paid
9795126,901636,2025-08-13 13:12:56,422.1,paid
6318659,588070,2025-10-14 12:32:04,285.17,paid
221320,371884,2025-04-21 08:18:38,69.88,paid
2561737,158251,2025-07-31 12:11:53,683.69,paid
6802333,989345,2025-09-04 11:24:18,158.04,paid
6658304,911267,2025-12-06 17:21:51,2806.9,paid
1675524,513477,2025-07-06 17:13:59,754.73,paid
8322941,647019,2025-03-26 09:17:39,827.87,paid
1245826,302066,2025-06-03 13:44:21,78.91,paid
2050411,487099,2025-03-12 14:44:45,35.22,paid
1612236,425690,2025-08-14 18:22:28,34.07,paid
55051,744158,2025-02-01 15:11:39,1139.6,open
6446298,838808,2025-03-19 07:56:23,705.6,paid
5131145,256231,2025-08-05 06:25:00,842.22,paid
4326114,318214,2025-05-11 19:44:44,67.42,paid
5792489,318147,2025-10-15 10:27:17,34.9,paid
4694200,317879,2025-07-06 09:21:08,60.25,paid
1987195,540498,2025-05-29 06:21:31,658.03,paid
4518323,376850,2025-03-16 08:53:39,45.31,paid
3287805,565218,2025-05-11 16:57:39,2705.21,paid
6410862,943858,2025-07-21 08:47:14,483.34,void
5192486,586841,2025-10-15 07:42:07,218.3,open
4116087,452579,2025-06-03 07:58:33,102.23,paid
22639,734573,2025-04-15 06:02:04,584.05,paid
3392161,839782,2025-07-19 18:34:50,1858.33,paid
262814,470492,2025-03-14 00:48:45,865.78,paid
4572313,893484,2025-12-12 14:59:32,479.38,paid
664016,433844,2025-05-16 11:43:30,35.05,paid
7715228,301501,2025-07-17 05:35:43,741.94,paid
5487138,591806,2025-12-23 08:32:10,408.05,paid
9680681,228499,2025-05-02 19:49:10,37.8,paid
4914115,310019,2025-09-18 00:55:46,2415.09,paid
4189888,119663,2025-11-06 13:05:57,3578.45,paid
7293427,727732,2025-09-25 20:12:34,47.78,paid
491651,792694,2025-07-13 10:13:30,1083.96,paid
3423192,950543,2025-08-24 09:58:39,36.16,uncollectible
366110,995934,2025-09-10 07:05:24,340.29,paid
6411750,791336,2025-09-05 20:04:54,454.3,paid
1501016,891033,2025-11-09 14:56:17,116.84,paid
7745337,417940,2025-06-11 17:59:47,72.99,paid
3345543,661816,2025-01-29 19:37:17,353.24,paid
9530413,292435,2025-08-21 17:50:47,849.86,paid
5205952,356856,2025-12-16 09:25:12,77.23,void
9130883,875061,2025-09-11 17:06:05,117.82,paid
8404755,734926,2025-03-18 15:18:35,108.34,paid
2942188,395913,2025-06-30 19:46:24,369.19,paid
6947769,975689,2025-03-24 08:21:10,344.96,paid
5390761,262565,2025-09-26 08:21:52,583.71,paid
2841394,142978,2025-05-28 12:58:04,239.69,paid
1457661,359748,2025-06-12 07:13:45,561.58,paid
2719046,135223,2025-09-19 09:24:35,67.63,paid
8570235,759736,2025-08-03 10:25:14,523.71,paid
4272911,757684,2025-11-16 16:31:13,70.57,paid
5625572,968217,2025-11-28 10:06:35,83.99,paid
4853680,515718,2025-04-11 13:43:58,421.57,paid
7341065,255136,2025-05-26 16:43:28,96.22,paid
9588876,605260,2025-05-27 10:48:10,76.98,paid
9467334,775816,2025-07-20 09:35:06,51.12,paid
8783420,641547,2025-12-16 09:14:32,701.0,paid
600450,105131,2025-01-08 06:26:29,33.21,paid
8155529,790364,2025-07-22 15:58:07,178.47,open
7965643,705867,2025-10-20 08:32:14,4185.63,paid
9162259,754948,2025-06-25 06:26:40,2705.98,paid
1035091,466636,2025-05-19 12:29:32,123.31,paid
1547882,679023,2025-12-11 08:14:48,32.92,paid
7099234,704101,2025-12-07 09:39:49,693.31,paid
9090551,705867,2025-03-10 17:08:53,3792.43,paid
2757087,232421,2025-10-03 10:58:46,891.13,open
4119074,917868,2025-11-27 10:56:19,65.57,paid
2188809,326211,2025-07-31 14:06:21,740.01,paid
4307710,914996,2025-12-27 07:07:24,735.22,paid
6451228,869256,2025-03-06 11:51:50,68.31,void
6627102,241116,2025-02-17 14:49:07,49.4,paid
6824281,824578,2025-10-02 04:02:41,665.79,paid
22813,791209,2025-05-10 00:16:31,87.45,uncollectible
8363093,399159,2025-06-30 09:28:05,193.14,paid
3869517,686117,2025-11-04 11:17:19,88.39,paid
9508608,810060,2025-07-21 19:21:19,48.33,paid
9581728,386921,2025-04-20 11:42:31,2521.77,paid
3628110,172596,2025-06-08 07:19:50,271.11,paid
7274243,794431,2025-03-03 17:13:03,444.19,paid
3230223,295334,2025-07-06 08:53:07,491.97,open
7800110,866791,2025-01-16 15:51:47,39.9,paid
6683813,580435,2025-02-26 07:00:40,566.25,paid
9868282,985138,2025-11-12 17:14:23,2126.57,paid
7186321,516809,2025-02-03 16:10:48,575.52,paid
3186683,171084,2025-02-23 15:30:13,872.42,paid
1400029,765110,2025-06-28 05:21:55,34.23,paid
3780153,930786,2025-05-17 15:31:08,562.38,open
7384856,283866,2025-11-12 08:29:15,2958.6,paid
5397785,383347,2025-05-23 08:03:09,89.09,paid
6979369,148986,2025-01-05 10:34:44,172.57,paid
2945626,249013,2025-03-12 13:54:53,4879.35,paid
5730373,863338,2025-06-14 16:12:45,388.74,paid
4164761,359178,2025-08-07 08:20:55,468.41,paid
9702495,298901,2025-11-02 16:24:04,63.92,paid
7303611,482349,2025-01-03 13:22:27,88.34,paid
1398284,383211,2025-02-16 13:30:24,887.3,paid
8522202,221718,2025-07-28 01:36:23,52.51,paid
8774965,636784,2025-06-23 14:54:39,424.74,paid
9484660,247268,2025-02-04 14:47:11,501.09,paid
5341536,352867,2025-04-29 13:10:06,760.4,paid
7284320,383348,2025-08-11 22:19:11,159.8,paid
9063066,150235,2025-02-28 06:26:03,44.88,paid
4532260,531301,2025-12-30 10:29:04,32.14,paid
8926295,543184,2025-01-15 14:19:52,44.16,paid
3269204,916616,2025-04-27 10:26:54,1187.5,paid
1803347,646309,2025-05-22 20:14:38,380.81,paid
1641422,848451,2025-04-20 10:53:33,563.52,paid
9458,713866,2025-10-19 16:54:34,787.6,paid
8661536,918643,2025-03-17 17:25:50,633.02,paid
4110497,729499,2025-08-05 07:03:08,403.88,paid
8268975,343808,2025-07-25 11:14:59,70.59,paid
7591782,301453,2025-08-25 09:02:07,56.6,open
1381070,992229,2025-03-07 06:00:56,2656.96,paid
7483215,911267,2025-09-28 16:09:15,2880.17,open
7779306,668250,2025-07-24 15:07:49,4352.5,paid
8253493,599218,2025-07-25 09:47:03,5254.64,open
6143341,492337,2025-12-02 15:16:16,52.47,paid
6488570,627691,2025-06-02 06:00:16,4375.71,paid
911592,918212,2025-12-02 08:55:43,4572.75,paid
1762152,865183,2025-08-19 07:56:37,2880.98,paid
2739593,913140,2025-04-30 07:09:43,122.7,paid
4128449,470193,2025-12-10 14:25:11,72.2,paid
8130136,916037,2025-09-08 22:57:22,37.52,void
9480247,959623,2025-06-16 13:43:56,67.13,paid
5943357,409157,2025-09-25 11:11:08,58.59,paid
9614775,535256,2025-08-27 10:08:10,465.41,paid
4847555,621013,2025-09-25 11:52:58,32.73,paid
4967112,874742,2025-09-08 11:56:45,983.02,paid
4809666,473607,2025-03-28 06:02:37,37.09,paid
8980932,110840,2025-04-26 10:34:00,2745.01,uncollectible
8570894,209127,2025-12-01 09:43:17,2078.43,paid
4174997,807582,2025-12-06 16:06:24,329.65,paid
8894291,662747,2025-11-07 07:27:44,18711.13,paid
281571,966960,2025-11-20 08:44:29,717.22,paid
3546539,155872,2025-09-24 11:53:10,672.87,paid
8380385,218565,2025-05-07 14:13:59,51.18,paid
154448,761986,2025-06-04 15:18:34,3663.34,paid
3639701,520785,2025-04-16 07:57:07,37.57,paid
5779614,726509,2025-02-15 07:56:07,83.33,paid
5584318,346678,2025-05-12 21:43:40,390.52,paid
5776641,400628,2025-01-26 05:58:12,37.7,paid
2443485,217404,2025-04-29 16:25:25,44.61,paid
4229133,794431,2025-06-19 13:25:56,456.7,open
5058566,236797,2025-04-12 03:37:52,44.48,paid
4960633,383347,2025-04-19 09:47:27,74.79,paid
1394964,246475,2025-06-12 16:13:06,85.99,paid
9750686,421775,2025-04-23 07:13:43,25.12,paid
6398440,557985,2025-05-20 13:23:30,48.37,paid
5445758,427620,2025-08-27 14:38:00,695.38,paid
5195299,869256,2025-05-30 14:24:33,66.98,paid
8090201,650852,2025-01-18 16:54:48,37.93,paid
180995,194570,2025-04-17 13:18:25,36.46,paid
5594266,731867,2025-09-24 17:48:56,759.16,paid
740451,810060,2025-01-07 16:03:20,47.48,open
5717389,359105,2025-01-14 12:53:40,720.26,paid
4096261,558167,2025-12-19 14:31:11,1513.52,paid
472901,143529,2025-03-21 07:26:37,81.45,paid
504243,543184,2025-10-11 10:09:48,47.41,paid
9915976,558269,2025-10-04 06:09:41,16369.38,paid
3518614,175177,2025-03-15 18:33:26,36.66,paid
4658782,103319,2025-12-03 03:06:59,88.19,paid
7612393,890103,2025-11-02 13:28:19,106.57,open
5001729,280606,2025-09-22 11:07:38,37.18,paid
2566132,116626,2025-05-26 16:02:26,3591.23,open
3894945,228499,2025-05-01 06:52:57,36.75,paid
5422971,358134,2025-11-10 12:03:42,943.54,paid
1135351,695829,2025-03-24 08:23:56,50.59,paid
7736421,133243,2025-09-22 01:14:49,22.96,paid
2394057,170417,2025-07-27 07:01:18,838.31,paid
5691633,535256,2025-07-15 10:48:24,484.54,uncollectible
7753426,725268,2025-01-03 09:39:21,238.29,paid
3510620,631003,2025-06-30 08:02:44,336.33,void
4873969,302066,2025-07-09 16:20:37,83.61,paid
3397089,252079,2025-12-23 18:04:05,75.85,paid
7686778,291773,2025-02-10 13:08:53,76.79,paid
8946884,775816,2025-10-22 09:11:14,47.39,paid
9375250,893855,2025-04-26 07:06:48,36.77,paid
3978359,876324,2025-12-10 10:37:03,2038.21,paid
406613,380284,2025-11-21 16:10:58,4753.19,paid
4078557,995934,2025-07-22 14:49:47,347.67,paid
2526307,249442,2025-12-29 15:25:14,3618.12,paid
260019,517368,2025-04-26 13:43:23,5002.13,paid
8268742,919065,2025-07-25 10:49:07,613.39,paid
4697358,836507,2025-10-02 14:37:53,113.38,paid
7864326,700790,2025-12-02 10:42:51,45.28,paid
4515813,725268,2025-01-21 15:47:34,264.51,paid
969579,301453,2025-05-05 20:12:18,56.0,open
9563950,116626,2025-09-26 13:48:06,4097.95,open
1809185,211818,2025-03-15 10:56:24,869.75,void
8755696,800274,2025-03-09 13:30:53,597.19,paid
8877703,165039,2025-07-21 08:33:47,3642.72,paid
5139520,668059,2025-04-10 14:36:40,64.69,paid
1458139,519899,2025-03-02 10:46:28,34.66,paid
6000765,513019,2025-12-13 11:00:09,234.96,paid
529479,336143,2025-05-09 10:19:39,24.21,paid
6590103,624691,2025-07-29 09:04:54,702.24,paid
2957238,749734,2025-08-25 15:14:21,61.38,paid
3551900,136425,2025-03-08 15:48:37,47.47,paid
3390411,627691,2025-07-11 13:48:50,4129.67,paid
7529379,551362,2025-08-02 21:02:04,768.02,paid
8289745,736270,2025-01-28 07:45:44,4946.85,paid
7736787,912127,2025-12-17 07:12:07,1719.98,paid
5119750,563394,2025-09-20 10:26:18,960.98,paid
9851354,975101,2025-12-14 15:50:16,57.97,paid
7738194,412093,2025-04-15 15:48:01,32.52,open
274254,757526,2025-01-11 20:39:55,47.48,paid
1193903,304212,2025-12-18 07:54:50,84.33,paid
3752306,176590,2025-07-22 13:19:39,36.77,paid
8813579,691462,2025-03-21 16:26:34,110.25,paid
8491214,772806,2025-10-20 09:22:50,80.06,paid
1960349,309198,2025-10-17 07:39:27,36.08,paid
8062044,675863,2025-06-16 12:23:21,513.09,paid
2416860,177341,2025-05-01 11:55:49,121.7,paid
4380670,600806,2025-07-18 10:47:03,74.74,paid
9606922,486520,2025-08-13 08:51:26,37.46,paid
9509181,999282,2025-07-04 23:35:48,35.83,paid
6117201,412468,2025-02-04 16:41:22,50.16,paid
2375579,874742,2025-08-25 05:02:38,1005.09,paid
7744435,479242,2025-08-28 19:09:09,249.17,paid
9459972,919974,2025-08-29 16:09:34,2889.42,paid
6651723,479650,2025-06-11 12:51:40,72.32,paid
8798089,250089,2025-08-05 07:35:17,36.76,paid
7041343,245218,2025-10-21 14:23:18,1526.17,paid
7706018,772806,2025-01-16 13:33:05,82.42,paid
4316398,617749,2025-05-29 15:24:32,77.9,open
2337923,379292,2025-09-09 12:47:00,3082.37,paid
7535138,424994,2025-08-27 21:07:24,3155.32,paid
6746588,877896,2025-06-21 15:23:57,72.85,paid
4710329,256035,2025-04-04 14:42:01,36.01,paid
1630236,105131,2025-02-13 06:07:58,35.69,paid
19850,613197,2025-01-13 13:25:08,902.78,open
7973081,225448,2025-08-25 09:35:21,3485.31,paid
7948123,553898,2025-10-23 05:54:31,90.69,paid
7357126,154252,2025-12-05 10:19:26,25.35,open
1545497,809176,2025-07-22 05:02:00,661.47,paid
2767507,566579,2025-05-07 15:21:11,2140.46,paid
1619939,112651,2025-06-16 21:37:43,33.14,paid
5316712,822380,2025-09-13 16:42:43,271.5,paid
9433740,985138,2025-12-16 07:13:02,1857.14,paid
5199725,583252,2025-10-01 19:12:28,472.04,paid
71104,749734,2025-03-19 00:38:58,55.44,paid
6586416,872833,2025-12-23 12:17:50,31.97,paid
2942166,189580,2025-02-08 21:53:32,101.98,paid
6813643,662390,2025-04-19 10:19:53,139.46,paid
6037459,179746,2025-09-19 20:40:59,34.96,paid
6325974,714944,2025-08-04 13:21:41,818.41,open
9241724,302271,2025-03-21 09:44:02,4589.23,paid
4448079,209680,2025-04-30 08:25:57,30.64,paid
4526011,662747,2025-01-27 07:36:40,18657.95,paid
19660,479493,2025-04-30 09:05:34,106.82,open
2844046,615864,2025-08-23 15:01:27,541.53,paid
2801895,122331,2025-08-12 16:10:38,42.98,paid
6230232,563161,2025-08-20 20:41:15,652.9,paid
3172554,631589,2025-06-29 11:02:59,509.13,paid
8759672,304113,2025-01-01 07:54:49,418.4,paid
9892019,629748,2025-01-07 10:00:06,90.16,paid
7112358,244780,2025-01-18 12:01:46,6129.69,paid
193149,765110,2025-08-17 08:58:14,35.05,paid
385474,807582,2025-03-10 12:45:43,317.38,open
1814944,692089,2025-07-11 12:05:09,727.46,paid
8116006,732615,2025-07-17 07:46:45,52.76,paid
9625848,839782,2025-08-22 08:04:57,1797.66,paid
9455733,105131,2025-10-16 11:22:13,35.28,paid
7560690,692735,2025-09-17 09:33:18,86.52,paid
7600230,775696,2025-09-22 04:08:33,65.48,paid
1173621,106212,2025-10-17 16:58:32,2894.22,paid
9926068,133896,2025-11-01 12:05:34,2680.37,paid
707223,603274,2025-01-29 12:59:17,36.14,paid
4893548,642899,2025-06-04 08:23:18,76.12,paid
3851137,170902,2025-02-09 16:50:55,33.98,paid
2736761,662010,2025-09-21 15:31:53,49.41,paid
9406902,647876,2025-01-11 13:44:39,269.54,paid
9608145,902347,2025-01-20 13:45:38,3276.32,paid
9840751,363319,2025-09-05 10:05:59,38.14,paid
9503216,172478,2025-09-14 19:35:02,486.29,paid
1627759,572896,2025-08-14 13:50:17,46.18,paid
3820700,727242,2025-11-17 07:56:26,106.0,paid
9197773,662010,2025-09-22 15:58:56,45.98,paid
4100437,333840,2025-05-22 04:45:16,2901.03,paid
4612137,921303,2025-02-08 14:47:22,610.76,paid
1642334,544253,2025-05-21 23:57:57,143.54,paid
1056139,685576,2025-07-21 04:52:51,265.44,paid
627969,679810,2025-03-20 07:09:21,579.27,uncollectible
252355,254564,2025-06-21 09:16:32,4369.76,paid
4071741,449270,2025-07-09 13:22:42,88.51,paid
772248,695829,2025-09-05 13:16:09,45.83,paid
8255208,959623,2025-10-29 15:02:46,74.37,paid
8901346,810858,2025-07-03 11:02:38,276.64,paid
4077364,603307,2025-03-11 17:00:14,38.98,paid
305742,301631,2025-09-21 12:57:47,444.85,uncollectible
6367970,649261,2025-08-13 08:55:42,590.66,paid
7910726,779156,2025-09-05 10:57:45,529.35,paid
3946013,358468,2025-07-06 10:21:56,392.39,paid
4842273,790797,2025-08-07 16:25:27,24.09,paid
3521959,481953,2025-10-02 13:16:41,7021.51,paid
5523651,558918,2025-08-22 13:15:01,920.39,paid
9188167,742518,2025-11-01 13:25:46,779.28,paid
877319,511879,2025-05-20 18:25:33,604.88,paid
4693191,321951,2025-11-13 17:32:52,37.75,paid
4863035,201370,2025-01-25 07:25:22,1008.12,paid
3693174,301959,2025-08-19 10:04:50,904.78,paid
6444907,253647,2025-12-26 09:27:39,55.75,paid
6509794,104172,2025-07-31 12:04:23,21.82,paid
6107640,943858,2025-05-07 14:59:41,505.59,paid
2462345,209680,2025-10-12 16:50:27,33.98,paid
3365297,189189,2025-05-28 06:19:47,392.31,paid
8595295,314260,2025-07-10 10:01:23,2217.89,paid
1407,676614,2025-07-17 04:51:15,411.78,paid
9009456,862941,2025-05-22 17:16:53,431.06,paid
8936080,779884,2025-08-28 07:28:40,4663.71,paid
7101835,114026,2025-06-23 19:57:39,86.84,open
167924,914996,2025-02-27 12:13:48,708.36,paid
3281259,676614,2025-07-16 15:43:54,385.1,paid
2045523,629593,2025-06-05 09:27:05,2463.76,paid
7221225,284692,2025-07-08 13:05:24,973.05,paid
699638,278618,2025-02-10 11:20:41,547.88,paid
2970324,278077,2025-02-23 16:57:13,235.81,paid
7981101,278870,2025-10-17 13:02:20,45.32,paid
2716413,349634,2025-06-15 12:01:48,3787.58,paid
2486682,271695,2025-05-04 07:28:03,48.63,paid
2794000,832722,2025-07-07 12:05:55,1648.04,open
2946926,629593,2025-08-02 17:56:27,2477.29,paid
8025090,481016,2025-09-26 07:32:22,753.89,paid
3803642,175177,2025-04-05 16:07:07,35.55,paid
6289033,919775,2025-09-17 13:00:31,600.24,paid
2595459,292475,2025-02-10 19:49:38,2195.65,paid
1265715,634053,2025-09-03 06:26:33,2546.01,paid
9741025,822504,2025-09-03 14:19:12,592.58,paid
5402015,470193,2025-03-12 20:41:11,68.59,paid
7158262,751207,2025-04-06 15:34:55,47.31,paid
9235768,685576,2025-07-27 07:34:36,283.98,paid
9264415,132627,2025-04-11 14:05:10,59.27,paid
1315414,174010,2025-06-29 14:24:36,96.47,paid
7301769,574882,2025-04-19 10:36:36,69.63,paid
134954,909740,2025-08-19 19:31:44,229.78,paid
5138678,345589,2025-11-20 14:21:03,828.69,paid
6713790,209357,2025-09-09 21:00:21,35.52,paid
6506820,309198,2025-08-01 17:45:54,34.84,paid
1551825,155975,2025-09-13 16:34:46,856.47,paid
659321,590704,2025-04-12 10:03:41,569.87,paid
200580,373043,2025-04-25 15:38:17,34.89,paid
5471036,641547,2025-02-09 10:26:48,775.43,uncollectible
9061799,697314,2025-03-02 18:00:48,400.81,paid
4621156,393362,2025-05-09 11:12:41,598.56,paid
5052506,989345,2025-07-16 13:37:03,163.23,paid
7962457,586292,2025-09-08 18:03:22,35.37,paid
3381607,248669,2025-02-23 17:26:59,106.59,paid
1186610,301735,2025-08-21 10:56:18,35.3,paid
1274099,352867,2025-12-03 16:18:06,793.16,paid
5515360,491257,2025-10-29 12:03:16,689.67,paid
6758267,491474,2025-05-03 00:53:55,2541.98,paid
9447645,143122,2025-09-10 04:34:11,33.01,paid
6243600,452579,2025-03-03 09:46:06,95.32,paid
3287891,841724,2025-09-08 11:48:49,3130.0,void
1494695,679023,2025-05-21 15:04:59,34.6,paid
1031635,610566,2025-11-21 11:54:00,335.8,paid
2240665,893484,2025-07-11 14:06:07,450.32,paid
9763057,217404,2025-03-01 18:12:07,49.59,paid
4184869,544215,2025-05-30 15:10:03,592.68,paid
7552557,460814,2025-10-10 19:57:11,34.97,paid
2372478,269978,2025-07-20 08:03:51,520.78,paid
9849553,320794,2025-07-06 07:29:06,61.69,paid
2217939,596031,2025-08-20 12:53:37,301.32,paid
9235423,225784,2025-03-24 17:29:16,4898.24,paid
3422554,757620,2025-02-18 13:00:24,17440.4,paid
2124876,662010,2025-04-25 06:33:23,44.35,paid
3889228,979522,2025-10-04 08:53:03,65.91,paid
8436351,271695,2025-12-22 14:22:43,45.21,open
1878949,315118,2025-02-16 17:39:11,3201.16,paid
8987572,375756,2025-01-02 05:10:06,643.35,paid
2852197,865765,2025-09-26 13:45:45,126.03,paid
8445616,194570,2025-01-14 16:39:20,36.9,paid
3689676,919775,2025-07-11 12:29:51,568.66,paid
7211595,769395,2025-10-13 20:45:11,72.41,paid
1273519,572896,2025-05-08 10:48:02,49.58,paid
8106025,792694,2025-04-23 14:37:54,1122.89,paid
3149700,604851,2025-08-20 18:52:57,32.56,void
2257610,147475,2025-05-25 11:08:49,37.59,void
405469,827874,2025-09-24 15:08:30,60.13,paid
9036699,928274,2025-02-05 13:30:53,454.65,paid
7104311,301920,2025-11-13 17:25:05,36.36,paid
678016,950543,2025-03-15 10:09:36,35.59,paid
8281240,603307,2025-11-30 11:26:05,38.86,paid
1314621,157411,2025-06-13 10:09:39,4871.51,open
4546594,790366,2025-12-21 11:19:10,34.3,paid
3970674,262565,2025-07-30 06:59:53,555.55,paid
5794007,147538,2025-11-16 13:05:41,59.91,paid
2579864,177341,2025-11-19 16:27:53,117.14,paid
280384,591806,2025-03-18 09:36:23,450.62,paid
2263224,618152,2025-08-29 15:43:17,1534.33,paid
9500518,875061,2025-11-10 15:25:15,105.59,paid
3183593,269785,2025-07-29 08:16:32,704.52,paid
9587604,931016,2025-02-24 05:50:38,264.09,paid
6719074,531301,2025-08-25 08:51:26,39.11,paid
2314060,988431,2025-12-05 05:34:31,28.58,void
5144996,650871,2025-01-21 10:43:37,515.57,paid
4746875,883487,2025-09-16 09:17:03,84.56,paid
4765246,597746,2025-05-13 11:19:19,69.38,paid
7370130,394508,2025-01-20 12:07:23,34.09,paid
9561270,956011,2025-03-29 17:19:23,401.93,paid
3612179,862941,2025-03-21 09:41:45,407.98,paid
6713439,358368,2025-02-10 10:00:15,50.44,paid
2625049,644920,2025-09-02 13:13:59,581.28,paid
1777618,550131,2025-08-20 22:44:51,873.06,void
1227659,216490,2025-02-20 09:53:21,36.58,paid
4742959,870010,2025-06-19 12:13:43,292.92,open
8497335,571416,2025-03-30 15:32:18,200.01,paid
6731753,488457,2025-05-03 03:32:23,79.1,paid
8620132,425690,2025-08-12 13:38:29,40.23,paid
4201508,812313,2025-11-20 08:49:34,91.14,paid
1470045,600774,2025-09-25 08:55:27,3059.01,paid
3210762,810060,2025-11-14 08:46:17,45.0,paid
1386990,561350,2025-04-05 09:19:07,481.48,paid
703676,739777,2025-03-01 15:19:20,1273.88,paid
2610551,908690,2025-03-13 20:30:26,868.48,void
6494943,624691,2025-04-23 14:15:56,769.99,paid
9851248,260444,2025-06-06 17:01:06,839.23,paid
778670,504080,2025-10-07 16:26:47,72.56,paid
7068016,156588,2025-03-29 10:50:41,337.94,paid
1313672,790364,2025-08-26 09:03:59,193.07,paid
4446231,225784,2025-07-02 11:00:20,4844.09,paid
807504,277459,2025-11-23 11:29:41,130.28,paid
7595902,549442,2025-07-28 19:16:34,3799.83,paid
6633904,368540,2025-10-30 16:29:16,77.97,paid
9408214,574882,2025-12-20 06:47:34,63.93,paid
1326495,318162,2025-02-09 21:26:38,223.61,paid
903616,942304,2025-05-21 21:38:46,5106.37,paid
7577875,102347,2025-03-03 14:07:24,633.16,open
2631401,662010,2025-07-05 12:34:34,49.94,paid
6125537,975237,2025-04-23 15:53:25,445.65,paid
1535098,488457,2025-06-24 10:22:28,63.18,paid
3319306,253647,2025-01-05 15:51:03,59.82,paid
5517193,182129,2025-09-20 07:34:28,481.44,paid
1695619,139506,2025-06-23 15:48:50,49.49,open
9091800,540498,2025-10-12 06:50:12,679.31,paid
5543154,269978,2025-03-10 08:36:08,495.07,paid
4375228,865573,2025-06-16 12:43:11,104.24,paid
5198030,870271,2025-01-05 06:39:56,64.33,void
7263882,260951,2025-05-07 13:34:50,3140.42,paid
5471433,298048,2025-03-07 09:47:40,56.88,paid
8942496,733368,2025-10-24 14:04:02,43.86,paid
4958196,563161,2025-02-08 10:03:39,617.4,paid
3712107,761571,2025-12-24 12:07:07,69.16,paid
1322566,549691,2025-05-03 09:03:06,572.93,paid
2269304,572896,2025-12-10 04:07:39,47.07,paid
6584960,412644,2025-06-25 09:25:36,59.6,paid
6816589,435506,2025-01-04 16:15:01,439.19,paid
9740102,234922,2025-09-25 23:32:10,2810.65,paid
7181931,271313,2025-06-16 10:31:53,1011.74,paid
9644702,537263,2025-09-26 01:44:20,737.76,paid
712542,142057,2025-03-12 08:10:52,386.81,paid
2539661,170417,2025-09-06 16:36:59,847.38,uncollectible
1110876,575346,2025-08-17 02:39:02,533.02,paid
5853169,376354,2025-01-09 12:44:10,84.2,paid
6358343,301410,2025-05-17 07:58:27,229.32,paid
6888269,692089,2025-07-11 13:39:07,814.49,void
7210735,504080,2025-10-11 11:16:49,76.55,paid
2355537,577783,2025-05-06 16:29:49,766.46,paid
9028043,505397,2025-06-27 15:33:05,122.95,paid
3380566,735377,2025-05-25 15:23:25,22.75,paid
1635512,841724,2025-06-19 14:59:25,2948.91,uncollectible
1559800,692735,2025-06-22 12:58:13,86.47,paid
8881502,940445,2025-05-26 17:03:55,147.17,paid
4949822,990741,2025-11-16 18:44:31,60.81,paid
8680011,645195,2025-06-04 16:05:28,36.23,paid
7135039,642899,2025-11-08 07:20:21,73.77,paid
9540513,491257,2025-12-17 18:33:16,732.63,paid
2918291,685200,2025-10-01 18:15:02,522.72,paid
5820451,929449,2025-08-30 17:41:02,926.28,paid
5983970,723271,2025-08-21 02:28:02,588.01,paid
8675420,486582,2025-03-31 06:01:51,74.65,paid
5080735,814957,2025-09-19 17:20:04,461.54,paid
5807610,565218,2025-01-16 17:51:41,2848.64,paid
8723850,437273,2025-07-01 07:31:16,34.09,paid
9305282,269054,2025-06-11 18:36:07,92.98,paid
7544834,553898,2025-11-11 14:31:29,86.83,paid
9949267,583252,2025-06-06 07:53:36,468.69,paid
4546757,304212,2025-09-02 08:39:30,88.4,paid
9202549,332026,2025-07-20 14:48:57,34.81,open
7112801,911267,2025-06-02 18:27:54,2590.03,open
7890432,540115,2025-04-07 10:48:54,998.34,paid
9213214,304962,2025-08-31 10:22:43,5108.33,paid
8879834,975237,2025-11-17 12:37:35,456.41,paid
6749711,775589,2025-04-01 10:41:51,835.97,paid
6795270,284939,2025-03-07 09:26:19,67.49,paid
4361591,678569,2025-04-13 14:02:50,820.39,paid
2168826,740262,2025-12-08 10:03:59,56.33,paid
3072113,216530,2025-07-21 04:03:26,85.22,paid
2865728,505710,2025-12-13 19:08:21,448.73,paid
2497325,841724,2025-08-12 07:13:38,2773.45,paid
2828073,333795,2025-12-07 13:36:52,630.83,paid
2470163,973361,2025-01-16 12:59:17,339.45,paid
5903809,943223,2025-05-12 07:58:32,410.63,paid
663494,618509,2025-12-24 11:31:46,592.73,paid
9830463,428057,2025-08-02 20:23:10,50.3,paid
9291951,170417,2025-12-10 17:33:36,908.32,paid
3028568,732615,2025-10-28 16:44:09,42.74,paid
2438936,102347,2025-03-03 04:32:50,655.04,paid
8764535,593883,2025-07-16 10:35:51,33.65,paid
2080479,347163,2025-02-19 14:05:46,299.62,void
4220965,428057,2025-08-02 19:19:12,45.09,paid
178870,714944,2025-04-22 18:18:44,726.78,paid
6191121,649261,2025-01-11 10:42:15,512.88,paid
7700361,358468,2025-03-05 06:51:30,368.26,paid
7903946,211058,2025-09-15 15:37:42,482.77,paid
3906229,263501,2025-06-01 16:32:36,47.64,paid
8755614,254564,2025-10-13 07:30:46,4468.01,paid
7243943,676603,2025-08-19 15:00:55,261.94,paid
3428335,435261,2025-09-11 10:12:22,932.64,paid
264328,617749,2025-12-30 14:05:10,84.59,uncollectible
6030524,749288,2025-10-12 08:01:18,1803.7,paid
184707,797764,2025-08-24 09:23:39,99.21,paid
8337583,315175,2025-02-27 19:45:53,58.03,paid
6968256,341901,2025-04-27 10:57:51,73.13,paid
8006925,115359,2025-02-19 16:21:37,38.12,paid
8697233,182564,2025-09-22 16:05:16,58.77,paid
8669928,731867,2025-12-28 10:07:33,776.83,paid
1689463,822504,2025-04-23 11:38:28,721.45,paid
229903,105131,2025-05-14 14:22:04,37.78,paid
605123,731867,2025-06-25 11:36:36,829.67,paid
7392740,557608,2025-08-13 09:50:21,702.26,paid
8248204,959623,2025-07-07 17:21:37,78.21,paid
3642517,729499,2025-05-03 15:40:44,375.71,paid
3134743,284692,2025-08-19 09:26:49,908.74,paid
4330984,336143,2025-06-24 09:18:41,25.05,paid
2749219,969783,2025-08-15 23:17:04,563.55,paid
7147905,182129,2025-09-24 15:35:40,425.03,paid
3825249,189198,2025-12-06 07:29:34,11.99,paid
6458496,818984,2025-10-15 12:57:43,1934.06,paid
2804424,952105,2025-07-04 12:48:21,612.51,paid
4168367,876153,2025-05-09 17:34:18,61.68,paid
2019865,620640,2025-12-01 12:25:30,498.81,paid
9626701,556479,2025-04-23 07:39:05,64.88,paid
3960432,359748,2025-11-08 20:46:46,559.94,paid
4746207,149920,2025-05-07 16:19:14,54.84,open
6329971,301453,2025-05-06 03:38:18,61.66,paid
5516847,694103,2025-10-01 23:27:17,35.38,paid
5548497,269054,2025-03-01 13:01:52,79.8,paid
9787869,364714,2025-05-21 07:42:44,98.98,paid
6784192,186866,2025-06-12 10:14:29,399.87,paid
229784,671372,2025-11-04 08:43:57,76.48,paid
6684256,304113,2025-09-03 13:51:10,473.94,paid
4406527,620725,2025-05-28 14:04:46,47.71,paid
759067,228280,2025-11-11 10:16:18,606.69,paid
3754594,775527,2025-12-01 08:12:49,2357.91,paid
5604256,734926,2025-04-16 11:17:50,116.12,paid
8665158,208561,2025-07-07 17:56:38,101.02,paid
8983065,370589,2025-12-12 10:12:38,642.17,paid
1545023,637831,2025-09-01 12:54:57,376.7,open
6812131,768193,2025-12-29 10:43:34,716.77,paid
3858241,326211,2025-10-20 14:29:40,723.22,paid
8343524,817805,2025-12-09 09:35:36,527.95,paid
7182494,181128,2025-11-26 15:20:57,571.16,paid
9755831,390602,2025-05-22 16:27:05,458.09,paid
3093263,672009,2025-01-17 18:17:03,1211.13,paid
7785812,141134,2025-07-08 14:40:56,69.6,paid
1499312,564516,2025-03-22 14:07:32,663.77,open
3386706,437273,2025-12-24 08:44:09,36.05,open
3115721,917868,2025-09-23 14:55:52,75.28,open
6790319,372540,2025-11-06 17:31:59,1764.39,open
9867187,975689,2025-12-14 13:56:02,376.64,void
855206,865573,2025-10-10 16:10:07,106.05,paid
5682540,414766,2025-07-31 15:38:22,64.27,paid
6595792,263552,2025-05-17 10:44:10,33.6,paid
202326,558167,2025-12-25 12:25:32,1665.37,paid
9555149,136425,2025-02-03 08:21:25,50.63,paid
3346470,289993,2025-04-30 12:22:00,574.43,paid
8455763,626850,2025-03-06 07:14:52,73.27,paid
6413331,203951,2025-08-25 14:04:41,495.37,paid
2447931,943858,2025-09-02 01:55:28,461.35,paid
3404293,278077,2025-09-26 10:56:23,238.46,paid
89929,691620,2025-03-10 13:29:05,41.03,paid
4272170,644920,2025-04-20 16:15:42,579.32,paid
5830994,753247,2025-03-06 16:30:06,793.81,paid
6000342,245218,2025-09-17 20:54:36,1564.67,paid
1592783,333840,2025-05-23 17:24:43,3637.82,paid
3641762,633095,2025-11-09 17:54:50,1351.39,paid
6560814,662747,2025-05-14 13:23:14,16726.62,paid
9437212,593883,2025-07-08 14:49:57,34.52,paid
8742611,196472,2025-11-17 18:33:53,557.37,paid
2027608,993977,2025-10-20 14:09:54,45.22,paid
6824703,943223,2025-05-15 18:22:58,397.32,paid
9277508,200323,2025-11-18 12:21:28,135.28,void
2979030,177341,2025-08-22 15:32:29,122.97,void
6241070,256019,2025-02-15 17:39:20,670.58,paid
2347211,757620,2025-10-09 12:05:12,15260.58,paid
65802,890103,2025-01-16 13:50:32,104.24,paid
7571267,950959,2025-08-31 02:01:07,1151.31,paid
7582342,597592,2025-04-22 21:52:11,395.39,paid
6033243,112414,2025-03-06 16:09:03,41.36,paid
7339064,634053,2025-12-29 08:53:18,2553.0,paid
6603980,695658,2025-04-23 10:28:04,223.43,paid
6989013,333840,2025-08-10 11:37:08,3570.45,paid
3814445,550131,2025-02-20 12:54:58,895.11,paid
618507,512181,2025-08-12 15:46:00,497.54,paid
1334306,148986,2025-10-04 09:40:41,168.39,paid
2763364,824578,2025-07-30 11:12:35,595.12,paid
3101057,911267,2025-06-02 11:29:00,2637.12,paid
1393470,954668,2025-11-25 09:53:09,394.5,paid
5263041,245270,2025-12-23 13:54:10,26.08,paid
3589383,189580,2025-04-22 09:44:28,114.52,paid
6682939,269054,2025-01-17 09:28:55,76.04,open
8865221,361379,2025-09-13 09:12:35,967.21,paid
3260284,433844,2025-01-15 09:50:03,35.73,paid
7848705,976274,2025-09-19 07:45:58,927.58,paid
1625059,198781,2025-04-18 11:02:51,88.58,paid
1680007,802565,2025-08-17 20:45:46,3438.76,paid
3470897,189580,2025-01-26 10:35:00,101.06,paid
9039548,398864,2025-09-23 09:34:47,579.87,paid
2789929,661816,2025-02-01 18:39:18,376.98,paid
7280906,973987,2025-10-15 10:34:17,23.94,paid
9420084,138819,2025-03-07 11:19:30,77.47,paid
7114783,211956,2025-08-20 17:23:43,317.62,paid
5606333,424962,2025-12-16 12:53:26,870.68,paid
8383736,961826,2025-04-05 18:19:23,71.01,open
8887286,117687,2025-05-10 07:18:25,12344.31,paid
2108656,661655,2025-08-08 08:00:58,58.79,paid
4967635,832087,2025-05-17 18:49:50,356.69,paid
492115,554320,2025-05-31 09:59:49,3423.65,paid
5206561,668250,2025-04-20 13:16:17,4197.31,paid
2256595,372540,2025-05-07 14:49:37,1625.58,paid
8778656,461906,2025-03-28 11:34:27,52.56,paid
9393410,331341,2025-09-11 08:57:13,51.4,paid
1462317,644920,2025-06-07 11:43:42,635.18,paid
8894227,135223,2025-08-01 17:12:28,68.78,paid
2671197,837734,2025-09-24 06:21:20,1258.35,paid
5676617,952105,2025-12-29 08:37:08,582.75,paid
6886829,579749,2025-09-23 14:05:54,58.96,paid
9821321,968217,2025-03-24 14:24:15,85.51,paid
7271864,805943,2025-11-04 11:44:35,50.51,paid
9160037,969635,2025-09-30 19:55:27,102.52,paid
8716726,491257,2025-04-15 18:25:51,669.49,paid
254602,343808,2025-03-28 07:58:27,70.07,paid
6136651,265989,2025-08-10 13:30:28,50.07,paid
7704529,334270,2025-10-22 09:42:22,2908.48,paid
6038319,399159,2025-06-17 16:34:12,203.0,paid
9062052,282217,2025-06-06 13:45:56,5591.07,paid
588970,713585,2025-08-23 18:50:44,77.16,paid
6954055,969635,2025-12-25 11:07:16,103.39,paid
6901179,600864,2025-10-18 11:05:23,55.88,paid
264244,149208,2025-01-20 09:09:24,48.23,uncollectible
6335884,605260,2025-03-05 08:10:51,69.48,paid
7999214,216067,2025-07-15 12:49:22,343.27,paid
7454988,509193,2025-05-27 10:58:32,3728.26,paid
8361152,495640,2025-06-19 07:41:52,89.35,paid
9695475,196541,2025-07-11 11:16:33,36.26,paid
9136405,634412,2025-06-28 14:46:50,3964.76,paid
2799721,339830,2025-06-10 15:00:13,2890.84,paid
1997274,684498,2025-06-30 08:40:07,1695.48,paid
5757208,315118,2025-06-14 08:41:39,3535.77,open
7550732,395913,2025-02-08 17:50:29,338.79,paid
2516522,382519,2025-02-14 13:54:18,141.44,paid
5745849,708315,2025-09-18 13:28:36,31.91,paid
5416821,656281,2025-05-31 01:03:00,235.77,paid
4660603,588070,2025-07-19 02:56:46,274.23,paid
2204964,888218,2025-11-20 19:35:17,49.43,paid
3969996,850797,2025-11-15 06:16:02,88.78,paid
8792477,236900,2025-08-29 14:53:28,374.97,paid
6411096,641328,2025-05-03 12:35:53,23.96,paid
5745867,815721,2025-04-23 09:56:13,38.16,paid
9388043,102347,2025-10-23 15:55:00,649.79,paid
9050517,692089,2025-09-07 20:08:40,696.21,paid
1898384,153452,2025-04-02 11:17:37,102.13,uncollectible
96385,232216,2025-07-04 02:17:33,34.5,paid
9332120,498799,2025-12-14 13:26:29,403.9,paid
324651,664752,2025-02-20 13:18:44,83.82,paid
644562,815996,2025-04-05 04:46:36,795.32,paid
5706678,980608,2025-05-27 10:21:31,256.06,paid
3439115,111936,2025-02-13 10:24:20,825.09,paid
8099762,732615,2025-10-08 16:30:39,51.37,paid
2276393,225784,2025-03-24 18:42:07,4954.02,paid
8918574,606408,2025-07-31 20:53:11,37.67,open
8195376,870271,2025-12-24 12:25:55,57.13,paid
8347996,543184,2025-12-07 15:27:22,46.19,void
1708672,918212,2025-12-26 10:34:03,4254.79,paid
782752,461906,2025-05-07 11:26:40,51.29,paid
9989359,313943,2025-07-09 17:20:32,989.76,paid
7178102,571416,2025-03-30 13:48:15,220.23,paid
3218394,841724,2025-03-24 16:01:42,3007.56,paid
5730421,679825,2025-05-28 10:06:58,3071.43,paid
9185709,349808,2025-11-17 10:03:51,438.37,paid
6050050,729499,2025-06-01 14:34:09,389.26,paid
7237768,237570,2025-11-28 13:02:07,288.28,paid
458526,650871,2025-05-04 13:31:55,439.77,paid
3420164,954668,2025-12-26 19:40:17,449.26,paid
6053011,196541,2025-07-08 13:00:36,34.03,paid
713125,772957,2025-06-11 14:00:50,596.7,open
7523713,912387,2025-08-30 14:49:45,46.0,paid
3191622,450199,2025-06-12 16:11:57,98.7,paid
9354700,201820,2025-07-09 20:23:46,3061.55,paid
3975535,179746,2025-07-20 19:30:08,39.87,paid
3906051,425690,2025-11-17 11:12:47,31.96,paid
5642100,968396,2025-07-15 14:30:23,68.91,paid
702428,597592,2025-08-10 16:13:28,385.13,paid
3944711,556047,2025-07-17 22:01:41,787.84,paid
3704558,684083,2025-07-13 04:09:21,46.67,paid
2755267,143529,2025-03-22 06:17:25,84.17,paid
223981,470193,2025-09-05 08:38:50,72.4,paid
9615942,624691,2025-09-08 17:39:00,733.01,paid
3424329,301631,2025-07-05 09:46:33,417.82,paid
9754070,662747,2025-06-18 09:02:18,15572.99,paid
3674245,847327,2025-02-07 09:08:46,884.53,paid
3567081,169258,2025-07-22 12:53:32,545.02,paid
939446,870377,2025-11-08 16:39:00,35.32,paid
7982913,171014,2025-10-31 11:40:45,36.17,open
3117002,995934,2025-05-18 23:02:23,334.26,paid
9261673,129289,2025-05-08 14:22:23,21.25,paid
3413318,613449,2025-12-27 10:01:05,226.24,paid
2515718,961788,2025-12-21 06:07:48,33.11,paid
9677278,289564,2025-08-22 16:52:14,295.65,paid
684063,491474,2025-05-04 07:41:33,2519.96,paid
8386711,147475,2025-02-28 13:34:23,34.2,paid
9679705,775816,2025-01-03 10:29:53,47.95,open
6431462,149208,2025-08-31 13:48:16,49.77,void
8194101,280606,2025-05-16 15:33:43,37.99,paid
6180280,210309,2025-09-11 16:39:18,31.86,paid
1367832,768193,2025-07-22 13:51:55,642.39,paid
5488530,295860,2025-02-20 14:20:10,75.38,paid
2976177,596031,2025-08-29 11:27:56,255.4,paid
8675870,557850,2025-01-19 07:43:51,3920.27,paid
2659672,604126,2025-03-29 15:46:58,54.6,paid
754763,335130,2025-07-16 18:30:53,152.86,paid
4820718,143805,2025-07-27 07:57:27,500.08,paid
727744,580725,2025-07-10 12:00:51,35.21,paid
5187900,278618,2025-12-03 09:40:05,648.55,paid
4312692,875381,2025-01-21 14:31:48,803.39,paid
8351438,713866,2025-08-05 08:44:20,702.86,paid
1120374,769943,2025-01-25 11:45:42,81.15,open
696457,479493,2025-01-23 10:49:54,108.59,paid
7306607,892691,2025-07-31 02:59:16,443.98,paid
80448,765110,2025-10-08 06:23:08,33.66,paid
9305002,519899,2025-08-22 13:07:22,34.67,paid
8935122,976274,2025-02-15 10:48:08,829.13,paid
6094671,219926,2025-05-27 12:52:25,3304.86,void
6011595,178553,2025-07-04 08:35:36,37.01,paid
609344,520785,2025-09-20 13:15:54,35.67,paid
929792,558269,2025-02-11 16:45:35,12793.46,paid
6195384,290492,2025-10-16 15:32:31,99.6,paid
314041,282947,2025-09-12 09:38:51,61.31,paid
3253716,383348,2025-10-21 08:54:06,168.54,paid
7950266,604851,2025-08-20 20:42:55,39.23,paid
3181892,289564,2025-07-02 08:48:15,264.95,paid
671920,943223,2025-12-05 19:43:41,433.07,paid
7783159,512181,2025-02-15 17:54:35,527.85,paid
2624139,209680,2025-01-19 16:54:32,33.67,paid
2919579,631589,2025-01-23 15:06:01,480.97,paid
6681798,441439,2025-12-23 12:55:16,78.4,paid
5782454,877086,2025-09-29 11:08:29,574.74,paid
6222115,854166,2025-03-06 06:25:31,585.02,paid
922433,200631,2025-12-03 08:59:32,267.88,paid
4435487,597592,2025-06-26 05:03:38,360.13,paid
6123406,567817,2025-05-31 08:06:49,49.67,paid
1415554,574882,2025-03-01 13:30:31,77.8,paid
1116959,674609,2025-04-22 07:46:30,78.93,paid
9495155,336143,2025-03-30 19:17:10,25.12,paid
994941,631393,2025-10-07 06:15:48,39.38,open
913841,713866,2025-08-23 13:23:16,752.37,paid
1463709,723768,2025-03-09 15:27:12,397.78,paid
2999039,967030,2025-11-06 17:27:15,542.5,paid
5612628,679825,2025-05-28 09:12:17,3141.42,paid
7972264,902347,2025-03-23 17:08:18,3076.99,paid
8643411,805850,2025-06-11 06:02:31,463.55,paid
543796,457669,2025-01-08 14:38:04,23983.09,paid
3611883,235164,2025-07-26 18:14:28,1390.43,paid
5818827,790366,2025-02-08 08:34:21,36.39,paid
4285340,540749,2025-09-28 16:19:31,25.7,paid
1031193,550331,2025-09-11 10:28:33,54.09,paid
1202721,278077,2025-03-01 01:45:57,223.25,paid
6029386,247003,2025-09-05 11:06:37,610.12,paid
9896896,687763,2025-02-26 15:01:35,425.08,paid
5015505,870241,2025-08-12 08:23:54,34.9,open
8276387,155975,2025-12-15 09:03:31,892.16,paid
1650203,661816,2025-02-12 14:57:18,390.67,open
7294956,641547,2025-10-25 14:44:35,769.93,paid
1451320,618342,2025-12-16 09:30:09,3888.64,paid
2970409,558639,2025-11-13 12:56:38,62.42,open
2070972,452461,2025-08-13 06:32:34,542.6,void
3369930,827874,2025-04-28 10:27:49,64.44,paid
503925,540115,2025-03-10 16:58:48,927.74,paid
5597317,183180,2025-10-18 19:00:52,405.9,paid
8243541,894894,2025-04-03 10:11:19,473.7,paid
8971631,271150,2025-06-24 21:20:46,318.69,paid
1965853,223459,2025-11-08 09:26:17,85.76,paid
4143971,912127,2025-05-04 00:20:05,1972.72,paid
5674483,942304,2025-03-18 09:18:13,4853.54,paid
2588104,365756,2025-12-08 19:10:24,53.78,paid
5895852,119663,2025-03-30 09:40:13,3366.66,paid
1916710,684543,2025-04-01 07:59:36,97.35,paid
9631849,725693,2025-10-29 10:18:11,301.54,paid
2454027,479649,2025-05-12 10:43:27,50.0,paid
3334997,213004,2025-09-03 12:50:35,72.79,paid
1200723,414105,2025-04-24 15:15:10,67.73,paid
8670954,119663,2025-03-06 20:38:34,3443.59,paid
6705061,740262,2025-02-05 07:33:17,60.45,paid
3266221,664752,2025-06-07 12:41:21,89.57,open
4926541,406745,2025-01-02 15:56:51,46.34,paid
9792633,260118,2025-01-17 13:24:23,3355.26,paid
7382366,554320,2025-10-18 17:33:47,3818.88,paid
9364552,259373,2025-05-26 10:07:36,71.01,paid
3330158,189198,2025-08-13 08:31:57,12.44,paid
1377369,691462,2025-05-23 20:54:40,123.81,paid
2016925,774503,2025-05-30 06:16:33,61.36,paid
3239667,967279,2025-10-08 14:34:14,111.24,paid
6554847,387432,2025-09-15 14:18:09,433.13,paid
7862361,875061,2025-07-10 16:58:53,118.8,paid
4007276,959623,2025-02-03 15:49:42,73.21,void
8383338,962759,2025-01-15 15:06:20,66.47,paid
4890759,301735,2025-12-11 08:22:34,33.46,paid
5280566,486520,2025-07-27 07:49:51,36.35,paid
7053723,876549,2025-01-13 09:43:16,771.04,paid
6450648,511497,2025-10-11 05:17:34,890.61,open
9484235,558918,2025-07-17 07:14:29,821.52,paid
4185925,891033,2025-03-13 14:29:40,123.06,uncollectible
1786712,875381,2025-07-29 13:28:31,752.27,paid
7166390,729870,2025-05-27 19:02:07,243.21,paid
5496935,163603,2025-09-03 08:27:33,36.7,paid
523179,928274,2025-02-11 13:50:16,433.57,paid
1205895,697547,2025-05-15 17:18:19,386.16,paid
6633032,248542,2025-07-09 22:24:55,39.07,open
5648631,430826,2025-11-21 08:00:16,3770.78,open
5225497,557608,2025-08-14 05:24:37,638.39,paid
758286,349634,2025-03-29 07:45:27,4173.22,paid
8472685,236391,2025-07-01 13:04:22,4270.38,paid
2919807,687595,2025-09-20 14:18:38,1750.73,paid
7428344,739213,2025-04-21 15:06:30,74.66,paid
9516178,869256,2025-06-20 20:05:10,75.17,paid
5796104,734042,2025-05-07 09:25:28,52.09,paid
1256047,768839,2025-07-14 21:51:47,12.27,paid
5680460,644079,2025-03-18 08:34:53,346.39,paid
4118053,118279,2025-07-29 07:08:35,558.8,paid
5892086,178553,2025-07-24 15:44:41,40.04,paid
5183112,184233,2025-12-10 18:11:26,23.8,paid
2193439,951550,2025-11-10 15:56:35,38.14,open
1167255,689786,2025-05-22 08:32:49,49.7,paid
5193937,805943,2025-04-14 13:47:53,47.75,paid
8519488,470193,2025-11-25 15:22:57,73.04,paid
5401284,255136,2025-01-19 15:44:00,98.76,open
6991517,819199,2025-04-07 10:04:35,35.21,paid
5876140,663216,2025-11-02 08:06:29,447.98,paid
4924501,481016,2025-11-12 06:17:27,708.91,paid
6998051,865765,2025-05-22 11:22:23,132.34,paid
108335,331536,2025-12-09 14:05:41,64.13,uncollectible
3869350,304962,2025-12-19 08:59:35,5165.7,paid
8955679,173985,2025-04-22 19:23:59,49.21,void
8150460,775589,2025-12-24 07:55:40,807.43,paid
1617682,540115,2025-12-28 13:30:34,988.54,paid
426462,105052,2025-06-11 23:57:40,981.62,paid
2896633,533010,2025-09-13 07:11:52,289.08,paid
4349681,588070,2025-07-16 16:10:23,262.12,paid
3795440,278077,2025-08-13 10:28:35,227.93,paid
1551298,492337,2025-09-27 04:46:40,46.22,paid
288780,376850,2025-02-18 16:40:18,49.0,paid
3822135,379248,2025-11-11 15:05:14,2853.51,paid
8614507,364738,2025-03-14 14:52:07,845.96,paid
8353082,605260,2025-06-22 13:27:39,64.69,paid
4711602,985162,2025-08-31 08:40:49,142.45,paid
6291572,863338,2025-10-08 14:48:06,355.72,paid
7387070,205373,2025-03-13 16:31:39,1599.85,paid
5050256,901602,2025-06-29 03:28:53,1018.39,paid
6341719,642899,2025-12-13 14:07:22,70.51,paid
716406,299049,2025-09-07 17:12:41,94.32,paid
6892752,805850,2025-07-07 14:00:32,403.04,paid
5367078,664655,2025-04-13 08:57:01,70.86,paid
937691,850797,2025-02-24 10:36:31,77.7,paid
9892098,150235,2025-07-05 03:28:04,46.13,paid
9107481,700790,2025-11-09 09:12:28,49.79,paid
4135542,938137,2025-01-31 16:29:34,793.55,paid
3519610,133440,2025-05-06 09:51:12,91.05,paid
1104370,893066,2025-06-11 14:39:16,83.25,paid
4046044,540115,2025-02-22 06:55:51,794.91,paid
7111218,950873,2025-01-14 15:44:17,640.37,paid
7048741,893066,2025-01-26 08:48:26,86.91,paid
6613489,301353,2025-04-27 09:39:32,75.15,paid
2208666,672009,2025-08-04 09:57:40,1034.06,paid
7166282,973361,2025-09-28 12:15:41,318.48,paid
975882,467325,2025-11-17 09:51:31,197.29,paid
553412,768839,2025-07-14 21:13:17,12.75,paid
6855876,747100,2025-10-15 13:41:59,65.29,paid
5029248,339409,2025-09-20 21:43:15,63.0,paid
1604405,511879,2025-05-20 02:09:22,701.55,paid
4059179,228677,2025-04-13 11:25:05,64.7,paid
9009787,249013,2025-05-19 12:46:14,5043.87,paid
9387304,519323,2025-05-31 20:31:03,34.16,paid
4524969,133243,2025-09-22 11:41:26,25.69,paid
6425764,299619,2025-06-21 10:09:34,401.19,paid
8048018,919775,2025-03-31 07:03:00,599.68,open
2960327,989410,2025-05-22 09:45:57,12.39,paid
5611874,383211,2025-08-08 08:18:49,900.58,paid
3911542,713907,2025-10-02 06:29:44,52.07,open
8080518,163603,2025-06-16 21:55:56,34.65,paid
6590685,509193,2025-07-02 09:16:45,3697.26,void
8826409,170417,2025-08-21 13:54:36,992.2,paid
9068873,406745,2025-02-27 02:56:11,41.89,paid
715756,561696,2025-08-27 22:51:08,48.11,paid
6118148,507445,2025-08-12 15:56:13,633.13,paid
351899,450789,2025-03-18 07:35:31,2685.89,paid
9335577,466636,2025-04-15 07:02:15,139.74,open
7677865,399545,2025-02-26 11:41:55,98.26,paid
504230,757684,2025-12-14 13:38:30,71.09,paid
8708824,209127,2025-06-07 23:46:16,1863.16,paid
71947,362499,2025-08-25 11:04:00,612.73,paid
9769269,557608,2025-08-13 12:34:02,763.91,paid
5266129,200631,2025-03-04 09:09:21,226.26,paid
6049367,425690,2025-01-03 11:26:29,37.17,paid
451144,228280,2025-08-20 09:25:38,586.26,paid
641476,989345,2025-03-10 12:40:05,170.63,paid
8631227,656283,2025-06-22 16:02:32,807.98,paid
9543214,558269,2025-10-04 07:58:48,14631.37,paid
9500120,391164,2025-01-29 19:32:24,24.13,paid
1067488,105131,2025-06-18 13:43:17,36.44,paid
6183159,604851,2025-08-21 03:23:30,36.26,paid
6211482,414766,2025-12-08 05:13:12,59.78,paid
3428078,227569,2025-10-02 13:05:18,292.29,paid
6739247,695044,2025-08-18 17:59:01,3401.15,paid
7015171,656281,2025-05-30 23:02:12,259.71,paid
3186573,129145,2025-07-22 08:38:13,688.01,paid
6174141,734926,2025-08-28 06:54:10,116.48,paid
8585293,170008,2025-05-08 13:33:50,2098.21,void
4355496,436439,2025-07-10 12:07:39,35.49,paid
9535566,865765,2025-07-16 07:52:40,111.24,paid
1288826,203860,2025-08-30 19:31:18,595.79,paid
5783605,262660,2025-12-18 16:50:34,190.35,paid
2542319,196541,2025-09-16 13:49:03,37.23,paid
9102035,885767,2025-03-17 17:23:14,289.84,paid
3554179,267533,2025-02-18 08:49:15,858.24,paid
961473,118948,2025-05-03 08:53:59,96.32,paid
8510139,726509,2025-08-05 15:16:29,82.95,paid
9119270,993977,2025-11-22 07:41:54,43.7,paid
4324985,988184,2025-11-26 10:07:23,1660.34,paid
3581967,564779,2025-04-17 09:29:34,39.55,paid
1067868,813618,2025-09-03 09:07:19,25.12,paid
1824950,339830,2025-03-13 11:59:14,2728.89,paid
7970659,232159,2025-12-29 04:50:22,3053.35,paid
9772542,768193,2025-04-08 10:12:57,657.51,paid
3642001,976274,2025-02-03 14:12:43,787.34,paid
6136418,656281,2025-06-07 12:38:23,248.4,paid
9633920,565930,2025-10-10 10:42:52,651.76,paid
6133585,772957,2025-01-19 12:29:09,598.2,paid
414622,352867,2025-07-28 09:44:28,726.43,paid
7822645,820426,2025-10-25 09:08:02,57.88,paid
6969163,938120,2025-02-19 17:57:58,245.45,paid
1154412,149920,2025-02-07 11:16:24,44.82,paid
9923664,700790,2025-04-30 19:00:06,50.87,open
3220607,516432,2025-10-05 09:04:19,705.51,open
9805659,964514,2025-09-27 09:09:51,519.2,paid
2719304,729870,2025-12-30 14:59:12,262.11,paid
4178377,269054,2025-07-06 14:21:50,86.0,paid
213405,358368,2025-12-17 16:12:25,55.19,paid
7105243,819199,2025-11-13 06:51:35,38.09,paid
7382817,259726,2025-11-17 13:59:47,43.84,paid
8150619,700348,2025-08-23 12:04:56,51.12,paid
1913119,369202,2025-08-31 15:45:14,590.57,paid
2923897,256035,2025-06-28 12:03:50,41.36,paid
5968359,194570,2025-03-09 09:28:25,32.85,paid
9359877,176599,2025-08-16 09:19:30,61.34,paid
2961810,975237,2025-06-20 16:13:04,436.61,paid
825541,165982,2025-09-17 06:26:44,342.69,paid
2732081,445354,2025-06-05 15:57:08,68.11,paid
6100373,674609,2025-06-17 19:57:58,68.57,paid
6833054,406504,2025-07-24 23:50:29,3012.44,open
4864896,757684,2025-11-02 06:07:38,77.72,paid
2409459,329586,2025-11-05 11:36:21,679.22,void
449393,313943,2025-12-02 17:00:26,1018.0,paid
1267726,349634,2025-06-21 11:34:16,4233.22,paid
2739110,799789,2025-11-20 08:59:00,86.54,paid
5206752,235164,2025-03-27 13:18:29,1425.22,paid
6868479,175483,2025-07-10 16:28:05,4021.29,paid
2421108,693667,2025-10-27 15:19:32,563.21,paid
1252204,558639,2025-07-31 17:27:32,58.72,paid
7796876,540115,2025-08-08 07:39:29,850.19,paid
7959697,315118,2025-02-13 05:47:58,3331.33,paid
6228372,498584,2025-05-19 07:39:54,76.82,open
7722745,245051,2025-11-03 13:25:57,314.32,paid
5194609,290736,2025-07-28 16:31:22,14530.96,paid
8944173,901636,2025-12-15 11:00:48,423.48,paid
8965918,189198,2025-07-25 08:01:59,12.28,paid
415834,562219,2025-08-05 10:05:52,2189.14,paid
2143345,282947,2025-04-21 13:20:26,58.16,paid
9088842,182485,2025-02-06 11:33:21,154.02,paid
6391394,450789,2025-08-25 08:00:23,2583.93,paid
3006147,875061,2025-04-29 21:09:37,108.19,paid
3189942,660322,2025-11-18 10:09:45,488.6,paid
4276684,387432,2025-11-13 19:11:31,495.1,paid
7699579,580435,2025-04-21 12:33:59,603.12,paid
7823757,728261,2025-07-18 10:44:20,86.52,paid
3996285,271313,2025-07-15 10:54:08,978.27,uncollectible
427535,466834,2025-05-18 09:59:27,607.19,paid
847754,177009,2025-04-16 13:38:59,24.98,paid
2340560,345955,2025-02-20 12:56:14,355.66,paid
6829210,911267,2025-06-02 23:01:44,2687.96,paid
2824741,377902,2025-04-20 14:51:46,3747.87,open
5406396,363319,2025-01-11 12:51:55,37.12,uncollectible
814672,973987,2025-08-23 17:17:07,25.91,open
3967101,379610,2025-02-12 18:47:12,23.34,paid
3687979,757526,2025-02-20 12:47:04,50.55,paid
3747893,591806,2025-05-24 13:14:52,444.99,void
6502383,691555,2025-04-10 17:15:05,594.05,paid
6020198,605260,2025-09-21 16:18:14,74.69,paid
4817774,689786,2025-03-24 17:13:32,51.29,paid
9963278,316635,2025-05-25 15:33:30,715.61,paid
9868030,468130,2025-01-07 06:31:19,726.37,paid
4147858,179746,2025-04-10 20:45:11,33.96,open
1992943,451700,2025-08-10 07:47:35,94.87,paid
7026442,376850,2025-05-28 10:16:05,53.5,paid
2075957,561350,2025-12-03 15:09:55,509.56,paid
9021153,301353,2025-10-04 23:49:52,66.36,paid
3249131,292435,2025-09-11 12:09:44,928.85,paid
6966337,113010,2025-07-14 10:33:16,50.85,paid
7651654,751207,2025-05-20 11:53:11,44.11,paid
8892394,640065,2025-12-24 18:49:38,47.76,paid
2730775,858842,2025-12-13 12:56:23,392.76,paid
3425389,216864,2025-04-05 08:08:59,24.65,paid
3387815,950873,2025-08-19 07:04:54,662.79,paid
8298164,290736,2025-02-23 15:28:37,14989.74,paid
8549514,515718,2025-12-27 11:36:25,412.76,paid
4092192,440806,2025-08-23 17:18:15,23.81,paid
1800375,713834,2025-09-22 15:02:50,44.77,paid
3735924,600864,2025-11-01 08:06:40,42.7,void
9388251,888218,2025-04-16 22:20:33,49.08,paid
125360,518790,2025-09-24 08:59:09,24.04,paid
657892,179746,2025-10-24 11:07:31,35.53,paid
612803,689786,2025-05-26 14:29:27,49.52,paid
9832112,301453,2025-05-05 15:41:09,63.22,paid
4597590,779884,2025-09-25 17:28:13,4542.19,paid
8922275,836507,2025-08-18 08:46:59,111.36,paid
5661401,291773,2025-06-09 17:36:08,84.55,paid
8747620,742834,2025-10-24 13:24:09,97.56,void
6201522,529391,2025-08-04 13:07:11,36.37,paid
4364747,216490,2025-11-04 19:04:57,34.81,paid
2060248,254564,2025-09-18 09:23:18,4201.46,paid
430957,651612,2025-04-30 10:04:23,61.0,paid
3322792,412093,2025-05-23 16:13:34,36.04,paid
9491519,843432,2025-11-17 11:33:54,25.84,paid
11985,514217,2025-07-27 18:57:46,671.08,paid
5902009,201820,2025-05-17 09:50:54,3202.2,paid
2542363,365756,2025-05-31 21:31:00,43.87,paid
2375302,406504,2025-08-04 10:52:34,2690.39,paid
642452,950543,2025-03-21 13:27:30,35.15,paid
914989,870377,2025-05-08 10:22:48,36.8,paid
1535551,667992,2025-10-11 09:14:12,4537.2,paid
7871737,870010,2025-01-22 15:37:45,264.82,paid
8065116,775589,2025-10-22 17:00:43,838.3,paid
9935800,124671,2025-04-29 15:14:56,413.09,paid
4454905,548818,2025-07-28 16:55:29,427.07,paid
4971333,140321,2025-03-17 10:37:03,412.56,paid
337178,650852,2025-08-28 08:36:38,37.35,paid
3220595,883487,2025-01-04 07:32:15,84.96,paid
5610691,708315,2025-09-07 09:06:26,31.8,open
5907967,731506,2025-03-29 09:26:24,11.39,paid
4144429,942582,2025-10-22 11:38:44,25.94,paid
5232998,113224,2025-09-27 20:02:40,2497.06,paid
1704328,631589,2025-11-01 16:40:01,509.92,open
703058,811779,2025-04-05 13:01:42,83.87,paid
6697859,802565,2025-08-17 18:33:37,2852.35,paid
8667897,372638,2025-11-23 09:28:21,35.2,paid
1282547,495640,2025-05-08 03:27:54,102.26,paid
8762227,156588,2025-09-15 03:28:28,352.76,paid
2648494,351485,2025-08-29 10:22:27,11.5,paid
4454152,593883,2025-05-13 22:26:59,36.73,paid
1368969,112840,2025-08-27 18:08:43,52.07,void
2058084,687595,2025-04-14 14:11:05,1919.76,paid
4006798,184233,2025-10-29 13:56:05,23.14,paid
1979852,992844,2025-10-24 08:55:27,307.8,paid
9546782,591895,2025-08-12 08:30:56,103.5,open
4257504,175177,2025-07-31 05:29:15,38.71,paid
1586897,815996,2025-04-27 17:36:03,866.91,paid
9908367,393197,2025-03-16 13:27:43,768.72,paid
845937,832087,2025-07-06 21:12:44,360.12,paid
7065465,190126,2025-10-02 15:19:20,62.18,paid
7253335,487420,2025-07-29 10:25:24,617.72,open
4748533,912127,2025-07-04 11:56:08,1792.28,paid
2521443,225448,2025-04-10 16:11:04,3357.27,paid
1199216,843432,2025-02-16 07:07:32,24.38,paid
8576505,288150,2025-08-02 15:12:45,322.0,paid
9090554,938137,2025-10-01 10:30:39,708.8,paid
8671229,298048,2025-10-29 08:49:01,60.58,paid
8339839,520785,2025-08-23 18:30:58,36.73,paid
5557837,861107,2025-10-22 15:52:28,513.34,paid
1215176,887991,2025-06-16 10:06:03,65.74,paid
7918926,653379,2025-08-20 14:00:19,312.89,paid
6632006,787646,2025-03-20 10:19:52,607.72,paid
8204901,467325,2025-10-21 17:24:35,189.15,open
7649567,772957,2025-03-30 08:37:10,596.25,paid
1795191,558269,2025-01-15 15:49:35,13744.01,paid
6280526,946742,2025-03-28 15:33:47,58.67,paid
5390369,624539,2025-03-05 12:37:16,34.89,paid
9105645,505397,2025-11-16 19:18:41,106.88,open
8534751,592265,2025-09-24 16:28:58,54.28,paid
170523,467235,2025-04-10 09:19:19,89.17,paid
7096473,433844,2025-04-03 15:13:44,35.89,void
1546977,249442,2025-06-29 10:39:14,3375.7,open
810004,561350,2025-08-06 20:49:40,508.31,paid
1667811,421775,2025-10-20 09:58:23,23.35,paid
5304747,941144,2025-09-13 12:08:26,249.06,open
756818,209357,2025-09-10 02:04:58,32.09,paid
3521254,672009,2025-11-05 02:42:11,1158.48,paid
9276773,349808,2025-05-23 14:31:04,394.49,paid
1027516,667992,2025-09-02 23:20:50,4788.42,paid
6294202,140197,2025-01-09 08:59:46,1682.76,paid
8759254,689786,2025-03-05 16:15:13,49.37,open
1032331,646333,2025-10-04 14:03:54,64.44,paid
8837452,142978,2025-09-12 10:54:00,251.57,paid
5718781,606858,2025-10-14 19:40:57,57.75,paid
2299762,607403,2025-08-26 08:41:35,607.42,paid
2201150,967030,2025-05-20 10:24:27,535.93,paid
3952885,810858,2025-01-14 08:41:44,254.21,paid
6847700,554320,2025-09-16 12:51:05,3687.95,uncollectible
3949868,110220,2025-12-09 08:06:23,56.34,paid
5414334,393007,2025-01-01 14:12:39,37.08,paid
2669972,511107,2025-12-04 13:21:02,64.79,paid
4789838,371569,2025-05-27 07:11:11,866.61,paid
7739982,301501,2025-05-28 19:07:14,708.84,paid
4891086,938137,2025-06-08 10:19:59,714.17,paid
9587728,166599,2025-11-11 09:54:40,684.43,paid
6789191,372638,2025-11-03 10:21:09,36.64,paid
2325472,430826,2025-09-08 08:51:41,4021.78,paid
2519371,284692,2025-07-04 13:48:12,893.68,paid
8077674,114026,2025-08-02 18:35:29,91.92,paid
2136613,136968,2025-03-07 12:44:30,256.78,paid
1846625,358134,2025-10-28 08:23:11,982.92,paid
4783320,871334,2025-12-05 06:39:06,101.58,open
7640044,670699,2025-01-18 14:13:51,764.52,paid
4233467,641328,2025-03-05 14:47:25,23.3,paid
3700659,507445,2025-08-12 20:04:22,701.45,paid
6201215,629593,2025-06-05 20:31:25,2608.57,paid
1065845,378702,2025-06-24 14:39:46,67.3,paid
2736397,449270,2025-06-16 20:00:53,81.81,paid
9655024,705149,2025-06-18 10:00:35,95.71,paid
2523479,261774,2025-06-16 09:17:06,192.6,paid
5162700,320794,2025-01-16 14:54:48,64.49,paid
6701505,712131,2025-09-15 16:27:50,915.33,open
3076656,918351,2025-04-08 14:44:18,83.98,paid
3795462,140197,2025-09-07 10:40:16,1499.36,paid
7564987,757684,2025-04-29 11:16:03,72.36,paid
5334264,931016,2025-11-30 09:27:32,271.7,paid
9365397,919974,2025-12-27 16:40:51,3024.04,paid
8820042,379610,2025-09-06 13:54:31,22.97,paid
4111123,275252,2025-12-25 12:17:29,546.41,paid
5223782,716836,2025-08-16 07:14:08,93.63,paid
1831631,734926,2025-12-13 13:03:28,131.98,paid
3656349,401402,2025-10-06 10:34:09,234.22,paid
7518445,361379,2025-06-11 10:12:40,808.35,paid
8383124,465105,2025-03-10 09:11:30,49.87,paid
7673666,824578,2025-07-29 22:15:39,519.96,paid
1930436,376354,2025-04-10 22:46:56,79.37,paid
8530276,519323,2025-09-15 15:19:39,38.3,paid
5370391,662747,2025-12-24 11:53:16,18293.56,paid
3947715,943858,2025-02-11 13:40:33,480.69,open
8775228,660322,2025-10-19 09:58:37,486.79,paid
8524266,785078,2025-05-23 09:33:19,70.03,paid
9506198,252591,2025-07-27 11:07:17,450.92,paid
5396775,313943,2025-07-13 15:15:19,1029.77,paid
204696,975237,2025-11-17 16:05:41,458.56,paid
1146069,441792,2025-06-27 22:37:20,699.45,paid
4028822,952105,2025-03-04 09:02:28,564.18,paid
5120,153452,2025-08-02 12:38:10,94.62,paid
174693,681503,2025-01-19 11:01:50,59.71,paid
2545648,631393,2025-07-11 09:11:51,35.29,paid
4405993,753247,2025-01-02 08:05:02,663.63,void
2091402,129289,2025-02-24 12:08:56,25.82,paid
5493111,378702,2025-04-21 07:20:50,70.93,paid
6616038,876153,2025-07-01 15:02:15,63.62,paid
1631144,642899,2025-06-15 09:06:01,76.49,paid
2968413,962615,2025-09-30 17:53:06,851.58,paid
1701880,110840,2025-11-09 19:26:50,2604.8,paid
4877542,943858,2025-05-22 21:25:00,462.31,paid
8090230,112840,2025-09-18 18:47:57,49.22,paid
9670605,208743,2025-06-14 14:44:26,486.24,paid
6901001,108606,2025-02-10 14:10:17,641.39,paid
7729364,866791,2025-03-30 06:38:25,34.29,paid
208762,415716,2025-08-23 22:00:31,36.35,paid
2000621,280034,2025-08-13 11:41:52,103.67,paid
5264347,452579,2025-04-27 22:08:05,92.36,open
9154130,431016,2025-09-15 08:56:17,34.14,paid
5890881,501273,2025-10-25 19:11:31,57.55,paid
2818697,505710,2025-06-02 08:53:36,396.25,paid
9084868,136968,2025-01-26 04:11:14,250.68,paid
7026154,203860,2025-05-09 14:13:27,654.11,paid
3744231,516677,2025-08-24 21:21:50,239.27,paid
6613441,620446,2025-05-14 10:27:21,37.66,paid
8247281,441926,2025-01-07 09:13:21,62.47,paid
2366542,886365,2025-12-09 16:07:45,2505.29,open
7269750,358368,2025-05-04 01:06:25,45.17,paid
6881898,776288,2025-03-29 12:11:02,586.89,paid
2307824,228280,2025-09-24 08:47:37,607.93,paid
7985777,423101,2025-06-27 08:24:26,4880.89,paid
447289,907943,2025-06-21 00:53:50,35.1,paid
2886434,556047,2025-11-01 09:29:47,772.37,paid
8767757,704441,2025-12-25 18:34:50,710.79,paid
8457725,118279,2025-10-20 16:51:23,538.12,paid
3716200,437273,2025-04-06 11:53:26,35.82,paid
5021738,540749,2025-12-17 07:10:43,26.05,paid
5225868,757620,2025-05-06 10:14:30,16566.24,paid
8134221,640065,2025-12-07 15:06:21,46.69,paid
8747340,501273,2025-12-01 20:09:43,52.49,paid
8252688,793847,2025-05-08 22:31:45,633.62,paid
7452555,540233,2025-03-03 14:55:38,24.45,paid
130711,541269,2025-09-23 13:30:16,210.22,paid
8069072,189198,2025-03-30 14:54:05,12.2,paid
2025066,662368,2025-07-12 10:24:38,54.13,paid
517302,782825,2025-11-24 16:03:29,7231.31,paid
6796275,580725,2025-06-06 14:32:24,37.22,paid
8122328,782825,2025-11-04 14:42:45,6304.02,uncollectible
2143493,148986,2025-06-01 17:59:45,160.75,paid
8644611,501273,2025-04-03 08:48:09,62.53,paid
7281134,335302,2025-05-08 15:52:02,23.67,paid
5945894,901636,2025-01-02 22:13:10,438.72,paid
2943068,380513,2025-08-08 01:28:30,81.78,paid
3148798,942304,2025-05-07 15:55:08,4561.4,paid
4270263,449270,2025-11-20 07:35:01,102.27,paid
1129404,799901,2025-06-30 13:59:18,694.61,paid
1434929,487420,2025-05-06 13:49:33,558.83,paid
3709362,406504,2025-08-28 06:23:02,2808.94,paid
486840,649882,2025-06-17 13:55:58,81.21,paid
9474264,678569,2025-01-07 10:55:45,734.79,paid
1081934,248358,2025-03-30 16:48:57,553.08,paid
5184609,462638,2025-05-27 10:24:24,6477.35,paid
9481615,708315,2025-03-15 17:43:02,33.7,paid
8247449,359105,2025-10-25 09:02:06,636.67,paid
1295539,361379,2025-09-24 14:08:14,844.36,paid
8681478,979522,2025-05-07 23:23:09,65.48,paid
4899962,742518,2025-08-20 16:47:17,717.11,paid
5375534,787646,2025-04-22 15:58:59,630.2,paid
5554800,805943,2025-07-26 18:44:08,48.53,paid
322458,473607,2025-11-28 14:12:09,33.15,paid
6034597,347163,2025-03-06 09:32:49,308.49,paid
4744854,418604,2025-11-28 16:45:04,36.2,paid
9533685,810968,2025-07-08 12:51:24,314.13,open
9141304,301353,2025-10-02 17:37:44,73.6,paid
2900615,379610,2025-12-21 17:01:52,23.77,paid
3469927,527428,2025-10-05 08:29:08,5525.2,paid
4761280,351475,2025-03-04 09:59:29,80.01,paid
9456656,433844,2025-06-29 10:03:21,34.2,paid
184566,371569,2025-07-11 09:29:27,725.96,paid
2838962,944315,2025-05-14 12:36:18,1714.25,paid
6972930,359578,2025-07-09 16:07:51,56.15,paid
9006274,192010,2025-10-26 09:33:07,3230.71,paid
1884653,723768,2025-12-29 14:35:16,448.65,paid
2384580,445138,2025-12-23 09:54:49,125.83,paid
59891,292475,2025-04-27 11:48:47,2427.38,paid
1879893,200323,2025-11-29 13:18:27,135.71,paid
4451462,136425,2025-04-27 16:19:58,48.86,paid
1412309,862941,2025-01-27 16:08:53,403.35,paid
8117274,631589,2025-02-02 04:26:51,515.92,paid
2065881,962759,2025-04-09 11:06:12,75.95,paid
6318397,958517,2025-04-27 09:44:07,656.26,paid
4551280,821114,2025-01-14 00:47:31,450.17,paid
7678554,692735,2025-12-14 09:23:48,102.7,paid
9037211,346678,2025-08-18 15:04:34,415.45,paid
7700158,583252,2025-02-17 15:51:15,526.67,paid
3694719,428057,2025-08-03 03:25:15,44.93,void
1962290,241116,2025-04-29 06:20:19,49.83,paid
6987856,292435,2025-09-07 18:12:53,736.61,paid
2094120,295860,2025-09-12 15:14:51,68.7,paid
5456373,175483,2025-02-18 09:15:02,3783.29,paid
7650187,604126,2025-10-13 07:26:53,48.46,paid
6556407,473607,2025-09-28 07:37:32,37.71,paid
6285330,440806,2025-05-01 08:28:21,24.02,paid
2592151,256019,2025-05-03 14:43:41,617.35,paid
9400632,540635,2025-08-09 07:35:27,166.77,paid
4174673,530957,2025-07-06 16:36:49,192.45,paid
7760448,285164,2025-10-17 12:03:25,89.91,open
2492334,228280,2025-10-21 10:50:00,606.55,paid
2200295,280961,2025-05-14 11:21:45,322.84,paid
5896357,412093,2025-12-02 16:53:10,33.71,paid
4268810,369202,2025-12-11 13:59:01,599.57,paid
4703079,917801,2025-10-22 05:39:47,4104.58,paid
2020070,910761,2025-07-11 13:09:27,3192.49,paid
2846392,178553,2025-09-08 09:19:35,38.97,paid
2464364,728261,2025-11-16 10:43:44,95.34,paid
7443632,254564,2025-12-20 10:35:04,4715.62,paid
768044,942304,2025-02-27 19:46:23,5075.46,paid
8411001,265989,2025-10-17 19:23:32,47.52,open
5644801,169880,2025-01-04 08:49:10,103.46,paid
2067480,676881,2025-06-27 15:25:12,37.31,paid
1986596,457669,2025-03-14 12:40:51,26897.52,paid
7687853,636784,2025-12-05 07:30:47,472.83,paid
9384305,441926,2025-11-24 12:48:19,61.52,void
6875837,687595,2025-09-16 13:45:07,2011.04,paid
538964,116787,2025-11-19 08:44:37,370.17,paid
245219,662747,2025-12-01 02:24:54,17793.48,paid
8265224,901602,2025-07-19 09:48:43,1031.34,paid
7813688,623050,2025-07-07 12:48:09,57.39,paid
1617138,315012,2025-11-10 14:59:11,3924.89,paid
1093233,875381,2025-08-04 13:03:19,923.43,paid
5765764,526874,2025-03-21 05:32:06,972.3,paid
7450107,531456,2025-10-22 15:17:21,84.2,paid
7921339,132627,2025-01-25 07:57:38,62.93,paid
4301119,757526,2025-01-23 15:32:31,52.43,paid
8505780,103319,2025-08-15 11:28:04,81.14,paid
7669511,830784,2025-02-28 18:24:46,581.51,paid
361508,517173,2025-12-11 15:04:14,179.89,paid
3630406,997844,2025-08-10 09:57:46,5442.14,paid
8264161,200631,2025-01-27 12:28:10,267.73,paid
5765601,262565,2025-04-08 16:10:19,535.93,uncollectible
1878980,186866,2025-07-27 09:05:21,438.59,paid
3389859,181156,2025-06-04 11:38:10,552.1,paid
9401718,979522,2025-12-09 15:59:50,67.71,paid
5042831,577783,2025-08-07 09:17:58,773.85,void
9409752,556047,2025-03-11 06:33:39,794.99,paid
7622170,118948,2025-02-12 09:36:27,111.12,paid
4003969,172596,2025-06-21 21:06:11,286.46,paid
4886865,741178,2025-06-20 11:20:00,493.33,paid
307785,549976,2025-07-29 13:02:45,1997.14,paid
4362797,549976,2025-10-06 10:34:08,2093.91,paid
3458261,952233,2025-09-25 12:43:21,625.85,paid
3321690,468400,2025-04-01 15:18:29,4898.7,paid
8111500,376354,2025-08-13 10:51:19,90.94,paid
8044012,650852,2025-06-16 12:20:00,34.29,paid
1677606,713583,2025-06-22 14:32:55,55.03,paid
9510841,468130,2025-02-19 16:48:35,705.75,paid
6456038,604137,2025-03-31 04:00:50,60.3,paid
5175959,990741,2025-05-28 21:20:26,59.54,paid
4522165,676397,2025-08-13 12:56:52,1122.26,paid
6915685,930679,2025-02-18 07:07:31,60.44,paid
6307693,486520,2025-07-27 10:26:27,36.15,void
446631,739739,2025-02-16 11:03:18,36.86,paid
7555764,689717,2025-11-11 20:35:41,48.44,paid
8725420,820834,2025-12-24 10:22:52,668.37,paid
7782117,114128,2025-12-28 10:42:50,33.62,paid
8891690,150235,2025-01-01 11:26:07,49.65,paid
7149601,741646,2025-05-24 09:56:51,752.02,paid
1013834,877896,2025-06-10 08:00:29,71.39,void
8706370,739777,2025-04-26 17:32:32,1319.04,paid
3970742,549976,2025-09-28 13:37:06,2103.05,paid
7215681,209357,2025-09-10 00:06:18,37.46,paid
8036992,651612,2025-05-23 10:57:31,63.16,paid
750990,824578,2025-07-29 22:40:02,585.3,paid
7425996,713834,2025-09-03 16:21:55,44.95,paid
3319207,228280,2025-05-22 10:41:34,581.2,paid
3628537,451700,2025-09-26 09:00:15,91.37,paid
5561016,951176,2025-09-14 23:53:36,81.52,paid
7499998,664752,2025-07-28 11:43:50,84.45,uncollectible
1188824,298901,2025-01-02 13:43:08,58.41,paid
608712,312337,2025-06-07 19:12:11,71.53,paid
617136,301501,2025-09-13 12:26:31,688.72,paid
6342013,170254,2025-12-23 15:24:18,651.57,paid
3604994,205204,2025-09-16 17:52:51,118.96,paid
1801410,734926,2025-05-12 11:11:18,121.67,paid
4820771,956011,2025-10-11 12:23:06,436.28,paid
193320,870010,2025-07-12 07:54:30,289.88,paid
223181,252591,2025-04-09 07:02:37,412.84,paid
1390631,519899,2025-02-14 14:59:44,36.08,paid
9826888,473607,2025-07-07 18:28:16,34.92,paid
5961908,649261,2025-01-22 15:31:55,602.37,paid
8861424,119727,2025-09-13 11:06:41,321.19,paid
4598424,918643,2025-05-19 08:48:41,694.68,paid
7554142,619995,2025-09-07 01:07:02,38.14,paid
8132487,194570,2025-04-05 15:47:46,40.18,paid
8895868,535256,2025-12-06 06:32:49,504.53,paid
7888465,550131,2025-12-16 09:54:46,836.36,uncollectible
8857663,212090,2025-04-24 17:52:59,829.67,paid
4965375,791209,2025-05-10 04:17:48,77.99,paid
3987920,557608,2025-08-13 23:04:04,788.16,paid
8461529,551545,2025-06-21 10:42:14,32.56,paid
7992284,479242,2025-09-09 11:01:32,238.58,paid
6690832,341901,2025-07-27 08:35:31,71.08,paid
6491270,952954,2025-12-15 12:28:14,472.94,paid
6851809,474120,2025-10-22 12:38:26,650.19,uncollectible
1775978,713907,2025-10-19 07:03:38,50.45,open
5137706,431648,2025-09-11 13:52:09,121.85,paid
7831472,941144,2025-03-23 20:07:46,239.9,paid
637737,176590,2025-09-02 09:43:47,37.46,paid
5080458,419173,2025-10-07 16:55:36,4059.99,paid
4283015,704441,2025-08-19 04:53:38,725.61,paid
8818933,790366,2025-07-18 09:23:29,32.87,paid
1212567,837734,2025-09-23 09:26:58,1208.97,paid
3893874,561350,2025-08-01 12:06:09,538.65,paid
5532977,361379,2025-11-29 11:21:41,832.03,paid
8462179,153452,2025-08-21 07:37:32,100.46,paid
2098421,591895,2025-03-19 17:32:48,122.04,paid
4118109,975237,2025-06-07 17:20:38,468.46,paid
6058115,517368,2025-07-02 11:41:55,4725.44,paid
9057653,157411,2025-08-30 08:41:57,4916.74,paid
9870149,714944,2025-08-07 09:28:56,699.76,paid
9337975,768193,2025-04-07 18:28:44,749.05,paid
616835,540233,2025-03-17 09:51:52,23.7,paid
496889,631393,2025-08-15 11:50:03,34.46,paid
5249478,918643,2025-05-15 09:51:37,602.36,paid
5473449,317879,2025-12-09 17:47:36,64.06,paid
9032389,663857,2025-03-25 15:35:52,2503.36,paid
7361330,362956,2025-08-08 09:58:07,50.69,paid
1899658,382519,2025-12-12 13:03:15,176.97,paid
818529,253221,2025-05-31 10:47:17,108.57,paid
8633599,103319,2025-10-13 13:57:36,90.08,paid
6970755,393626,2025-04-19 15:55:28,653.23,paid
4319657,981433,2025-04-27 16:58:24,1544.44,paid
8580756,185683,2025-09-12 12:05:26,4652.8,paid
2104153,742834,2025-08-20 15:45:26,96.17,paid
5496622,623050,2025-07-08 03:43:30,57.94,paid
3297372,196541,2025-10-10 08:24:02,33.87,paid
4781592,644475,2025-03-12 10:02:03,63.74,paid
2017680,407884,2025-01-17 14:33:17,1007.32,paid
474119,874496,2025-08-06 15:43:25,1498.04,paid
4086320,604126,2025-05-25 00:13:49,49.63,paid
7913786,818654,2025-11-14 07:42:20,96.2,uncollectible
652069,465105,2025-02-17 21:45:35,50.66,open
2236028,372607,2025-07-01 02:58:36,549.99,paid
5172330,549976,2025-08-03 14:54:41,2008.33,paid
268344,617749,2025-06-27 01:13:39,77.24,paid
2743496,617646,2025-04-12 13:38:49,373.12,paid
7277386,176018,2025-11-16 13:22:01,758.76,paid
1667308,600806,2025-07-10 01:30:16,71.92,paid
216601,875061,2025-03-15 11:23:40,112.22,open
4633144,830784,2025-09-27 15:07:14,525.18,paid
794697,362956,2025-01-04 16:52:36,50.94,paid
8386724,439406,2025-05-23 09:39:55,99.94,paid
5390826,312337,2025-04-18 13:44:14,70.4,paid
7132932,966960,2025-02-19 14:44:16,731.24,paid
426335,129289,2025-08-24 11:16:53,21.58,paid
2570040,115359,2025-07-08 13:10:12,32.89,paid
496032,848871,2025-08-30 14:50:23,71.01,paid
2844921,825599,2025-12-27 11:07:38,88.09,paid
3771771,704625,2025-12-02 12:03:34,581.88,paid
2921128,485273,2025-06-28 04:45:04,415.85,paid
5176434,766913,2025-05-20 13:24:52,494.43,paid
5322812,315118,2025-04-02 20:40:07,3771.37,paid
2626773,194570,2025-08-25 12:55:52,34.37,paid
504889,105131,2025-07-31 08:59:33,36.43,paid
448325,371884,2025-09-21 08:07:04,77.2,paid
2597498,371569,2025-06-22 13:56:49,771.33,paid
3575888,723768,2025-08-30 12:27:38,415.77,paid
7279711,335130,2025-04-01 09:25:56,154.26,paid
2904713,309198,2025-11-04 00:24:50,38.91,paid
5636396,613197,2025-08-09 10:20:16,851.31,paid
904692,139051,2025-10-12 12:33:09,38.37,paid
6446285,295334,2025-12-24 11:00:50,488.78,paid
4986396,315012,2025-07-26 13:13:45,4451.22,void
709942,395744,2025-09-17 14:09:16,59.58,paid
1434685,174010,2025-06-26 21:43:49,90.61,paid
3346146,966960,2025-04-28 07:35:39,713.37,paid
4873163,481021,2025-04-19 13:45:15,27.22,paid
556639,540233,2025-06-08 10:54:29,25.8,paid
220198,533010,2025-06-22 10:43:59,285.2,paid
996028,259984,2025-08-31 14:14:34,1957.38,paid
7758224,624691,2025-06-22 12:20:39,707.42,paid
3382707,544215,2025-08-19 08:39:10,608.56,paid
5679701,450199,2025-05-09 21:13:32,94.01,paid
152591,377902,2025-10-14 14:25:20,4152.64,paid
8898042,345955,2025-11-12 11:56:20,399.15,paid
9824663,108657,2025-10-06 09:59:32,579.0,paid
8468714,318405,2025-12-14 11:55:19,48.18,paid
7703698,118948,2025-10-10 20:17:10,106.6,paid
4985291,792694,2025-09-27 13:11:27,1065.96,paid
7780846,699272,2025-02-05 09:44:45,85.24,paid
2893918,740262,2025-06-07 15:14:02,57.19,paid
9631239,258458,2025-11-23 21:58:37,2979.91,paid
1563805,701732,2025-12-24 14:00:00,37.2,paid
4289175,704101,2025-03-23 16:41:55,752.3,paid
3217463,537536,2025-10-30 08:50:45,334.91,paid
3915791,444888,2025-11-12 14:58:46,762.77,paid
9604185,847561,2025-02-03 10:25:53,76.98,paid
8453812,260118,2025-12-19 12:55:59,4068.51,open
9368278,742562,2025-03-25 18:47:40,1913.47,paid
8359250,969635,2025-09-20 03:01:42,97.22,paid
3266808,203860,2025-04-15 12:51:07,563.79,paid
3893045,282947,2025-02-25 11:29:26,65.85,paid
3500120,832087,2025-07-20 13:25:02,359.67,paid
6966150,176590,2025-01-19 10:13:50,32.84,paid
5380154,981433,2025-12-06 13:18:07,1660.12,paid
7681267,673856,2025-03-17 11:46:22,56.64,paid
3136795,729073,2025-11-14 09:18:49,617.45,paid
5000671,603274,2025-11-17 08:37:12,37.15,paid
5864298,211956,2025-05-04 22:56:52,287.41,paid
4836698,742562,2025-12-23 15:54:00,1924.27,paid
6254561,861636,2025-02-21 08:57:03,461.31,paid
3728847,119663,2025-08-06 12:05:35,3465.22,paid
3066544,623050,2025-11-13 21:07:25,63.65,open
4510313,918643,2025-07-01 14:24:57,672.66,paid
5297320,696918,2025-01-14 15:17:25,320.93,paid
4595300,517173,2025-12-06 11:47:40,196.03,paid
511537,350292,2025-01-21 10:43:25,94.21,paid
7480848,516432,2025-12-07 09:48:31,675.02,paid
2940976,176018,2025-05-14 08:17:01,712.67,paid
1887540,550912,2025-01-01 17:28:15,65.06,paid
3962462,158251,2025-06-18 10:56:27,650.4,paid
4229020,699272,2025-06-01 12:28:46,73.23,paid
4429472,381513,2025-03-04 08:45:26,37.46,paid
4933566,495640,2025-03-20 17:22:45,101.86,open
7048687,196541,2025-08-27 13:40:32,34.43,paid
421928,886365,2025-03-08 10:56:57,2485.73,paid
4574299,943067,2025-06-28 14:42:13,451.77,paid
4611179,866791,2025-08-29 23:55:27,33.84,paid
1547447,819946,2025-01-18 14:39:51,142.37,paid
2166112,554336,2025-06-06 17:08:38,34.58,paid
8092019,641328,2025-07-17 16:31:32,23.94,paid
2860284,523028,2025-02-08 15:07:25,57.12,paid
4152106,417940,2025-05-15 09:49:40,70.49,paid
3534004,278618,2025-06-30 15:23:00,604.93,paid
3921441,740617,2025-11-06 18:40:09,1796.24,paid
9369129,802565,2025-08-17 20:17:21,2888.06,paid
3562357,206528,2025-09-10 23:55:19,92.19,paid
4378082,664752,2025-01-10 11:33:58,82.53,paid
5721668,102220,2025-05-06 15:28:39,286.81,paid
6388839,475777,2025-08-26 13:57:52,51.69,void
5630291,265989,2025-11-27 15:36:39,49.65,paid
7088859,997844,2025-05-29 17:03:15,6354.0,open
3732618,741646,2025-03-07 15:59:29,776.87,paid
2835377,490866,2025-01-31 06:07:38,362.17,paid
5172048,280606,2025-01-26 13:29:52,37.49,paid
8337890,377997,2025-07-06 13:51:58,297.73,open
6441072,200323,2025-05-05 21:07:53,127.45,open
1787089,809176,2025-03-18 14:28:21,649.91,paid
5980571,277459,2025-12-02 15:58:38,138.19,paid
4536079,620640,2025-02-03 14:09:35,412.96,paid
4886967,892691,2025-10-22 05:57:55,500.13,paid
7955470,376850,2025-12-29 08:31:32,45.37,paid
7478200,837734,2025-09-23 16:07:27,1211.37,paid
8736593,271150,2025-06-25 02:30:55,321.96,paid
8920104,474008,2025-05-17 08:45:23,823.32,paid
4627321,634412,2025-12-22 14:21:27,4664.29,paid
5497932,714944,2025-05-20 18:06:00,763.64,paid
3764449,725693,2025-05-29 11:44:59,285.76,paid
5772535,918643,2025-03-17 00:51:35,629.76,paid
7423194,165982,2025-10-08 14:34:34,377.96,paid
8036210,228499,2025-04-21 08:46:20,37.18,paid
9415784,258458,2025-03-18 16:58:07,2943.0,paid
4151336,885767,2025-01-21 12:34:17,305.49,paid
8110190,572896,2025-12-10 12:43:08,48.65,paid
3144192,590704,2025-06-23 10:32:04,520.28,uncollectible
2720682,527428,2025-08-21 16:35:27,5611.65,paid
157019,646309,2025-12-16 16:03:13,425.41,paid
7859718,989157,2025-11-29 20:31:29,98.75,paid
560139,353158,2025-04-25 12:06:28,1890.23,paid
1439663,592265,2025-09-24 20:47:16,61.33,paid
8456620,245051,2025-12-17 13:25:24,319.77,paid
3895681,766913,2025-10-11 11:00:00,454.66,paid
8150005,863793,2025-05-22 14:50:21,93.31,paid
1485753,135223,2025-08-01 07:02:52,66.89,paid
7343056,362956,2025-01-11 08:53:58,46.33,paid
587014,136409,2025-06-11 03:49:00,79.27,paid
8414857,395744,2025-10-27 17:53:23,60.53,open
5683600,769395,2025-10-16 07:11:48,72.28,paid
212281,318405,2025-01-17 10:40:37,51.26,paid
1805551,112651,2025-02-06 12:49:24,32.53,paid
9839413,941144,2025-01-27 09:44:15,269.43,paid
3921409,177341,2025-12-26 21:00:00,120.55,paid
1957024,409157,2025-10-18 02:41:59,61.84,paid
4129305,656281,2025-08-24 07:09:24,248.64,paid
2284718,262565,2025-08-27 14:46:49,580.62,paid
8763557,819946,2025-01-18 12:55:17,128.0,paid
2566592,361379,2025-01-23 11:41:00,847.78,paid
5374379,704625,2025-01-23 14:54:39,670.92,paid
6772542,316635,2025-08-29 12:01:44,699.84,paid
691962,973361,2025-09-11 15:17:00,298.75,void
371013,599502,2025-05-06 10:16:01,55.53,paid
5462980,284939,2025-07-01 13:42:31,68.72,paid
9904311,757349,2025-10-24 14:46:37,13687.38,paid
2576485,147538,2025-08-10 05:59:05,53.75,paid
6559333,901613,2025-09-10 11:54:39,62.07,paid
6129549,125160,2025-09-13 18:54:06,83.87,paid
9030949,397763,2025-02-17 12:41:11,320.51,paid
2140968,158251,2025-09-11 15:24:51,658.54,paid
6435251,280034,2025-10-27 16:49:19,98.45,paid
1470258,454905,2025-09-25 14:40:26,48.14,paid
7026834,223459,2025-10-10 15:52:58,83.16,paid
244514,452579,2025-01-18 09:39:24,91.5,paid
7677554,252079,2025-11-30 17:40:17,74.35,paid
6079451,228677,2025-01-27 12:58:11,54.17,paid
5715104,900536,2025-04-08 08:04:35,49.37,paid
6635796,943223,2025-03-28 20:46:02,435.1,paid
2768308,209127,2025-06-06 01:02:26,2047.91,paid
3755089,930786,2025-05-13 18:59:21,556.93,paid
1780540,351485,2025-07-11 21:43:45,12.25,uncollectible
8344030,318147,2025-11-29 14:09:44,32.54,paid
6883605,769943,2025-08-10 16:47:59,83.82,open
5362392,416704,2025-06-14 11:00:04,79.01,paid
3409965,133896,2025-12-25 20:45:10,2988.96,paid
7169593,414105,2025-08-22 15:57:05,77.33,paid
4682790,199248,2025-08-22 17:11:23,4263.48,paid
9250858,742518,2025-03-15 10:33:11,785.18,paid
3263793,631589,2025-08-19 12:28:52,475.81,paid
7080536,232216,2025-03-11 07:50:02,35.15,paid
9544673,697547,2025-02-08 22:44:00,390.66,open
2268103,517368,2025-01-04 13:02:08,4511.46,paid
768028,288150,2025-09-05 09:40:48,379.23,paid
722783,943757,2025-10-04 12:59:06,349.28,paid
3689912,821114,2025-01-22 16:59:55,477.43,paid
9361604,116626,2025-07-20 19:15:37,3355.15,paid
6182260,178553,2025-02-09 12:57:39,30.92,paid
7121495,980971,2025-05-06 14:05:51,500.09,paid
7922466,124671,2025-02-24 13:00:07,450.94,paid
1656727,725693,2025-05-15 13:26:32,265.56,paid
3285504,820426,2025-05-07 08:39:50,59.33,paid
721705,165228,2025-11-22 14:34:09,600.45,paid
4425050,414766,2025-09-21 10:35:33,57.98,paid
4930758,393362,2025-10-17 13:08:47,597.62,paid
6405778,181128,2025-02-15 16:05:39,610.2,paid
3384848,535256,2025-03-29 17:14:39,518.63,void
4450728,863338,2025-12-08 15:47:32,412.04,paid
859260,739739,2025-09-29 18:54:46,36.34,paid
8241226,865573,2025-12-18 13:35:46,112.32,paid
3003832,304962,2025-01-28 08:49:25,5551.44,paid
286728,967030,2025-10-29 14:30:00,463.27,paid
3547402,647876,2025-12-04 19:04:53,232.86,paid
8249724,380358,2025-07-01 11:57:53,96.47,paid
775478,759736,2025-09-15 11:10:40,512.63,paid
6357311,245270,2025-05-16 19:38:30,24.31,paid
549945,288393,2025-08-20 07:01:02,371.34,paid
5937602,996819,2025-10-06 14:39:53,1746.31,paid
6091993,735377,2025-12-06 12:48:35,25.38,paid
9104776,301920,2025-05-09 12:59:23,37.33,paid
398614,301501,2025-11-16 21:49:43,760.53,paid
623569,116787,2025-08-18 19:59:56,353.45,paid
5763585,999282,2025-08-06 15:54:52,34.39,paid
1054535,504630,2025-10-27 11:37:42,264.19,paid
7482123,473143,2025-12-10 05:36:06,116.66,paid
5928479,280156,2025-11-07 15:04:06,760.74,paid
1013303,713907,2025-06-04 15:54:08,43.59,paid
3107177,342116,2025-11-20 23:39:39,59.36,open
5237096,676397,2025-12-05 15:12:50,948.47,paid
6171673,676614,2025-07-16 17:15:39,445.08,paid
2495556,185683,2025-01-09 10:44:43,4818.28,paid
4520441,685200,2025-11-19 11:11:55,464.99,paid
8891445,976274,2025-12-28 02:24:40,898.4,paid
7462036,919974,2025-05-31 14:16:08,2953.41,paid
9437959,821114,2025-07-20 11:22:06,451.74,paid
6842079,131876,2025-05-23 12:33:22,94.19,paid
1293630,713585,2025-03-05 08:18:18,84.23,paid
805212,919065,2025-11-25 23:20:56,627.54,paid
7457962,722460,2025-05-26 09:10:07,58.88,paid
4045979,883487,2025-12-20 11:25:04,89.2,paid
4385733,645195,2025-06-04 06:14:40,34.23,paid
5955292,701732,2025-06-12 07:52:22,36.08,paid
2771149,260885,2025-01-05 19:05:37,33.27,paid
9560810,981433,2025-08-13 17:44:12,1784.69,paid
9024811,452461,2025-07-10 12:00:34,535.85,paid
3091349,952954,2025-02-21 15:57:55,506.99,paid
8981256,302066,2025-12-28 16:28:47,81.11,paid
9169218,550912,2025-04-13 01:30:31,61.11,paid
8089386,929449,2025-06-03 11:48:25,960.73,paid
8276754,282217,2025-08-30 09:40:39,4812.25,paid
2485478,910761,2025-08-18 15:49:11,2573.6,paid
9413666,170417,2025-05-17 11:59:07,873.16,paid
8731084,414105,2025-11-22 20:27:29,74.44,paid
2519938,309198,2025-08-27 14:53:57,33.38,paid
7900476,491257,2025-10-15 09:35:38,688.3,paid
2282539,443866,2025-11-27 10:27:45,38.99,paid
3868799,292475,2025-02-02 14:20:03,2255.31,paid
1694797,189189,2025-08-25 16:19:41,405.75,paid
9733997,775696,2025-05-31 22:16:25,50.54,paid
3615398,153452,2025-09-10 05:14:00,95.07,paid
270006,600507,2025-09-08 17:55:12,367.13,open
6415505,155872,2025-12-17 07:30:27,589.77,paid
5815625,491474,2025-10-04 09:51:54,2545.09,paid
3648717,704625,2025-07-10 18:06:21,604.89,paid
7135869,875381,2025-02-16 00:24:50,862.08,paid
2237045,450789,2025-10-16 11:37:34,2538.49,paid
2834318,141134,2025-03-08 10:08:17,75.49,paid
730382,684498,2025-11-09 09:45:43,1724.31,paid
7669838,509193,2025-12-15 10:00:32,3803.51,paid
1515120,757349,2025-10-07 15:03:36,12721.66,paid
781323,603307,2025-08-08 13:46:09,34.76,paid
9632368,976274,2025-01-20 09:38:53,856.76,paid
899822,424994,2025-10-20 18:02:21,3294.29,paid
472400,772806,2025-10-16 12:22:03,83.38,paid
7131075,418604,2025-07-13 19:34:26,37.35,paid
1739808,980971,2025-03-21 17:53:03,499.94,paid
6905539,203951,2025-09-07 08:16:44,536.45,paid
9860848,198781,2025-01-21 14:11:19,77.72,paid
4699194,246475,2025-05-06 00:26:57,81.07,paid
404407,210552,2025-09-11 13:24:03,3494.98,paid
6381007,353738,2025-08-25 12:51:44,866.07,paid
1775778,125160,2025-09-13 10:47:55,81.65,paid
932905,735377,2025-02-12 15:32:26,24.35,paid
6580086,372607,2025-07-13 14:49:01,543.96,paid
2864242,198781,2025-08-27 11:53:22,82.0,paid
9667573,157478,2025-08-06 01:30:38,49.49,paid
8585999,866791,2025-12-08 13:14:30,38.24,paid
2591280,400614,2025-09-21 08:48:06,82.77,paid
4827010,383347,2025-01-13 12:07:12,77.56,paid
4115469,930679,2025-04-12 12:57:00,57.92,paid
4767907,368540,2025-07-05 08:53:28,69.71,paid
6529395,225784,2025-09-21 10:18:20,4402.97,paid
2924479,669363,2025-12-14 13:04:36,46.28,paid
2635008,872118,2025-07-24 09:22:01,8640.45,paid
8789668,284692,2025-12-05 09:04:14,808.53,paid
5335876,670800,2025-09-03 10:32:36,312.55,paid
9617115,852560,2025-01-31 08:09:40,661.59,paid
362460,299619,2025-05-31 03:36:57,375.93,paid
5520481,154252,2025-06-04 14:38:16,24.8,paid
1588380,359578,2025-04-09 15:33:26,56.6,paid
733140,894894,2025-08-29 12:58:05,510.61,open
9214034,872118,2025-11-27 16:59:52,8866.67,paid
4225835,615864,2025-04-24 14:31:13,616.22,paid
5996253,284686,2025-03-25 15:31:57,46.97,paid
9904468,935611,2025-04-25 09:54:04,40.02,paid
2079695,664752,2025-08-23 13:29:35,91.78,paid
5772566,571416,2025-04-26 11:32:02,254.13,paid
2764459,609487,2025-10-11 15:53:45,2023.83,paid
572213,292435,2025-12-27 08:33:20,819.36,open
7335241,205204,2025-09-09 07:01:45,143.61,paid
1414616,519899,2025-12-06 17:42:16,34.05,paid
398905,244208,2025-07-13 11:13:24,41.39,paid
2188029,935611,2025-12-06 12:25:20,38.39,paid
3886326,400614,2025-09-21 07:47:18,76.75,paid
7356276,186866,2025-04-29 14:04:41,392.33,paid
7081498,946742,2025-06-13 09:46:59,61.73,paid
3088403,543184,2025-12-13 07:55:27,41.7,paid
3460814,962759,2025-04-23 07:14:37,64.27,paid
7665422,358368,2025-04-06 09:10:06,52.8,paid
859479,295167,2025-06-13 10:20:41,47.08,paid
4124758,950873,2025-10-08 13:54:24,661.95,paid
4197312,404631,2025-01-01 18:59:34,308.07,paid
9936663,845929,2025-05-09 15:56:51,50.05,paid
1580924,647019,2025-11-12 14:57:52,805.28,paid
4525100,575382,2025-08-13 19:29:43,811.75,paid
4428006,112651,2025-06-13 17:52:40,36.89,paid
3740523,358468,2025-12-26 21:23:16,405.45,paid
7690652,577783,2025-12-17 12:22:31,759.5,paid
1957691,757526,2025-03-03 10:56:03,51.83,paid
2485302,975237,2025-06-11 13:29:04,462.14,paid
5910037,820426,2025-09-04 08:39:49,55.97,paid
3436009,796619,2025-03-18 12:29:23,424.36,paid
3505436,769395,2025-07-21 16:18:43,77.55,paid
2735206,105266,2025-11-28 09:10:26,73.63,open
4539064,298048,2025-10-28 10:18:27,58.24,paid
3371629,732615,2025-06-15 13:18:20,51.07,paid
6054207,983961,2025-06-06 14:53:24,501.54,paid
8241544,894894,2025-05-03 11:01:13,553.15,paid
5868192,620725,2025-07-25 14:21:09,44.37,paid
6191743,565218,2025-02-10 10:55:11,2779.44,paid
8658530,675863,2025-08-31 09:02:47,433.57,open
8569365,112651,2025-12-25 14:33:57,37.62,paid
2120370,812313,2025-07-24 13:39:17,97.93,paid
8394388,700790,2025-12-02 18:13:34,47.78,paid
318138,523028,2025-10-09 14:47:44,65.08,paid
2064092,779884,2025-06-16 06:49:22,4758.93,paid
7380122,662390,2025-02-23 09:48:48,139.07,paid
6493603,722037,2025-09-16 14:23:46,143.05,paid
2449925,468400,2025-09-15 08:36:44,4458.17,paid
1620969,129289,2025-04-08 16:16:18,22.64,paid
3584464,547854,2025-04-05 11:39:40,414.16,paid
8459733,304962,2025-04-27 15:22:32,5804.85,paid
8061007,249013,2025-04-16 11:52:19,4223.29,paid
803267,105052,2025-06-11 19:59:49,989.43,paid
4906175,668250,2025-06-20 19:25:50,4369.07,paid
6244657,378702,2025-07-03 07:28:42,71.92,paid
7016849,893484,2025-01-03 07:29:29,455.65,paid
1096102,624691,2025-07-30 18:17:58,744.17,paid
9338262,271150,2025-08-14 13:32:01,311.66,paid
7795365,182485,2025-02-14 13:12:56,146.15,paid
2794444,318214,2025-02-18 19:10:22,69.21,paid
4581159,621013,2025-09-26 07:37:49,35.36,paid
5041140,383211,2025-11-13 11:29:54,932.23,paid
471327,194356,2025-12-16 15:22:47,38.54,paid
4040866,271150,2025-09-02 20:27:23,284.07,paid
7983223,142978,2025-10-12 12:12:42,216.27,paid
8979915,165228,2025-10-01 12:14:02,649.6,paid
5314676,749734,2025-04-14 21:06:46,60.59,paid
9978898,349808,2025-04-18 16:27:21,380.24,paid
9805683,210552,2025-09-11 13:52:33,3728.32,paid
9441163,837734,2025-09-24 20:17:36,1182.11,paid
5945487,662368,2025-06-27 19:14:06,62.77,paid
1159323,779156,2025-09-26 20:52:44,553.16,paid
5505371,623050,2025-07-09 08:57:35,60.13,paid
9729583,206487,2025-01-15 08:11:09,72.15,paid
7811179,551362,2025-06-21 14:57:58,922.16,paid
8974913,547854,2025-06-28 11:37:39,377.53,paid
108237,668250,2025-11-07 13:42:20,4184.68,paid
8883191,537253,2025-08-27 10:21:10,36.77,paid
1313413,371884,2025-07-18 17:26:13,68.4,paid
9113130,938137,2025-06-18 09:32:38,700.06,paid
1502616,679023,2025-11-02 18:34:18,38.07,paid
5689350,759736,2025-02-19 10:40:43,506.16,paid
2481486,117687,2025-07-13 10:33:37,13868.02,paid
9777991,995560,2025-08-28 10:33:43,32.91,paid
9153341,211963,2025-02-09 08:13:17,472.15,paid
5905603,574470,2025-11-16 15:58:23,408.62,open
3901762,930679,2025-05-05 19:24:17,57.78,paid
5095523,318147,2025-05-27 08:55:16,34.47,paid
3574023,368540,2025-12-03 13:04:59,79.23,paid
4608197,664752,2025-12-11 17:28:17,81.6,paid
3990034,692863,2025-11-16 10:43:49,81.32,paid
2044079,499802,2025-07-11 14:16:07,82.68,paid
2583568,991768,2025-07-19 21:12:44,74.0,paid
344273,721049,2025-02-06 08:09:06,109.47,paid
9812850,140197,2025-12-30 12:06:49,1835.58,paid
7268438,425690,2025-09-12 12:27:49,36.63,paid
801443,826663,2025-01-23 14:33:53,2384.52,paid
732785,918351,2025-05-02 09:29:58,92.37,paid
1363310,112414,2025-03-25 10:51:58,33.87,paid
6184449,108606,2025-11-20 15:56:14,669.87,paid
5886865,218565,2025-06-28 12:50:54,51.4,open
301674,163603,2025-07-17 15:45:28,32.96,paid
4959453,181156,2025-07-20 18:24:03,538.38,uncollectible
3879429,970778,2025-07-19 11:08:07,599.87,paid
8638496,875381,2025-12-19 11:15:23,892.36,paid
9843726,742518,2025-05-13 13:29:32,776.9,paid
3896365,561696,2025-08-27 20:27:09,53.02,paid
3118291,962615,2025-10-09 12:58:46,741.03,paid
9733756,620640,2025-01-03 17:36:25,472.84,paid
3553165,930679,2025-02-08 05:11:23,62.33,paid
4651242,798586,2025-05-21 03:14:42,4162.62,open
5352974,968396,2025-10-19 15:13:18,79.63,paid
1120138,406745,2025-07-10 20:53:59,51.13,paid
2684662,742834,2025-10-17 07:07:58,105.54,uncollectible
9406192,941144,2025-08-19 18:39:57,261.41,paid
2826707,695658,2025-04-29 07:12:38,227.16,paid
6523418,641328,2025-09-15 12:23:48,23.5,paid
2610689,769943,2025-02-20 14:39:05,74.95,paid
956363,983167,2025-09-23 16:29:14,813.62,paid
1668829,701732,2025-07-03 23:59:08,31.85,open
4157524,695829,2025-08-27 12:37:37,43.81,paid
5987694,961788,2025-10-02 08:03:26,36.73,paid
7620434,692863,2025-11-10 06:04:33,98.09,paid
3873774,372638,2025-06-16 09:13:39,35.42,paid
1314730,150144,2025-03-09 12:52:40,148.66,paid
9126192,822380,2025-04-06 15:53:48,305.73,open
8152700,292435,2025-09-17 08:35:29,842.08,paid
428220,772957,2025-03-10 08:10:58,595.29,paid
2372022,252079,2025-04-25 09:49:25,69.45,paid
1267937,901613,2025-06-15 14:22:53,55.69,paid
9441807,600864,2025-02-08 06:59:19,46.5,paid
6679681,827874,2025-09-09 08:35:52,59.54,paid
9337301,733368,2025-07-23 14:56:24,47.31,paid
1996008,701732,2025-08-29 10:23:10,39.32,open
1266357,968396,2025-02-23 10:00:41,66.15,paid
2111723,225784,2025-03-24 12:05:53,5388.44,paid
1605182,848451,2025-03-17 20:04:07,572.4,paid
5679805,950543,2025-06-17 08:15:25,36.78,paid
7199086,836507,2025-06-28 10:21:30,116.79,paid
6521771,136409,2025-10-08 12:03:24,85.62,paid
4879412,805099,2025-06-05 11:23:23,36.48,paid
885949,553898,2025-01-17 14:13:05,100.73,paid
9976438,376354,2025-10-13 17:40:22,88.85,paid
1738504,290620,2025-09-14 09:52:02,84.2,paid
8291789,734926,2025-03-29 15:06:29,119.93,paid
3754872,684543,2025-03-09 13:47:18,98.54,open
8162015,454905,2025-10-11 00:01:53,52.31,paid
5943236,359909,2025-08-12 08:42:44,691.34,paid
480944,954668,2025-02-17 11:31:13,419.21,paid
2537844,713585,2025-08-09 15:11:11,85.43,paid
4244881,203951,2025-05-26 16:09:24,541.38,paid
4585578,790797,2025-10-17 17:17:57,23.44,paid
810923,119727,2025-01-09 18:35:43,287.07,paid
2891912,942304,2025-02-03 15:05:48,5836.77,paid
971222,142057,2025-10-19 10:12:34,414.71,paid
3395662,969783,2025-08-15 21:18:35,651.96,paid
8598978,686652,2025-06-09 07:23:57,69.9,open
848828,566579,2025-09-29 12:15:52,2428.86,paid
9913495,872833,2025-02-14 11:59:59,39.53,paid
3756240,975237,2025-03-11 00:22:31,458.22,paid
4346453,556047,2025-03-02 05:35:33,837.14,paid
3274362,444827,2025-11-11 01:41:17,34.59,paid
2063187,580435,2025-06-09 10:04:00,672.27,paid
3956319,992229,2025-08-27 15:21:30,2597.54,paid
1493859,672009,2025-10-10 12:55:37,1150.83,paid
3190819,549442,2025-07-21 09:50:21,3496.94,paid
568127,624539,2025-08-18 13:29:53,35.38,paid
3205577,104172,2025-07-31 00:13:23,27.52,paid
174723,894894,2025-11-16 07:28:46,488.11,paid
8584394,613197,2025-03-16 14:09:05,896.51,paid
8619875,270148,2025-01-01 10:31:44,949.12,paid
6019621,523028,2025-12-05 09:15:47,60.18,paid
4433975,334270,2025-09-27 15:55:12,2844.0,paid
2609922,580725,2025-07-10 14:58:14,35.97,paid
1478127,750844,2025-08-29 08:01:55,708.22,paid
3594904,565930,2025-07-29 12:35:01,688.75,paid
5367158,154252,2025-03-03 08:31:33,23.87,paid
1923615,757684,2025-05-02 11:50:45,70.82,paid
9754798,113224,2025-08-01 17:29:39,2632.41,void
3132485,634053,2025-12-27 16:54:16,2538.75,paid
2482299,694103,2025-04-15 13:30:45,37.05,paid
8817765,143122,2025-09-11 10:03:55,35.01,paid
8857957,375756,2025-04-05 12:50:27,625.18,paid
7626342,935611,2025-05-22 08:04:44,37.78,paid
3249822,873654,2025-08-01 20:10:28,3434.1,paid
344068,196541,2025-07-13 12:40:47,39.42,paid
75522,460814,2025-10-05 14:47:56,37.25,paid
7878857,725268,2025-04-11 17:03:37,274.53,paid
9037981,980608,2025-08-24 06:07:37,271.91,paid
2406686,359748,2025-03-31 11:59:23,581.27,paid
4574916,642899,2025-05-29 13:06:40,66.68,paid
5760180,289993,2025-03-31 13:06:30,549.08,open
539520,631589,2025-09-07 14:25:16,481.84,paid
471255,899024,2025-07-05 15:23:48,73.39,paid
8004574,599218,2025-10-09 06:06:55,5314.3,paid
6097121,449270,2025-08-01 21:30:14,87.09,paid
2332257,369202,2025-08-15 18:15:55,530.75,paid
5797910,656281,2025-07-11 08:24:15,233.09,paid
1155315,563161,2025-08-09 15:27:46,672.31,paid
9690374,199248,2025-10-22 10:30:33,4037.59,paid
4850416,876324,2025-12-08 14:06:29,1924.29,paid
3749489,248542,2025-09-14 09:05:32,35.93,paid
7364643,668059,2025-03-28 09:39:40,55.27,paid
2101628,479242,2025-11-30 20:05:28,235.72,paid
210310,865765,2025-08-07 09:23:54,112.41,paid
4204994,870377,2025-12-04 12:52:48,38.35,paid
4518970,631003,2025-08-27 12:28:21,293.75,paid
6308325,260951,2025-03-11 15:50:06,3070.12,paid
3599964,309198,2025-11-11 14:16:09,38.13,paid
4126016,262565,2025-11-12 14:16:27,531.19,paid
6414189,425690,2025-11-12 07:44:45,37.88,paid
2272802,391958,2025-09-17 20:44:56,39.92,open
6955632,326211,2025-06-29 23:59:47,715.72,paid
206995,368540,2025-01-27 09:49:26,72.62,paid
209029,104172,2025-07-31 12:50:28,23.66,paid
221864,572896,2025-01-05 12:17:07,51.61,paid
3875873,198116,2025-12-17 12:57:12,791.0,paid
7712387,555768,2025-05-20 17:52:29,558.58,paid
5667950,124161,2025-02-02 10:52:06,130.08,paid
9978838,531456,2025-07-13 03:14:37,82.07,open
6541884,230161,2025-09-29 17:53:23,393.36,paid
7149439,331311,2025-01-13 22:58:32,730.29,paid
1885511,727242,2025-02-04 15:10:13,103.85,paid
283699,580435,2025-04-24 12:43:08,562.47,open
1533210,312337,2025-05-11 13:47:46,66.75,paid
503734,335302,2025-12-16 07:46:46,25.01,paid
1627811,663857,2025-06-21 12:26:22,2362.1,paid
4093608,669363,2025-07-01 13:37:31,46.2,paid
8484288,431016,2025-09-02 21:40:19,37.78,paid
9146108,183180,2025-03-25 15:05:56,369.29,paid
3908528,344893,2025-04-07 11:29:41,2901.01,paid
7266722,149208,2025-12-20 23:59:55,49.73,paid
2639414,142057,2025-04-30 15:15:21,432.07,paid
4052775,515850,2025-02-11 14:24:15,59.88,paid
525936,132627,2025-10-24 07:38:16,55.2,paid
6915370,507445,2025-08-12 18:22:10,707.95,open
8456550,200323,2025-01-18 16:42:39,134.05,paid
5859188,291773,2025-02-25 13:48:32,63.26,paid
3201307,938205,2025-03-31 07:24:21,131.42,open
2216017,175177,2025-09-01 09:17:40,40.56,paid
629190,411362,2025-11-11 09:37:28,76.61,paid
5926841,684543,2025-09-29 13:33:42,102.17,paid
785172,136968,2025-12-06 16:35:43,235.32,paid
210468,380358,2025-06-13 09:39:57,80.81,paid
6527673,461906,2025-03-23 11:52:55,46.3,paid
960606,996360,2025-10-29 15:54:45,100.85,paid
6769303,875061,2025-02-15 15:39:42,109.55,paid
5755351,495640,2025-10-14 19:35:54,98.27,open
6724056,845929,2025-10-16 10:04:12,45.72,paid
1410434,419173,2025-02-22 07:25:59,4126.09,paid
4876323,617749,2025-05-11 13:12:24,79.48,paid
5702525,144659,2025-07-02 03:32:34,526.33,open
4917627,124161,2025-07-07 09:15:12,132.39,paid
4767435,334270,2025-04-17 08:53:23,2814.69,paid
694108,814957,2025-11-28 09:46:20,485.81,open
4743125,863793,2025-06-23 07:29:31,94.77,paid
3378327,561696,2025-08-27 16:28:09,39.61,paid
5923500,201370,2025-02-20 10:32:39,1014.77,void
4815013,196541,2025-06-01 21:22:35,39.17,paid
6401646,228499,2025-10-17 11:35:48,35.36,paid
1900729,839782,2025-12-13 15:16:27,1726.18,paid
7000750,968396,2025-01-06 16:52:12,78.11,open
464767,839821,2025-08-12 17:51:06,610.39,paid
9431249,687763,2025-07-17 08:40:34,433.39,paid
8833035,870271,2025-06-01 23:19:43,57.49,void
4375379,315175,2025-07-19 08:01:12,62.23,paid
6179734,535256,2025-03-05 15:38:24,488.19,paid
676368,769395,2025-10-22 15:49:43,76.63,paid
6954192,310258,2025-02-03 12:18:30,49.66,paid
5517425,104172,2025-07-31 01:29:28,25.02,paid
4053787,435506,2025-03-22 18:59:52,403.46,paid
9472443,820426,2025-11-06 13:33:18,64.52,paid
2046675,877896,2025-07-27 09:13:04,74.52,paid
2700060,624691,2025-04-12 11:38:26,648.9,paid
6238694,135223,2025-07-07 08:26:44,69.89,paid
7878456,540635,2025-06-10 09:06:21,159.0,void
609458,987167,2025-12-07 11:26:38,511.96,paid
9015632,505710,2025-02-19 20:53:45,416.72,paid
4486605,837734,2025-09-23 13:00:54,1100.3,paid
3839785,116626,2025-09-11 15:35:27,3241.98,paid
7616292,425690,2025-05-21 08:33:29,35.52,paid
6842817,451634,2025-02-05 02:21:34,174.97,paid
8677837,579749,2025-09-03 13:04:05,63.26,paid
1518436,793847,2025-05-10 23:29:05,610.58,paid
2676610,364738,2025-02-10 15:22:47,733.99,paid
1473666,287710,2025-09-05 08:30:08,4180.01,paid
6941542,256231,2025-08-06 16:50:33,811.92,paid
959059,819199,2025-02-01 09:04:10,37.13,paid
2769889,362499,2025-11-02 11:43:16,576.04,paid
6975528,807582,2025-06-24 13:59:36,329.56,paid
4317544,416704,2025-03-02 12:24:04,82.54,paid
945256,143122,2025-09-10 07:39:03,32.93,paid
4188531,631003,2025-03-01 07:27:46,293.0,open
4920995,309198,2025-09-09 15:16:43,34.34,paid
4904037,345589,2025-08-14 15:05:24,806.58,paid
4562042,909042,2025-10-15 08:41:54,46.57,open
8088189,962615,2025-09-03 11:07:47,842.6,paid
378258,653379,2025-10-06 09:14:16,330.46,paid
1837607,902347,2025-12-25 11:07:21,3156.51,paid
3438327,435506,2025-03-06 05:19:38,449.92,paid
3619941,590704,2025-05-07 02:47:41,575.29,paid
9556174,692337,2025-07-23 16:17:55,662.67,paid
8482260,119663,2025-09-29 18:38:54,3216.69,paid
4339248,461906,2025-09-26 08:49:08,45.61,paid
6446877,280606,2025-12-09 15:40:02,33.28,paid
3007354,315118,2025-10-09 07:24:43,3244.26,paid
6968516,283866,2025-12-03 18:22:40,3162.44,paid
7534185,577783,2025-05-11 09:43:03,678.57,paid
2284737,412644,2025-01-19 22:22:14,57.8,paid
8766829,822666,2025-07-03 20:26:26,750.08,paid
4909907,157411,2025-01-31 13:03:29,5234.7,paid
439756,157315,2025-12-24 14:06:31,35.53,paid
9822711,916037,2025-11-20 15:27:44,33.97,paid
1203461,377902,2025-09-16 13:37:07,3754.19,paid
8683502,216864,2025-05-28 15:25:29,25.79,uncollectible
5549512,346678,2025-05-12 22:19:24,417.87,paid
1192750,713585,2025-10-15 11:31:18,83.21,paid
7987504,211956,2025-06-06 15:02:07,320.54,paid
1639324,186866,2025-11-14 10:32:14,399.9,paid
3267534,705867,2025-10-23 15:58:09,3781.7,paid
1364160,854166,2025-09-24 20:23:15,526.45,paid
8621580,600774,2025-12-26 14:51:34,3109.55,paid
3119438,498584,2025-09-16 12:53:42,71.23,paid
6930457,211956,2025-09-16 17:47:33,277.89,paid
1904712,667992,2025-09-02 12:42:59,4853.66,paid
1334545,561696,2025-08-28 00:38:26,44.84,paid
2762491,725693,2025-02-04 15:27:38,297.42,paid
6925940,952105,2025-10-05 16:32:42,614.99,paid
8052583,836507,2025-04-16 15:27:59,104.21,paid
9793648,111647,2025-11-24 09:57:32,7616.28,paid
7011185,988431,2025-12-19 09:39:19,35.46,paid
8058130,178553,2025-03-23 11:56:14,36.32,paid
3898782,488457,2025-08-01 13:34:04,76.21,paid
1635156,552380,2025-08-22 10:20:38,1713.68,open
4247202,359578,2025-08-26 08:59:40,61.56,paid
4309808,260951,2025-12-09 05:18:34,3427.71,uncollectible
6008748,938120,2025-11-23 10:12:50,234.61,paid
9288601,645195,2025-04-08 12:15:39,37.08,paid
3919312,586292,2025-09-09 05:07:06,35.07,paid
5263017,550131,2025-01-27 15:35:54,788.96,paid
7142287,600864,2025-03-13 07:48:17,45.96,paid
6661860,139085,2025-11-21 18:18:36,37.98,paid
6637906,241202,2025-06-11 11:40:07,946.68,paid
4329936,692337,2025-07-05 09:28:51,670.16,paid
6960745,604137,2025-07-11 16:13:56,58.77,paid
7140102,686652,2025-08-07 13:17:28,71.85,paid
3087793,292475,2025-11-27 13:38:40,2320.57,void
5857974,247268,2025-08-24 11:03:25,548.12,paid
1545234,301920,2025-01-16 12:10:05,36.04,paid
6960112,806501,2025-07-27 14:41:31,383.49,paid
3644886,819946,2025-05-18 17:32:06,125.27,paid
9942671,295860,2025-02-26 14:29:33,70.12,uncollectible
7312896,141134,2025-12-17 10:02:48,66.1,void
1539142,315118,2025-05-26 21:52:38,3550.52,paid
6112687,721049,2025-07-07 15:10:17,106.8,paid
3675121,482349,2025-11-10 08:00:14,89.69,paid
121803,820834,2025-09-23 23:14:48,646.45,paid
289988,823165,2025-08-17 08:23:44,75.73,paid
9080194,631393,2025-09-24 18:07:54,36.0,paid
9429091,339830,2025-09-17 09:19:24,3094.8,paid
7080642,452579,2025-02-22 11:40:17,99.1,paid
3192912,692089,2025-10-04 07:44:00,869.45,open
9293204,615864,2025-09-13 12:10:17,587.04,paid
7016111,553479,2025-05-01 12:23:11,3038.43,paid
6582448,981433,2025-05-05 10:44:39,1693.93,void
4692776,681503,2025-04-01 10:51:11,58.3,paid
4326139,362499,2025-04-24 19:16:27,549.94,paid
1747625,119727,2025-08-25 10:30:41,323.53,paid
8698678,952233,2025-09-10 15:00:27,609.21,paid
1089684,620446,2025-12-21 08:45:53,32.78,paid
5500485,896132,2025-07-24 13:10:10,96.6,paid
7249588,301410,2025-04-06 14:54:22,246.59,paid
439622,395744,2025-07-29 12:42:47,63.37,paid
525028,353158,2025-04-25 11:44:06,1996.79,paid
3160335,554336,2025-11-05 14:19:17,35.73,paid
4758949,445354,2025-08-29 08:54:32,74.08,paid
2282438,825599,2025-06-11 15:26:12,80.46,paid
7113134,141134,2025-02-10 10:27:47,68.02,paid
7153156,992229,2025-11-23 15:21:10,2890.1,paid
28055,415716,2025-09-04 13:05:23,35.9,uncollectible
8773551,606408,2025-08-01 06:28:59,33.85,paid
835097,872118,2025-02-23 21:06:07,8931.88,uncollectible
1288316,673856,2025-12-06 05:24:41,56.72,paid
9980763,663857,2025-08-21 14:21:07,2599.34,paid
8064761,869256,2025-06-15 16:38:08,69.11,paid
6474833,254108,2025-12-05 15:54:51,129.15,open
3275583,433844,2025-01-07 13:16:37,37.19,paid
5215971,194570,2025-02-25 16:42:09,32.0,paid
8287257,400614,2025-09-21 09:29:00,78.87,paid
9722516,509193,2025-01-11 10:24:15,4133.05,paid
5098385,321951,2025-06-10 13:04:55,33.0,paid
709987,289564,2025-06-29 09:00:05,278.06,paid
1664193,491474,2025-10-07 07:13:48,2806.7,paid
2649462,179049,2025-05-19 12:50:13,365.17,paid
9249844,819790,2025-12-25 15:39:27,654.93,paid
9468802,916616,2025-05-17 05:52:58,1191.16,paid
8217194,717660,2025-02-24 14:42:38,79.61,open
2955440,166599,2025-05-12 14:24:58,636.18,paid
3842141,694103,2025-08-01 09:50:14,36.28,paid
4732414,481953,2025-03-20 10:45:52,5814.27,void
9851196,644475,2025-03-11 14:30:10,63.67,paid
1112362,751454,2025-06-24 23:20:10,2814.31,open
328535,156588,2025-04-22 16:10:35,339.31,paid
9774450,449270,2025-11-10 08:36:49,93.97,paid
9382421,641328,2025-09-27 14:39:23,23.4,paid
7259640,600806,2025-02-12 08:44:07,65.49,paid
3340695,950873,2025-12-28 08:44:49,626.23,open
5121002,467325,2025-07-08 22:36:52,177.07,paid
2871239,558167,2025-11-04 09:54:23,1671.68,paid
3606106,479649,2025-12-04 14:53:18,49.2,paid
697044,952233,2025-10-07 11:11:34,539.73,paid
9899232,661816,2025-01-20 10:59:54,376.93,paid
4006303,263501,2025-09-25 08:25:23,46.26,paid
7831142,376354,2025-05-07 22:53:20,80.5,paid
2683056,301959,2025-11-21 12:32:08,943.99,paid
1662280,209357,2025-09-10 03:49:55,31.09,paid
3276382,676614,2025-07-16 19:24:43,407.77,paid
4124894,772806,2025-11-20 16:43:38,86.78,paid
9388856,942304,2025-02-09 11:13:17,4839.38,paid
6005048,479242,2025-10-18 08:15:11,251.8,paid
7336134,925364,2025-12-04 19:31:01,623.97,paid
5161426,664752,2025-12-01 05:03:25,87.71,paid
4373598,256019,2025-02-25 15:06:08,678.98,paid
9476332,918351,2025-02-01 15:14:10,76.38,paid
6519553,697547,2025-11-17 14:50:09,367.85,paid
1417648,450789,2025-01-27 09:05:30,2293.04,paid
6911176,992844,2025-09-23 11:54:17,292.96,paid
2630406,284686,2025-04-04 10:39:05,47.37,paid
6064542,228499,2025-04-19 11:30:22,33.38,paid
3859819,196847,2025-09-16 08:47:49,2738.18,paid
2783792,540498,2025-05-31 14:00:55,686.46,paid
5897287,952105,2025-12-27 11:22:58,634.82,paid
5525453,316635,2025-08-09 13:14:58,710.8,paid
1036145,255136,2025-02-06 01:48:10,102.99,void
2705836,519323,2025-10-12 10:34:58,33.45,paid
823281,197488,2025-03-10 20:01:14,386.8,paid
9987510,632926,2025-08-06 19:11:42,1005.64,paid
418209,444888,2025-08-07 14:11:24,764.69,paid
261713,139085,2025-10-01 07:56:11,40.0,open
1502188,991572,2025-06-22 21:07:56,383.68,paid
1324471,631096,2025-05-01 10:22:26,38.07,open
6588504,874496,2025-01-30 12:04:25,1502.99,open
5790902,751178,2025-07-02 14:33:51,2099.15,paid
7319725,397763,2025-04-20 13:08:51,348.86,paid
2337117,228567,2025-09-13 02:19:55,746.71,paid
5407726,870377,2025-06-23 17:51:17,36.99,paid
5582364,176018,2025-06-12 15:23:09,692.35,void
3630723,624691,2025-11-03 14:45:37,739.33,paid
8609162,845929,2025-07-01 09:06:29,48.62,paid
5436975,332026,2025-05-14 04:25:10,31.99,open
1826953,634412,2025-03-22 09:39:58,4451.96,paid
8608320,888943,2025-05-08 09:15:33,35.91,paid
9504336,996819,2025-07-18 14:28:04,1891.44,paid
8276677,331341,2025-09-11 16:09:29,47.07,paid
7907197,765110,2025-08-28 14:40:00,35.74,paid
8580576,295167,2025-10-29 18:31:00,45.69,paid
5943581,339830,2025-12-11 11:14:40,2902.1,paid
3396870,687117,2025-04-04 09:16:18,48.99,void
9121619,918351,2025-06-27 14:48:18,85.65,paid
7480972,320794,2025-09-12 14:04:08,60.91,paid
9708900,335130,2025-07-07 15:53:36,180.35,paid
7973523,749288,2025-07-20 10:04:46,1880.23,paid
6939757,796619,2025-04-16 14:09:17,424.04,paid
9928883,679023,2025-04-12 16:49:27,32.66,paid
2299420,368540,2025-09-30 15:49:36,71.44,paid
6616231,863338,2025-09-12 15:52:18,418.27,uncollectible
3585822,854467,2025-01-11 11:14:21,799.39,paid
8379119,886365,2025-08-04 13:04:52,2338.26,paid
2643442,610566,2025-06-08 08:42:27,355.42,paid
3596408,507445,2025-08-12 19:49:38,678.98,paid
3532662,911267,2025-12-18 18:03:37,2672.88,paid
3132817,832087,2025-09-18 08:33:45,375.88,open
1049774,224336,2025-08-24 05:34:10,29.23,paid
2245786,452461,2025-05-04 20:55:04,559.42,paid
3979110,631393,2025-09-08 08:09:32,34.57,paid
6637170,111647,2025-03-17 11:19:53,8556.66,open
8507884,557608,2025-08-13 08:48:20,773.16,paid
9714546,739777,2025-01-25 17:30:43,1289.92,paid
5760487,617646,2025-06-01 10:19:06,338.99,paid
3271802,142260,2025-03-20 17:40:36,6098.74,paid
5816064,603307,2025-06-26 18:59:21,34.7,paid
8429927,832207,2025-03-04 04:01:57,731.25,paid
4235759,378343,2025-12-27 17:03:09,501.14,paid
6349256,291292,2025-10-25 09:37:06,538.64,paid
3369215,479242,2025-12-30 08:47:16,245.18,open
1713779,865183,2025-07-20 18:39:02,3222.42,paid
1960359,705149,2025-12-15 18:24:02,101.29,paid
5093403,708315,2025-07-01 07:52:49,35.32,paid
6531403,378343,2025-06-10 04:42:47,585.45,paid
5414476,416704,2025-02-10 21:45:41,81.87,paid
4295694,814957,2025-06-01 18:04:43,505.27,open
7837620,368540,2025-12-21 12:21:12,75.34,paid
620131,656283,2025-10-23 11:31:57,786.46,paid
8421677,339409,2025-09-20 20:21:21,70.52,paid
7764843,443384,2025-11-21 16:20:18,71.52,paid
4575670,732615,2025-02-22 14:55:00,49.09,paid
1145183,875061,2025-09-04 08:44:54,99.58,paid
3805853,790366,2025-08-25 09:30:11,39.32,paid
1729934,872118,2025-06-16 00:50:41,8648.27,paid
8212267,602857,2025-03-25 22:29:09,74.03,paid
3142846,575421,2025-08-10 19:51:28,97.27,paid
1984015,827874,2025-04-08 10:25:21,60.77,paid
934051,885767,2025-02-23 12:26:51,289.28,paid
2791533,217404,2025-10-04 02:52:33,48.86,paid
2785935,380513,2025-11-14 10:55:26,82.48,paid
8360617,501273,2025-10-01 12:52:09,62.16,void
3329124,531456,2025-03-04 11:37:05,90.01,paid
3797150,861024,2025-05-08 14:26:16,868.15,paid
30797,619995,2025-09-07 08:34:01,37.22,paid
2088697,687763,2025-02-16 15:14:37,398.91,paid
2038798,452579,2025-07-26 08:40:19,93.0,paid
4399352,575346,2025-08-17 03:05:36,541.0,paid
5303984,549442,2025-09-25 15:09:40,3933.71,paid
9010374,164239,2025-02-26 12:40:12,33.89,paid
3261748,632926,2025-09-13 11:52:14,1131.17,paid
1850225,870519,2025-02-19 20:15:58,23.43,paid
5616948,252591,2025-07-07 10:21:26,368.07,paid
7083424,644475,2025-10-31 17:36:20,59.42,paid
7436431,874496,2025-08-31 20:35:07,1615.46,paid
4941079,782122,2025-12-21 13:45:17,37.07,paid
1260195,124161,2025-10-16 09:21:49,116.61,paid
3825659,919065,2025-02-15 20:12:19,626.05,paid
5607199,910761,2025-11-25 10:14:09,2906.75,paid
2027550,329586,2025-07-18 03:26:17,557.68,paid
8159641,725693,2025-07-26 18:01:15,293.46,paid
4868766,805943,2025-01-17 09:53:11,46.61,paid
4615951,958517,2025-08-24 17:49:29,703.87,paid
6335695,366471,2025-05-21 07:18:21,499.15,paid
1865952,872833,2025-11-22 13:31:52,33.93,paid
4603184,356711,2025-06-10 14:07:05,1717.1,paid
2458311,883487,2025-01-30 18:57:48,76.44,paid
5248450,262644,2025-11-07 09:27:23,1275.05,paid
2205120,519323,2025-06-01 04:07:03,37.62,void
6234122,950543,2025-08-21 11:19:33,36.0,paid
4428191,695829,2025-09-16 09:03:02,53.33,paid
4418747,914996,2025-03-30 18:49:49,781.74,paid
2357835,902628,2025-05-23 13:36:49,2698.97,paid
5019495,284686,2025-08-01 09:13:01,47.95,paid
5893288,553898,2025-03-04 10:51:14,91.65,void
9574555,378702,2025-10-26 05:52:45,74.54,open
7328057,288393,2025-06-10 14:21:29,360.12,paid
5946239,962615,2025-02-20 11:56:59,772.12,paid
5795982,531456,2025-05-15 08:21:22,88.0,paid
5360168,925364,2025-10-15 03:55:35,614.0,paid
4798692,381513,2025-01-03 08:53:50,39.36,paid
9366850,256019,2025-03-29 13:42:07,645.12,paid
9011638,513019,2025-03-21 15:49:43,216.94,paid
9468417,642899,2025-04-10 14:30:11,71.48,paid
4062038,858842,2025-03-18 10:25:34,462.32,paid
9551324,173985,2025-12-28 09:57:59,51.37,paid
8659975,988184,2025-09-29 14:05:58,1784.3,paid
6732957,911125,2025-08-25 09:15:04,747.54,paid
7207593,647876,2025-08-02 20:44:45,282.92,paid
2313545,845929,2025-02-16 14:07:31,51.35,paid
9386096,425690,2025-12-04 16:51:44,34.18,paid
1852685,225448,2025-04-06 17:21:17,3267.36,paid
3839841,335130,2025-08-24 17:59:22,168.47,paid
3959804,597040,2025-12-16 09:38:39,73.03,paid
1365714,551545,2025-06-15 15:18:21,36.15,void
9042126,791209,2025-07-20 16:09:04,83.07,paid
967445,132627,2025-10-08 09:25:30,58.62,paid
1703993,288150,2025-05-14 09:32:20,345.99,paid
8919668,670800,2025-10-22 18:58:25,307.4,paid
4775734,761986,2025-12-19 07:32:18,3448.28,paid
5787806,838808,2025-12-11 12:14:28,767.66,uncollectible
8040650,499802,2025-07-28 15:45:48,68.98,paid
9511539,443866,2025-01-03 07:03:11,40.95,paid
6669205,491474,2025-05-02 11:44:15,2396.22,paid
9006082,819790,2025-12-16 10:19:37,692.63,paid
7039503,651612,2025-04-08 21:51:09,58.05,paid
9751497,170008,2025-04-19 13:40:29,1907.87,paid
1670456,250089,2025-04-18 05:40:19,32.52,paid
8318951,108657,2025-04-27 09:57:57,553.68,paid
8864803,596031,2025-04-18 13:09:58,286.79,uncollectible
1063555,513477,2025-06-17 08:08:26,785.69,paid
1378350,431648,2025-07-06 08:26:17,130.63,paid
51876,806120,2025-06-24 15:04:50,50.08,paid
7216821,203951,2025-09-15 09:42:13,577.0,paid
2550461,946742,2025-07-20 14:12:46,58.29,open
8999693,199248,2025-10-26 16:39:58,4272.85,paid
7635086,197488,2025-11-24 17:26:42,400.35,paid
5197810,618342,2025-02-20 16:52:03,3759.02,paid
954284,211058,2025-10-01 15:14:45,512.41,paid
4917465,832207,2025-10-04 16:54:48,688.27,paid
7913980,902662,2025-09-07 21:32:26,34.21,paid
3046976,223459,2025-06-29 16:43:44,86.55,paid
3286715,785078,2025-10-27 19:14:25,81.35,paid
2376822,563394,2025-11-06 17:42:36,942.06,paid
9294204,359178,2025-05-04 18:37:48,480.99,paid
4168040,976274,2025-12-13 12:40:07,878.77,paid
2032836,991768,2025-08-06 09:09:58,79.32,paid
100606,181156,2025-02-16 08:09:16,496.9,paid
2035655,830784,2025-08-03 09:55:35,514.54,paid
7085336,567817,2025-08-06 10:56:43,49.53,paid
2286719,540658,2025-03-31 11:28:41,68.38,paid
9186809,316254,2025-09-27 15:33:11,641.19,paid
974503,471767,2025-03-21 16:04:36,76.98,open
6164310,989410,2025-11-05 15:28:18,11.33,paid
1629436,481016,2025-12-07 15:57:20,717.1,paid
1401340,565930,2025-07-29 14:12:59,646.64,paid
5920225,919974,2025-04-17 11:48:34,2751.57,paid
2517632,982749,2025-04-08 09:47:33,79.56,paid
6652090,406745,2025-12-13 16:18:20,49.66,paid
8380315,983961,2025-06-06 12:51:42,488.64,paid
1989688,441926,2025-04-06 18:35:23,62.44,paid
710776,147538,2025-11-24 09:05:19,58.18,paid
3817841,978965,2025-10-07 06:34:58,644.63,uncollectible
8972238,443866,2025-08-16 16:00:11,34.1,paid
6303492,942304,2025-10-11 13:08:37,5112.2,paid
5122059,196472,2025-05-10 14:55:23,562.64,paid
7538080,827874,2025-08-31 13:52:34,60.07,paid
2989497,200865,2025-03-13 08:40:54,255.68,open
2667947,619995,2025-12-02 14:48:26,40.2,paid
7926696,265989,2025-09-20 09:21:25,52.8,paid
8095145,741646,2025-10-03 09:47:56,731.62,paid
3401172,406504,2025-07-25 09:58:53,2766.6,paid
6730455,211058,2025-09-22 08:50:39,557.32,paid
5290786,283866,2025-06-18 17:45:10,3317.01,paid
6589306,129289,2025-08-31 09:51:26,19.53,paid
9666845,854467,2025-07-17 13:31:23,795.84,paid
1401448,444827,2025-05-06 13:57:41,39.07,uncollectible
1113972,111936,2025-07-16 08:28:20,737.54,paid
2286653,242844,2025-04-12 10:12:49,1894.2,paid
6539349,488457,2025-05-05 19:42:45,69.22,paid
3075255,115359,2025-08-18 20:09:03,32.17,paid
1358195,216490,2025-01-17 14:48:15,42.23,paid
506887,960588,2025-10-19 09:00:19,44.52,paid
7860256,827874,2025-05-20 07:50:14,56.09,open
622990,540115,2025-09-25 01:50:50,847.93,paid
4704391,515850,2025-03-03 05:00:59,64.39,paid
7314906,227254,2025-11-01 10:51:28,70.2,paid
5657123,883487,2025-12-29 09:20:07,78.67,paid
3700884,910761,2025-04-07 06:40:32,3047.91,paid
9387901,316254,2025-10-16 07:14:47,682.58,paid
5318510,973361,2025-10-09 18:05:20,291.15,paid
5499974,870241,2025-05-23 10:24:18,39.32,paid
7819485,841724,2025-05-31 22:55:19,3080.67,paid
1239516,861024,2025-03-06 06:30:01,844.79,paid
7814961,631003,2025-04-10 04:47:44,301.29,paid
4901494,263552,2025-09-26 16:56:13,35.86,paid
4190199,625558,2025-05-19 17:45:18,68.85,paid
9030540,372180,2025-01-27 06:17:34,48.34,paid
5284854,250089,2025-01-10 13:32:19,37.71,paid
4517036,376354,2025-07-06 11:50:25,79.35,void
4985127,550331,2025-06-29 13:04:25,54.07,paid
8524368,132627,2025-12-19 22:00:26,58.7,paid
2553561,660322,2025-12-07 11:55:11,475.13,paid
6583386,989157,2025-12-25 14:01:01,93.25,paid
9501566,196331,2025-12-28 15:43:03,1103.41,paid
2133850,973987,2025-04-26 11:17:54,25.86,paid
4327748,574768,2025-01-19 10:46:50,935.44,paid
3256729,516677,2025-12-13 14:34:48,237.87,paid
9454257,228499,2025-11-24 15:05:56,36.94,uncollectible
856404,765110,2025-06-29 11:43:11,31.81,paid
6614623,769811,2025-10-07 07:32:03,1367.5,paid
7991931,793847,2025-11-12 07:25:46,548.73,paid
1357766,404963,2025-09-09 15:58:14,643.45,paid
5758449,108657,2025-10-17 19:09:15,618.23,paid
9201990,479649,2025-04-14 21:39:08,52.66,paid
8224749,863793,2025-12-01 14:51:30,97.34,paid
7989922,498799,2025-04-10 13:06:00,410.28,paid
8067797,662747,2025-06-13 16:21:44,17504.05,paid
3255578,540749,2025-01-31 09:51:32,24.79,paid
4771613,911267,2025-06-02 12:39:12,2825.02,paid
6773872,902347,2025-02-24 06:55:31,3260.44,paid
3843111,163603,2025-07-07 07:51:01,39.35,paid
9098519,938120,2025-06-08 16:21:04,198.92,paid
6098143,200865,2025-01-22 08:07:16,259.54,paid
3924052,928274,2025-08-13 08:19:37,465.04,paid
5294923,697314,2025-07-28 09:05:05,413.83,paid
4691022,209127,2025-06-05 22:42:25,2069.87,void
5475101,516432,2025-05-22 15:25:53,715.6,paid
440108,861024,2025-07-24 22:39:44,786.28,paid
3954877,271150,2025-06-24 21:35:54,344.02,paid
8867631,695703,2025-02-17 15:38:17,74.57,paid
7160035,218565,2025-08-21 11:25:39,46.53,paid
3216957,199248,2025-08-22 13:23:54,4042.7,paid
6197514,889010,2025-01-23 13:45:28,258.54,paid
9725369,611661,2025-01-30 09:05:50,60.47,paid
8114099,995560,2025-04-07 07:38:59,36.79,paid
5832972,514217,2025-07-27 15:10:19,728.8,paid
8038439,997844,2025-07-11 14:41:47,6315.79,uncollectible
9669566,246475,2025-09-26 11:17:02,81.51,paid
6437112,775527,2025-08-29 10:10:23,2372.84,paid
3166333,301959,2025-01-01 08:25:41,902.3,paid
8586939,670699,2025-05-14 12:28:09,698.74,paid
8430599,980971,2025-12-25 08:35:50,495.76,paid
3334146,356856,2025-09-16 14:11:43,75.27,paid
7764743,106212,2025-04-05 17:16:24,3547.49,paid
6549889,141134,2025-01-13 08:44:51,77.82,open
2210527,870377,2025-06-16 08:27:12,35.1,paid
2388628,646915,2025-08-17 09:47:03,467.13,paid
7503409,170902,2025-09-18 14:45:31,32.49,paid
256191,453260,2025-07-09 13:52:16,519.04,paid
2637375,948864,2025-11-06 13:37:30,511.85,paid
7620291,951550,2025-04-01 07:06:50,35.97,paid
3996070,693667,2025-02-05 06:43:20,535.08,paid
3483242,779884,2025-08-14 11:32:14,4939.04,paid
9483340,540233,2025-03-22 00:00:19,23.14,paid
8653962,644920,2025-03-27 16:36:25,570.11,paid
5289299,961826,2025-12-22 16:57:14,70.94,paid
1160280,108606,2025-08-19 09:11:17,660.81,paid
2302791,615864,2025-04-20 10:47:23,577.67,paid
4119202,615864,2025-03-06 13:43:40,563.89,paid
7897006,473607,2025-01-20 13:25:49,38.4,paid
8915551,118279,2025-02-17 12:23:06,510.32,open
7729272,732615,2025-09-24 14:40:59,46.34,paid
7942883,610566,2025-04-01 15:15:49,282.31,paid
713008,444827,2025-02-02 06:09:55,35.1,paid
8766028,504080,2025-11-28 10:45:18,71.05,open
8904420,275252,2025-04-07 10:17:42,629.22,paid
4051107,791336,2025-03-16 18:29:43,466.46,paid
208259,302066,2025-12-27 13:12:41,81.73,paid
7828778,395744,2025-06-26 19:05:42,56.9,paid
7871785,527428,2025-10-26 13:56:35,6211.58,uncollectible
5214880,909740,2025-04-30 14:27:29,223.4,paid
9693577,376850,2025-08-13 09:56:40,49.19,paid
2161979,125160,2025-09-13 13:47:36,80.73,open
7114100,946742,2025-01-12 10:20:55,58.02,paid
5186478,355983,2025-12-25 06:49:37,243.15,paid
3762337,537253,2025-11-05 13:06:53,35.24,paid
9337614,358368,2025-01-09 18:06:39,48.59,paid
9124536,938137,2025-05-02 06:42:42,773.39,paid
2422377,999282,2025-07-31 09:28:23,35.59,paid
8135385,393542,2025-11-30 13:41:32,35.36,paid
9521649,155872,2025-10-23 10:49:51,656.97,paid
5229445,140321,2025-03-10 13:29:34,430.39,paid
887292,859443,2025-06-26 05:45:21,21641.88,paid
2415368,125160,2025-09-13 12:55:11,81.41,paid
5488770,991572,2025-08-09 17:17:14,347.48,paid
839287,157411,2025-06-02 10:35:58,5080.91,paid
4325033,252079,2025-06-27 17:41:23,69.73,paid
8518603,298048,2025-04-11 21:09:35,54.63,paid
9510210,148986,2025-08-17 14:55:46,166.85,paid
9958175,593883,2025-05-31 09:19:33,32.0,paid
7836386,897529,2025-06-26 15:32:10,25.71,paid
4493873,479493,2025-10-18 14:06:01,116.36,paid
5962585,493447,2025-01-28 00:22:00,2068.83,open
7187514,147538,2025-05-21 13:24:01,59.27,paid
5070664,688496,2025-03-06 11:33:24,363.75,paid
9994554,424962,2025-02-07 14:39:43,832.05,paid
6501933,646309,2025-03-11 12:09:41,349.31,paid
6709362,624691,2025-09-11 08:03:00,690.47,paid
7004441,393362,2025-10-20 17:06:47,524.51,paid
9788033,744444,2025-11-29 11:14:28,2535.68,paid
4274503,197488,2025-01-30 09:00:19,437.3,paid
7411854,686916,2025-07-08 19:37:31,3835.32,paid
1782374,792694,2025-12-19 09:33:34,1012.47,paid
1141795,894894,2025-07-04 10:34:38,515.65,paid
8390027,170417,2025-12-13 12:13:47,904.77,paid
7399276,102220,2025-05-06 13:23:25,285.64,paid
1549433,779884,2025-02-28 10:33:57,4525.66,paid
5436537,660322,2025-11-14 11:06:48,529.9,paid
226340,194570,2025-04-05 10:54:20,38.85,paid
2109279,164239,2025-12-09 20:37:59,36.71,paid
9633127,304113,2025-01-02 15:38:12,474.13,paid
3883271,684498,2025-05-05 09:52:13,2283.08,paid
5986631,509193,2025-08-03 14:40:11,3336.65,paid
2594517,371884,2025-09-29 14:08:18,67.1,paid
6436422,661655,2025-11-29 15:51:25,60.97,paid
8358232,669363,2025-07-06 13:43:45,52.64,paid
7271910,237614,2025-05-05 00:16:05,615.13,paid
4508034,621013,2025-09-25 15:01:54,32.85,paid
1262730,749734,2025-04-15 09:39:50,57.58,uncollectible
8451317,675863,2025-05-19 18:01:29,448.53,paid
3332126,445138,2025-04-05 17:01:01,131.55,paid
8281626,774503,2025-12-04 08:44:49,61.46,paid
4527879,200830,2025-07-08 14:30:17,585.16,paid
3171379,896894,2025-07-07 17:21:01,1609.54,paid
4574011,701732,2025-06-25 13:55:21,37.0,paid
8645653,685576,2025-07-20 22:37:08,272.31,paid
5423101,356856,2025-08-27 09:11:59,83.83,paid
4746987,824578,2025-08-04 13:11:26,682.28,paid
1444023,316254,2025-07-05 14:27:17,783.21,paid
6202966,917868,2025-09-23 17:01:11,76.75,paid
6963284,451436,2025-05-13 11:11:22,35.2,paid
584282,717660,2025-08-11 12:54:43,83.22,paid
6856466,740262,2025-05-12 17:37:33,54.54,paid
6174576,967030,2025-12-27 15:58:53,481.94,paid
1320379,416704,2025-06-27 13:38:16,73.9,paid
3428622,713585,2025-03-08 13:16:33,85.23,paid
2145507,825599,2025-08-24 14:51:28,87.07,paid
4004015,245218,2025-07-24 09:04:55,1639.11,open
3719501,995934,2025-05-21 15:02:41,329.33,paid
4311917,649882,2025-08-21 12:52:57,83.67,paid
8167933,479390,2025-10-11 10:39:00,35.92,paid
9347769,941144,2025-11-05 06:35:33,232.7,paid
8571655,433844,2025-11-05 08:27:38,33.67,paid
6399620,942582,2025-09-28 05:23:40,23.02,paid
1548955,751178,2025-04-18 15:32:59,2374.36,paid
7315856,774503,2025-08-30 13:58:48,57.4,paid
2595041,323646,2025-05-29 10:31:43,689.42,paid
3627314,495640,2025-08-16 09:32:09,101.42,paid
415215,824578,2025-07-29 20:51:10,555.61,paid
2076718,312337,2025-05-29 08:41:16,65.27,paid
5056421,418604,2025-09-27 16:58:01,30.67,paid
4081107,665974,2025-09-21 12:18:05,37.65,paid
1005721,619995,2025-11-17 10:44:25,36.1,void
5385172,377997,2025-04-25 09:44:09,306.34,paid
9010525,940445,2025-09-16 18:03:05,148.97,paid
6072435,441792,2025-01-15 06:13:56,635.56,paid
644974,441439,2025-12-13 13:07:40,74.16,paid
6187198,996360,2025-10-29 17:51:20,90.16,paid
9695822,554336,2025-10-03 12:23:21,38.05,paid
6946510,744444,2025-04-16 17:44:49,2524.6,paid
4173166,646309,2025-12-24 09:08:14,367.3,uncollectible
4245815,728261,2025-07-23 04:15:13,97.84,paid
6501332,835797,2025-12-05 16:45:17,589.54,paid
1997465,108657,2025-07-11 13:41:11,674.99,paid
8934297,149208,2025-12-20 07:52:05,52.13,paid
2945992,997844,2025-08-27 15:30:16,5689.46,paid
3432285,950959,2025-05-25 09:55:34,1117.24,open
7243944,249013,2025-09-22 03:24:23,4415.82,paid
3150964,278077,2025-12-30 15:50:47,239.93,paid
997711,950543,2025-09-14 22:06:41,39.08,paid
1976390,751178,2025-07-05 20:39:43,2184.63,paid
5178161,118948,2025-04-06 18:51:45,104.19,paid
5297200,425690,2025-04-12 11:51:02,37.81,paid
6339292,622939,2025-08-22 13:32:35,487.29,paid
2653020,739213,2025-07-24 12:11:48,75.01,paid
1795578,280606,2025-10-30 11:22:22,37.46,paid
3792532,124161,2025-09-03 14:48:26,141.98,void
4121683,381513,2025-07-30 16:04:53,38.66,open
2002431,290736,2025-10-17 02:17:45,14688.41,paid
9315582,750386,2025-02-20 10:31:46,49.04,paid
8077871,252591,2025-06-29 12:38:12,408.75,paid
6561504,557985,2025-03-30 11:27:41,52.32,paid
3551517,206487,2025-03-01 15:44:48,70.12,paid
3337395,253622,2025-01-12 10:02:23,588.78,paid
9753746,620725,2025-05-14 13:44:53,48.36,paid
5657061,201117,2025-02-04 09:19:12,736.26,paid
8851122,675863,2025-03-29 08:37:40,441.53,paid
620221,232216,2025-05-12 15:22:22,34.67,paid
9032385,261774,2025-11-06 13:01:03,184.69,paid
1199645,916037,2025-09-08 17:44:59,37.26,paid
800063,395913,2025-08-05 14:51:11,369.88,paid
5982693,265516,2025-08-16 11:36:13,150.11,paid
4837764,785078,2025-03-06 11:50:49,73.93,uncollectible
3610458,917868,2025-10-25 13:27:26,68.24,paid
4365033,692735,2025-10-07 17:21:19,95.65,paid
7721872,839782,2025-03-06 22:11:14,1694.8,paid
2401188,353738,2025-11-11 14:22:34,928.2,paid
3617716,407884,2025-11-13 11:49:07,939.24,paid
2427825,301920,2025-11-30 22:10:41,35.13,open
2089672,736270,2025-09-05 11:56:36,4941.78,paid
5479069,288393,2025-12-16 20:08:34,430.23,paid
1060249,712131,2025-08-23 16:16:41,1092.37,paid
308670,854166,2025-09-11 13:38:04,562.19,paid
1660801,992844,2025-04-18 11:08:39,270.48,paid
4908391,249442,2025-07-12 23:59:56,3833.95,paid
1101950,689786,2025-09-16 15:12:15,47.68,paid
1372012,373043,2025-05-10 16:36:19,38.6,paid
2752137,135223,2025-11-30 01:11:18,75.99,paid
3601034,310258,2025-04-21 01:50:19,45.16,paid
276235,517173,2025-08-11 13:34:39,186.6,paid
2460685,314615,2025-04-05 12:20:35,71.74,paid
6516599,372638,2025-09-07 15:01:36,36.85,paid
9574700,575382,2025-09-08 17:22:04,794.35,paid
7010173,284692,2025-10-22 12:09:45,918.82,paid
5676708,991768,2025-07-15 21:40:24,64.36,paid
7388203,818654,2025-02-01 08:55:09,99.52,paid
2987951,174373,2025-10-14 06:33:37,405.65,paid
8402301,684498,2025-07-17 20:44:10,1948.77,paid
485259,686916,2025-06-03 06:19:14,3545.23,void
5544493,822504,2025-10-31 13:04:08,729.99,void
872087,409157,2025-07-13 08:18:24,60.4,paid
3547843,288798,2025-09-16 12:50:28,73.24,paid
3044965,198781,2025-11-20 15:20:58,82.26,paid
572913,113224,2025-09-27 15:25:18,2509.37,paid
6478442,516677,2025-09-19 09:50:23,233.12,paid
2336686,693331,2025-08-21 02:04:19,33.87,paid
8480726,414766,2025-01-19 20:22:36,54.9,paid
346336,211963,2025-05-25 11:22:46,456.06,paid
6022440,219926,2025-08-20 09:47:34,3628.48,paid
6920615,572896,2025-09-06 08:10:27,46.06,paid
2589629,604137,2025-09-20 09:38:10,60.33,paid
4926306,686916,2025-05-28 11:40:52,3504.34,paid
4766308,411362,2025-09-07 09:04:44,84.96,paid
2369952,985138,2025-12-28 17:32:34,2018.48,paid
9745262,603842,2025-02-17 15:51:31,76.88,paid
7749428,854467,2025-12-13 06:17:10,711.64,paid
4156177,981433,2025-01-05 10:59:46,1705.37,open
9893267,381513,2025-10-17 14:04:19,37.68,paid
8580916,814957,2025-09-07 08:29:50,528.58,paid
4338846,477382,2025-03-20 12:20:24,603.41,void
133482,419173,2025-10-14 23:06:29,4155.69,open
767807,691462,2025-11-18 13:13:18,119.57,paid
3720397,556047,2025-05-07 10:52:11,746.96,paid
1776034,541269,2025-02-14 10:13:23,220.73,paid
3438487,441844,2025-12-07 09:08:37,745.01,paid
602789,604851,2025-12-21 11:56:46,35.2,paid
5757668,684498,2025-06-06 11:28:55,2044.26,paid
9766853,202107,2025-08-21 13:05:01,720.93,paid
2939621,663683,2025-09-03 13:34:10,48.54,paid
8473014,236391,2025-06-07 15:04:19,3809.94,paid
8842188,858507,2025-09-16 08:06:01,2384.74,paid
177382,304113,2025-01-20 14:47:42,448.86,paid
924934,533010,2025-12-08 14:37:37,284.36,paid
1202173,968217,2025-02-07 08:55:39,82.25,paid
2632398,692089,2025-07-11 12:27:34,719.9,paid
6889601,960588,2025-01-23 13:40:44,47.21,paid
8613904,613449,2025-09-01 17:31:19,252.54,paid
6362088,875381,2025-01-05 18:37:05,886.81,paid
1429600,815996,2025-07-07 09:38:27,897.38,paid
3362645,318162,2025-05-11 12:17:14,241.4,paid
5526731,291773,2025-12-01 12:34:55,75.86,paid
7076384,991572,2025-01-31 20:40:21,375.9,paid
6764285,723768,2025-12-24 15:58:06,415.6,paid
6466347,571416,2025-10-16 23:12:33,201.35,paid
6908590,184233,2025-08-22 09:54:10,24.9,paid
2209319,618152,2025-08-29 21:30:47,1644.2,paid
9806542,108606,2025-03-06 17:14:52,594.49,paid
3821725,335130,2025-06-02 16:53:16,156.7,paid
8818620,935611,2025-08-31 12:38:21,35.83,paid
4707793,316635,2025-02-12 16:14:54,675.58,paid
5438724,133440,2025-08-29 16:09:25,85.25,paid
1486395,414766,2025-08-31 08:41:54,59.58,open
5273192,669363,2025-10-14 17:31:04,49.29,paid
236255,349808,2025-11-14 07:59:11,387.31,paid
695835,548818,2025-07-28 22:54:33,428.56,paid
6474362,153452,2025-07-10 08:53:15,100.78,void
9633173,540498,2025-09-09 10:04:11,700.49,void
2889720,679810,2025-08-20 16:15:23,561.89,paid
445163,873644,2025-09-28 16:40:54,355.03,paid
6083916,166599,2025-07-23 10:40:10,713.63,paid
4041163,421775,2025-11-18 19:05:29,25.61,paid
9171360,972041,2025-06-14 19:20:15,579.16,paid
4820263,705149,2025-11-14 06:58:07,102.22,paid
2720135,979522,2025-08-14 07:01:53,74.45,paid
729859,600774,2025-10-06 14:32:49,3131.4,paid
2046121,177341,2025-01-09 11:33:24,119.76,paid
8082666,662010,2025-06-16 11:53:45,51.95,paid
47647,256231,2025-04-16 09:45:02,973.94,open
4312522,479493,2025-02-04 09:24:14,102.58,paid
181000,379248,2025-12-03 07:44:15,3333.26,open
8493663,551362,2025-03-31 08:43:15,902.44,paid
158637,819199,2025-11-30 06:32:42,36.65,paid
358771,858842,2025-07-31 11:28:25,409.2,paid
9495535,201117,2025-09-19 13:56:06,806.59,paid
4340858,290736,2025-05-06 11:19:08,14839.32,paid
3029131,950959,2025-05-25 11:33:12,1233.14,open
9230893,978965,2025-08-31 17:57:25,570.22,paid
37513,301501,2025-08-03 15:41:06,609.71,void
9793331,198781,2025-03-04 14:00:56,81.56,paid
7870929,831303,2025-02-01 09:51:10,222.75,paid
8704752,902347,2025-04-11 15:08:06,3213.89,paid
848189,232216,2025-08-23 14:18:48,38.42,paid
2613430,170008,2025-06-23 08:42:01,2062.84,paid
3536079,948864,2025-03-19 22:01:51,579.61,paid
3645555,696751,2025-10-21 10:24:50,68.66,paid
8391494,588070,2025-08-26 18:41:21,240.45,paid
3472504,206487,2025-05-21 13:04:33,67.54,paid
4793057,415716,2025-06-01 10:14:49,37.52,uncollectible
258683,558269,2025-12-02 08:44:46,15081.57,paid
4315601,842517,2025-08-20 18:22:01,986.78,paid
7830649,480190,2025-09-16 09:10:08,34.59,paid
1335707,861024,2025-05-13 14:33:21,910.21,paid
3054433,902628,2025-07-04 14:04:44,2968.58,paid
792743,567817,2025-04-10 11:24:45,48.64,paid
6951164,381513,2025-07-14 12:49:39,31.52,open
719721,331536,2025-10-24 11:40:37,60.67,paid
8199215,687117,2025-05-05 12:17:36,47.3,paid
1689467,852560,2025-12-18 12:30:55,635.36,paid
5160217,474008,2025-03-05 08:24:04,879.76,paid
8535400,596031,2025-10-12 17:54:14,296.39,paid
1457523,519899,2025-05-03 13:43:13,38.56,paid
3785073,114026,2025-06-21 21:39:32,79.46,paid
1884018,247003,2025-04-25 13:46:24,685.18,paid
9571735,179049,2025-04-22 21:16:26,364.31,paid
5180373,186866,2025-10-16 18:28:03,386.56,paid
1036912,714944,2025-06-26 15:58:02,728.85,paid
4085912,492337,2025-09-26 20:28:40,45.37,paid
2634058,757620,2025-02-20 20:18:03,15369.76,paid
6013327,681503,2025-05-07 17:16:39,59.34,paid
5544294,371884,2025-05-06 15:15:08,71.07,paid
665384,323646,2025-10-06 00:24:40,711.99,paid
5027802,287710,2025-12-30 16:00:00,3998.48,paid
7623977,704441,2025-08-19 05:46:44,702.47,void
450225,262678,2025-11-15 10:17:27,86.06,open
2327191,301410,2025-07-11 14:44:03,251.03,void
6884449,902662,2025-09-07 23:38:56,36.42,paid
6198206,605260,2025-09-01 16:59:12,74.02,paid
6381367,662023,2025-08-22 15:35:31,112.23,paid
6501232,713834,2025-06-09 16:02:05,47.57,paid
2183674,412468,2025-03-22 15:58:48,45.75,paid
3060116,540233,2025-01-02 10:29:18,23.65,paid
4965417,664752,2025-07-12 21:06:07,84.76,paid
1785242,451238,2025-08-18 11:23:10,743.37,open
8586196,468130,2025-03-27 10:44:46,742.58,paid
3760546,353738,2025-07-18 10:08:20,825.54,paid
4416422,211818,2025-02-02 16:41:51,981.9,paid
6537278,286547,2025-06-20 15:34:25,35.85,paid
655750,992229,2025-04-05 15:48:23,2635.57,paid
9904711,660322,2025-11-13 14:30:16,443.21,paid
1293625,586292,2025-09-09 03:43:06,35.89,paid
1683290,448227,2025-07-20 10:10:28,779.26,paid
874565,621013,2025-09-25 16:22:44,35.56,paid
754906,605260,2025-08-28 17:17:46,73.57,paid
7598788,805943,2025-05-15 09:48:55,47.58,paid
770536,634053,2025-01-16 22:55:07,2804.45,paid
5316432,280034,2025-06-26 14:13:12,85.27,paid
6935239,412093,2025-05-05 08:34:26,35.3,paid
7428014,818654,2025-03-08 12:05:17,95.63,paid
7948730,316254,2025-04-23 16:07:29,711.8,open
1698436,400628,2025-06-18 09:16:35,37.39,paid
200301,769943,2025-12-02 10:01:00,83.88,paid
6093527,691462,2025-06-14 09:22:10,118.64,paid
3823577,757349,2025-10-23 12:33:35,13550.21,paid
3156173,529391,2025-05-28 11:26:50,38.01,paid
8600407,243998,2025-09-30 10:25:50,37.4,paid
7751793,310258,2025-06-17 17:43:53,47.32,paid
3380551,605260,2025-11-21 08:38:04,71.44,paid
6031738,724555,2025-02-17 12:31:21,53.79,paid
921636,526700,2025-07-14 10:16:23,66.66,paid
7593871,326211,2025-08-05 14:54:36,646.93,paid
2107705,278618,2025-08-07 12:49:52,660.48,paid
249320,663857,2025-05-01 15:45:52,2411.35,paid
5826474,370589,2025-10-10 09:20:58,571.8,paid
5025672,607403,2025-08-23 07:24:27,571.22,paid
1430483,526700,2025-03-06 19:26:15,57.83,paid
5598802,607403,2025-10-22 17:50:21,556.47,paid
6922267,256035,2025-01-26 06:49:07,40.01,paid
3038473,278618,2025-03-31 19:27:52,609.02,paid
2095995,486520,2025-07-27 23:22:26,38.1,paid
7717335,466636,2025-09-19 10:04:06,136.45,paid
943342,995560,2025-12-30 16:46:52,38.87,paid
1117296,717660,2025-10-17 10:35:13,86.92,paid
5948024,893484,2025-12-18 07:45:54,498.81,paid
5028013,343808,2025-10-25 14:44:31,69.35,paid
9803179,673856,2025-02-14 14:14:53,59.12,paid
1894366,261774,2025-06-15 00:30:17,196.41,open
6980857,428057,2025-08-02 19:56:56,49.51,paid
6948298,511241,2025-09-21 20:11:04,120.66,paid
81187,292475,2025-07-06 18:33:47,2258.87,paid
5787296,938205,2025-09-18 15:01:26,136.91,paid
2441313,398032,2025-09-22 17:03:23,38.45,open
1965664,224336,2025-05-28 10:19:19,39.06,paid
1702576,382519,2025-01-12 16:30:54,168.85,paid
6678277,744444,2025-07-22 10:44:32,2509.17,paid
2980640,170417,2025-12-12 13:01:08,887.58,paid
2519691,209127,2025-06-05 23:27:11,1988.65,paid
8891424,430826,2025-09-13 17:00:50,4585.46,paid
1153939,148986,2025-05-13 08:05:00,184.36,paid
9864863,747100,2025-01-18 08:56:38,59.45,paid
206473,686117,2025-10-29 08:57:05,82.08,paid
3118940,208561,2025-05-17 14:59:55,97.86,paid
1840796,290620,2025-12-02 16:07:05,82.2,paid
2248593,686652,2025-10-09 18:05:39,72.25,paid
9988254,302271,2025-09-10 10:05:16,4788.26,paid
6293100,203951,2025-10-21 17:35:37,553.34,paid
203843,241116,2025-08-01 16:51:14,45.68,paid
6999314,675202,2025-05-29 14:48:27,20866.47,paid
3405060,541269,2025-06-19 15:38:23,211.99,paid
982134,133243,2025-09-22 18:54:42,22.93,paid
3108738,624539,2025-05-02 09:50:45,43.29,paid
2102110,218019,2025-12-11 10:44:56,72.5,paid
1904146,713834,2025-04-27 14:47:26,41.53,paid
8028258,858507,2025-01-05 16:21:52,2327.66,paid
719690,656283,2025-11-04 09:40:07,864.15,paid
2183669,227254,2025-11-10 11:16:30,64.99,paid
2559476,704441,2025-09-01 15:37:14,692.16,paid
5506894,731506,2025-02-21 16:27:27,11.81,paid
7940681,504637,2025-01-04 16:42:09,48.91,paid
5048906,917801,2025-01-21 20:53:29,3876.58,paid
2200701,731506,2025-07-01 14:43:42,12.07,paid
4387075,213004,2025-01-11 22:17:49,89.85,paid
1085823,938205,2025-04-23 18:27:00,132.25,paid
4299609,769811,2025-12-18 12:28:40,1574.53,paid
7373176,819199,2025-02-12 13:03:54,35.24,paid
1073049,694103,2025-09-01 11:01:26,34.76,paid
2973184,190126,2025-10-14 12:28:39,56.13,paid
3458349,925364,2025-06-27 06:15:35,609.88,paid
6635804,901613,2025-07-10 04:40:35,57.97,paid
2663697,142057,2025-02-23 15:02:30,444.1,paid
7250821,591371,2025-08-30 22:31:52,269.88,paid
4777879,675202,2025-05-17 12:18:26,22833.65,paid
952981,696918,2025-01-11 08:20:14,276.43,paid
6776849,173985,2025-07-19 12:05:05,47.32,paid
8648872,610566,2025-04-08 15:29:13,288.39,paid
9137198,875061,2025-06-10 14:22:50,110.61,paid
931363,304212,2025-05-10 19:35:46,72.64,uncollectible
5702149,713834,2025-05-20 12:08:04,44.39,paid
5973702,919974,2025-11-25 14:17:03,2950.62,paid
9860127,662747,2025-08-11 18:32:13,18561.62,paid
8975768,498799,2025-08-19 13:49:31,408.57,paid
5708538,741178,2025-12-24 09:17:08,446.04,paid
5907101,811779,2025-03-16 08:45:20,86.13,uncollectible
5262766,440025,2025-10-21 06:18:55,833.75,paid
9972953,370589,2025-06-26 09:33:01,646.33,paid
8919033,124942,2025-12-01 18:00:11,598.0,paid
5523044,454905,2025-03-27 13:45:42,47.08,paid
3659301,380513,2025-08-08 00:12:47,80.98,paid
2564758,259984,2025-07-29 10:38:29,2345.11,paid
7448164,498799,2025-12-11 06:23:28,479.73,paid
7284067,790364,2025-07-19 13:24:52,185.77,paid
4795117,157478,2025-08-05 19:46:14,44.03,paid
7574592,975101,2025-05-28 09:34:52,74.03,paid
6555664,938205,2025-03-20 11:35:50,135.47,paid
6345526,196541,2025-04-23 18:37:42,35.13,paid
829500,201117,2025-11-25 12:00:01,617.8,paid
6666902,259373,2025-07-26 15:18:53,77.58,paid
9618549,809176,2025-03-19 02:36:47,680.4,paid
4277471,948864,2025-07-13 15:28:29,502.12,paid
7958212,588070,2025-12-14 11:14:45,270.93,paid
780689,930786,2025-02-18 15:21:21,528.94,paid
9835545,206487,2025-12-14 09:03:47,71.77,paid
7342788,331536,2025-01-10 16:49:55,64.41,paid
3349671,647019,2025-03-29 08:22:31,879.07,void
6537372,359578,2025-06-15 09:06:02,52.43,paid
5264858,513019,2025-10-04 13:21:04,243.9,paid
8193544,197488,2025-05-10 13:57:00,399.28,paid
4222981,761986,2025-05-27 14:24:12,3169.48,paid
169486,725693,2025-12-14 11:55:11,290.48,paid
4967337,739213,2025-05-04 05:20:33,69.68,paid
3359516,870271,2025-07-23 04:21:23,59.73,paid
647825,423101,2025-04-20 12:03:22,4406.06,paid
5652087,208743,2025-12-05 20:50:51,596.1,paid
3584305,649261,2025-04-25 09:24:39,529.82,paid
6195816,996819,2025-01-17 12:30:24,1562.39,paid
49180,449827,2025-11-01 15:04:48,3147.74,paid
1484608,983167,2025-01-28 21:57:18,830.32,paid
5508802,961788,2025-10-06 10:42:43,37.22,paid
9586218,650852,2025-08-18 09:45:42,36.22,paid
1231875,481021,2025-07-01 13:59:48,22.17,paid
8837836,725268,2025-08-17 13:45:26,267.98,paid
2911965,962615,2025-04-16 19:56:08,814.89,paid
9793781,892300,2025-04-16 07:44:53,711.83,paid
8678472,663857,2025-01-30 15:47:46,2315.61,paid
8942828,495640,2025-09-12 07:44:02,96.28,void
6125234,216067,2025-03-21 14:27:39,353.86,paid
5484167,404963,2025-01-01 13:16:14,545.78,paid
2072313,136425,2025-08-29 07:15:04,48.12,uncollectible
6100713,819946,2025-08-06 15:40:14,120.37,paid
1436060,626504,2025-04-02 13:56:08,113.63,paid
2527390,176590,2025-04-14 01:43:57,38.79,paid
1107407,566579,2025-05-15 15:21:39,2572.08,paid
1053226,641276,2025-03-15 13:40:59,174.73,paid
1004426,428057,2025-12-17 15:24:10,51.38,paid
4657452,870241,2025-07-06 12:29:05,38.35,paid
1191536,417896,2025-11-02 14:39:46,604.04,paid
4523730,236797,2025-08-07 06:45:14,48.77,paid
8799737,248358,2025-03-30 07:34:32,518.26,paid
980676,605260,2025-03-26 15:34:32,71.11,paid
3985760,725693,2025-06-29 15:52:59,260.24,paid
2704484,205373,2025-06-28 12:47:22,1497.03,paid
8046511,975237,2025-05-18 16:17:39,471.55,open
1249238,102347,2025-09-14 16:52:18,598.17,open
2232119,298048,2025-11-26 18:40:11,61.29,paid
8451080,136968,2025-10-31 21:11:33,235.32,paid
4314004,805850,2025-02-10 13:51:01,464.11,paid
9814115,940445,2025-03-15 14:02:50,139.27,paid
588397,701732,2025-12-22 10:50:00,35.65,uncollectible
1822420,697547,2025-10-14 15:44:16,401.84,paid
9594278,566579,2025-07-30 16:45:35,2354.83,paid
795645,511497,2025-02-12 18:45:27,813.81,paid
4988404,316635,2025-03-21 16:27:15,701.15,paid
3782483,443866,2025-10-06 12:53:28,31.78,paid
6634167,554320,2025-08-30 13:52:36,3910.49,paid
6148825,174010,2025-01-12 10:49:31,99.76,paid
561334,282217,2025-06-19 16:47:07,6290.57,open
3958858,732615,2025-04-24 14:55:12,39.35,open
5502880,211058,2025-01-31 20:07:37,504.82,paid
3109022,383347,2025-02-25 09:44:56,88.56,paid
2210555,383347,2025-06-02 10:59:12,84.64,paid
8096974,487099,2025-05-07 12:39:36,36.68,paid
7589767,783281,2025-07-23 13:23:19,35.66,paid
6506825,610566,2025-12-18 09:59:37,331.82,paid
452920,393362,2025-10-31 09:22:21,607.12,void
1373895,729073,2025-10-17 14:25:53,571.53,paid
6244725,372540,2025-07-14 08:43:07,1581.95,paid
5468425,670699,2025-04-18 09:07:11,683.97,paid
2587770,597040,2025-05-08 13:06:10,66.76,paid
5098324,318405,2025-12-18 07:41:19,48.66,paid
4433260,118279,2025-11-16 08:07:36,618.03,paid
8446819,278077,2025-06-10 08:10:59,238.58,paid
5165725,599502,2025-02-26 08:18:22,55.68,paid
8012157,810858,2025-10-03 09:52:49,260.91,paid
6400080,395222,2025-03-06 10:01:54,192.93,paid
8341502,623050,2025-12-03 11:34:50,55.17,paid
4117604,174010,2025-02-15 10:53:54,84.51,paid
2590191,206528,2025-10-19 07:51:25,96.3,paid
6845701,106212,2025-11-05 14:12:26,2884.65,paid
6466837,550331,2025-06-14 12:52:18,61.75,paid
5629151,970221,2025-12-04 13:50:01,51.05,paid
6004893,262678,2025-06-28 08:02:27,86.15,paid
215983,996819,2025-07-16 09:37:25,1662.9,paid
2480137,835797,2025-09-03 09:23:09,581.77,paid
140804,387432,2025-10-12 16:54:11,429.97,paid
9265184,267533,2025-12-10 13:53:06,822.9,paid
5423905,269978,2025-10-26 17:32:39,437.17,paid
1424280,644920,2025-08-16 15:09:26,594.47,paid
1312267,805099,2025-03-31 09:48:52,34.55,paid
191224,790364,2025-11-14 12:58:44,193.68,open
4627423,242324,2025-04-12 13:42:48,34.34,paid
2231093,740262,2025-06-21 12:01:45,61.46,paid
9675972,992229,2025-03-09 05:36:46,2622.07,paid
2175993,453260,2025-01-09 15:15:05,563.32,paid
7174507,188341,2025-02-16 05:12:44,87.76,paid
9981194,540498,2025-05-04 16:00:41,693.56,paid
4636390,250089,2025-01-20 08:27:24,35.3,uncollectible
9050329,695829,2025-02-16 07:46:47,48.19,paid
3855437,837734,2025-09-23 13:44:53,1133.47,paid
3162494,790797,2025-07-17 14:00:15,23.92,paid
588435,662390,2025-11-05 14:23:29,138.51,paid
3320304,301410,2025-08-06 03:14:42,246.39,paid
3277066,641328,2025-05-27 12:36:25,25.54,paid
2259447,891033,2025-08-26 09:11:52,110.33,open
4611478,391164,2025-03-08 16:16:18,24.48,paid
3995196,992844,2025-09-03 11:42:09,287.2,paid
3210862,143805,2025-05-04 16:22:03,540.99,paid
1609315,175177,2025-05-06 03:04:47,38.67,paid
8459385,147538,2025-08-10 12:17:58,64.79,open
5282788,705149,2025-07-13 10:14:38,91.74,paid
8714373,206528,2025-09-10 20:41:56,103.94,open
8336203,491474,2025-12-08 08:54:24,2516.19,paid
6903122,364714,2025-06-27 23:00:12,88.41,paid
971628,828822,2025-12-17 15:38:49,3274.97,void
1132450,891033,2025-09-15 14:57:22,125.16,paid
934275,540233,2025-01-21 11:34:04,22.94,paid
3484335,895559,2025-07-24 12:27:35,793.14,paid
3682515,565930,2025-07-29 17:41:57,701.71,paid
2691946,343808,2025-09-01 13:00:52,73.48,paid
226960,511879,2025-12-30 22:04:10,641.99,paid
9365421,618509,2025-05-07 18:16:24,630.23,paid
6695435,359909,2025-08-10 09:15:19,637.25,paid
4155722,753247,2025-05-08 11:23:53,744.08,uncollectible
8599992,282217,2025-03-19 10:58:12,5999.59,open
6974197,124161,2025-02-01 14:12:01,133.75,paid
4050771,819946,2025-06-03 12:29:53,124.4,paid
2744692,479390,2025-12-19 15:55:28,37.14,paid
4964195,918643,2025-05-29 11:46:46,618.66,open
6454976,505710,2025-03-21 15:00:18,441.39,uncollectible
3015378,872833,2025-05-30 06:40:46,32.81,paid
2096670,887991,2025-11-09 10:56:15,74.19,open
5716200,202107,2025-10-30 15:11:56,733.79,open
7756510,449827,2025-05-20 11:45:43,3096.35,paid
5917249,877896,2025-07-17 14:24:07,73.28,paid
6533092,574768,2025-07-20 10:37:30,791.56,paid
4534249,973361,2025-02-08 09:02:16,324.15,paid
8163148,116787,2025-10-23 15:44:41,334.61,paid
299880,686916,2025-11-23 16:33:45,3687.95,paid
2569235,129145,2025-04-27 16:10:08,687.4,paid
8868958,687763,2025-12-16 09:13:45,405.33,paid
2900669,556047,2025-09-27 11:24:30,745.74,paid
1463563,890103,2025-01-15 14:25:13,103.97,open
7300237,189189,2025-12-17 12:26:41,408.16,paid
320261,188341,2025-05-23 08:44:16,87.79,paid
3338329,178553,2025-09-17 12:08:06,35.3,paid
9264744,372540,2025-12-22 15:58:29,1672.16,paid
5931729,651612,2025-12-01 14:45:56,63.66,open
626319,782122,2025-02-07 13:29:42,35.49,paid
7822881,794431,2025-04-30 02:24:37,420.42,paid
7714496,618152,2025-08-29 19:46:07,1803.52,paid
4339950,835797,2025-07-27 18:14:51,594.27,paid
5719728,863793,2025-01-12 18:03:36,95.27,uncollectible
4983887,661655,2025-09-14 08:05:28,64.92,paid
9856209,240194,2025-08-14 11:53:26,107.76,paid
70103,554336,2025-10-07 17:19:14,39.5,paid
5973031,806501,2025-10-16 18:54:12,401.42,paid
9770268,842629,2025-08-21 06:54:05,444.69,paid
7910157,393626,2025-04-05 07:30:39,690.78,paid
4639217,604126,2025-11-02 14:18:25,48.32,void
9584107,237570,2025-10-27 17:46:45,329.24,paid
6224772,302271,2025-10-30 14:35:52,4915.33,paid
9915179,958517,2025-08-09 08:40:00,687.37,paid
618208,152728,2025-08-18 12:25:14,9436.88,open
6521407,488220,2025-10-27 15:24:47,255.85,paid
2493698,375756,2025-07-30 14:46:53,573.28,paid
3293438,345955,2025-03-31 10:23:30,365.91,paid
6071302,278870,2025-04-13 12:13:57,46.26,paid
1580687,189198,2025-11-11 13:55:40,11.39,paid
7076659,603274,2025-11-06 11:12:32,33.58,paid
8148504,491257,2025-02-14 17:45:17,677.53,paid
7493431,362956,2025-09-05 07:34:40,47.92,open
7409314,819946,2025-02-26 08:19:01,119.76,paid
71988,362499,2025-10-20 07:29:19,555.45,paid
7346918,624691,2025-03-05 02:21:23,687.13,paid
761118,260118,2025-11-09 19:42:31,3303.07,paid
5535444,621013,2025-10-02 08:06:49,33.98,open
8545455,603274,2025-03-05 08:49:57,39.57,paid
8645713,669363,2025-03-04 11:32:29,46.99,paid
2243145,339409,2025-09-20 23:36:41,67.61,paid
7575811,950959,2025-07-16 13:08:37,1223.48,paid
1056891,746335,2025-08-02 09:57:03,46.11,open
2462706,897529,2025-06-12 12:54:11,25.86,paid
3963308,102220,2025-08-24 06:45:59,300.11,paid
5351785,421775,2025-12-13 08:36:51,26.99,paid
8030175,232216,2025-07-23 08:48:50,33.21,paid
3936129,902628,2025-05-23 13:58:05,3271.4,paid
8699072,691462,2025-11-07 08:42:37,124.84,paid
627928,757684,2025-10-30 16:23:53,68.26,paid
843474,236391,2025-08-30 13:30:09,4597.79,paid
1288711,907406,2025-11-22 12:28:07,37.22,paid
5138766,157478,2025-08-06 00:50:18,46.66,paid
9875682,209127,2025-11-24 10:49:15,2043.5,void
8506277,901602,2025-02-27 05:12:57,942.78,paid
8172452,395222,2025-07-16 10:16:34,187.19,paid
4371396,140197,2025-04-22 12:58:51,1654.8,paid
4512028,586841,2025-11-14 17:31:32,209.07,paid
5314534,861024,2025-06-30 09:25:22,913.72,paid
2276878,697547,2025-10-01 19:26:51,341.39,paid
3298714,203951,2025-05-03 14:25:39,537.86,paid
6037287,262565,2025-07-22 13:44:45,502.03,paid
6681211,806120,2025-03-19 19:41:58,44.26,paid
3569176,200631,2025-08-20 11:09:22,215.14,paid
3757301,518790,2025-08-02 04:32:09,24.45,paid
6862158,877896,2025-02-17 11:20:25,72.6,paid
5447362,928274,2025-08-22 05:10:19,526.95,paid
6230767,551362,2025-09-26 10:02:41,856.83,paid
6350423,942304,2025-11-29 11:48:54,5346.53,paid
8264477,819199,2025-06-15 11:05:53,35.78,paid
7285290,676881,2025-10-20 11:05:53,37.64,paid
5489264,139051,2025-12-24 16:39:19,35.53,paid
6503196,103319,2025-07-23 09:07:32,75.26,paid
3126509,473607,2025-01-06 19:53:27,38.99,paid
6643916,115359,2025-08-07 01:21:44,35.06,paid
7560415,210309,2025-08-22 01:08:34,35.78,paid
4199318,295334,2025-01-20 12:15:54,565.1,paid
4012375,834134,2025-07-28 15:35:53,38.56,paid
5867583,299619,2025-04-25 07:15:44,367.92,paid
763841,819946,2025-10-17 15:34:26,119.88,paid
186822,196472,2025-01-07 02:47:55,534.11,paid
1957790,817805,2025-09-17 08:02:03,529.99,paid
2413528,692735,2025-02-09 14:55:21,95.34,paid
4589551,352867,2025-10-04 09:27:10,743.91,paid
5334433,263501,2025-09-12 14:32:24,49.2,paid
4222156,734042,2025-05-18 03:23:11,58.43,paid
6959059,246475,2025-02-08 23:34:23,82.08,paid
3206188,940445,2025-12-16 12:48:59,146.72,paid
6133304,789095,2025-03-03 14:30:19,71.65,paid
8673297,540233,2025-11-20 14:36:05,22.69,paid
3845005,775696,2025-10-31 04:19:22,57.33,paid
7253067,661510,2025-12-02 16:19:07,509.05,paid
8824676,530957,2025-03-02 15:13:12,195.01,paid
4361769,172478,2025-03-08 12:50:20,493.45,paid
3180624,110911,2025-05-29 11:12:07,37.99,paid
2110224,391164,2025-03-10 11:55:14,25.45,paid
350833,163603,2025-07-22 07:54:43,37.17,paid
1783989,950873,2025-09-04 16:24:55,624.24,paid
7301844,805943,2025-06-09 14:17:54,51.59,paid
3051670,733368,2025-08-29 18:38:07,47.41,paid
9403712,462638,2025-09-12 15:04:05,6317.91,paid
3386918,870519,2025-06-07 10:33:17,23.2,paid
2408785,119663,2025-05-25 12:59:55,3050.79,paid
5331248,119663,2025-04-29 13:14:49,3467.86,paid
9182301,271313,2025-04-13 09:19:43,963.32,open
3230512,372180,2025-07-15 13:39:17,47.91,paid
9301504,579749,2025-06-03 15:12:36,60.31,paid
2011021,943067,2025-07-22 09:40:56,452.73,paid
3942239,407884,2025-11-27 12:37:44,983.16,paid
4761508,739739,2025-02-17 17:25:32,38.32,paid
9935980,280961,2025-08-05 09:27:06,301.38,paid
537318,716836,2025-04-02 10:39:16,97.58,paid
7752291,938137,2025-11-13 14:30:19,752.91,paid
1061063,245051,2025-07-11 06:18:47,314.7,paid
2419112,918351,2025-03-09 15:50:57,90.14,paid
7788166,186866,2025-07-19 15:34:28,389.88,open
9588387,176018,2025-03-14 16:16:31,701.15,paid
7759459,822666,2025-12-07 13:00:37,741.67,paid
8502199,427620,2025-06-18 15:03:16,656.49,paid
2677453,823165,2025-08-06 07:36:37,63.59,paid
783966,674609,2025-09-18 12:41:09,70.74,paid
3634633,875381,2025-02-22 08:14:29,805.04,paid
6770332,603307,2025-02-09 09:34:33,36.72,paid
4929136,847537,2025-08-25 19:05:45,16692.93,paid
9840684,341901,2025-03-31 18:22:45,70.77,paid
4109814,626504,2025-08-19 10:18:36,103.35,paid
4860669,382519,2025-06-14 14:02:12,139.76,paid
7139995,776288,2025-11-03 11:11:01,611.73,paid
6979314,292435,2025-11-18 13:16:37,831.4,paid
3222362,751454,2025-11-07 10:42:57,2910.62,void
929214,599218,2025-09-11 18:30:57,5554.47,paid
9457932,722037,2025-11-09 09:59:54,154.74,paid
6277444,902347,2025-07-01 15:44:41,3170.37,paid
6215066,492337,2025-10-06 13:36:43,46.09,open
1322232,662747,2025-07-25 11:41:51,17184.61,paid
5993438,243998,2025-07-29 11:23:48,40.74,paid
9085754,362499,2025-12-14 11:29:14,546.21,paid
7788768,376354,2025-03-03 13:14:04,83.79,paid
2972587,627910,2025-05-13 14:02:37,89.36,paid
5558823,304212,2025-07-30 16:08:53,92.56,paid
3868209,462096,2025-03-15 14:50:34,3125.78,paid
7866503,667992,2025-09-02 15:29:24,4729.35,paid
3678585,157411,2025-10-01 13:31:41,4586.57,paid
3246261,556479,2025-11-10 13:50:21,68.94,paid
786535,386921,2025-05-03 18:33:54,3086.54,paid
6727983,982749,2025-02-13 07:35:34,72.17,paid
4794802,942582,2025-03-04 06:54:41,25.5,paid
1276080,968396,2025-06-16 18:31:08,75.99,paid
9939159,201572,2025-09-23 15:34:03,932.91,paid
652171,398032,2025-09-23 08:01:54,36.25,uncollectible
7469621,632926,2025-08-06 17:10:38,1138.6,paid
9120337,918212,2025-07-09 20:41:32,4689.26,paid
6573888,785078,2025-01-24 11:00:46,70.25,paid
9832734,713834,2025-12-25 09:04:05,54.36,paid
2483067,424994,2025-08-27 13:31:54,3334.89,paid
9594350,499701,2025-09-18 07:37:31,263.25,paid
8582874,714944,2025-03-31 18:17:24,743.94,paid
8229641,490866,2025-06-11 13:07:51,350.31,paid
904967,316635,2025-05-08 15:19:27,791.36,paid
7247547,687595,2025-01-03 19:51:14,2034.75,paid
8869492,427620,2025-05-12 16:01:32,676.35,paid
6569270,217404,2025-11-22 11:53:24,49.06,paid
5507371,198781,2025-08-24 11:04:51,79.06,paid
412894,820834,2025-09-23 15:57:30,624.82,void
3860342,488457,2025-10-01 12:27:57,69.12,paid
4415054,380513,2025-10-10 17:51:20,87.34,paid
5761001,225448,2025-11-19 07:05:25,3439.25,paid
8145591,531301,2025-05-23 13:36:07,37.75,paid
3635982,169258,2025-08-09 18:37:00,571.71,paid
491575,818984,2025-12-12 10:47:32,1916.18,paid
166349,254108,2025-11-20 15:49:30,137.54,paid
9805622,141893,2025-02-01 11:36:04,63.74,paid
7293991,815996,2025-04-04 22:35:53,794.72,paid
2370405,782122,2025-04-04 21:08:54,34.56,paid
8983848,952233,2025-06-18 11:07:19,568.0,paid
6933120,734573,2025-10-17 17:46:28,676.48,paid
8914582,682864,2025-10-17 07:01:40,1082.62,paid
70037,301453,2025-05-11 08:56:08,58.74,paid
1306360,467325,2025-05-21 22:54:17,201.05,paid
8191619,452579,2025-10-11 14:32:38,97.55,paid
4993999,133243,2025-11-30 13:26:02,23.63,open
7559381,952954,2025-06-20 11:41:28,439.49,open
3740463,347163,2025-11-18 09:42:14,301.13,paid
268109,359578,2025-07-29 18:30:54,65.78,paid
4346093,574470,2025-06-17 08:37:43,443.54,open
1557155,423101,2025-06-11 16:16:50,4458.36,paid
9314280,200830,2025-03-06 10:51:45,526.47,paid
7140876,603307,2025-08-07 18:31:03,35.46,paid
8508366,480190,2025-10-30 10:06:41,34.82,paid
5228421,196847,2025-04-06 12:40:57,2435.42,paid
3615299,952233,2025-07-24 17:02:33,532.58,paid
958381,556047,2025-02-14 19:38:58,759.71,paid
4207143,154626,2025-05-16 17:31:37,659.68,paid
9197310,869256,2025-08-12 08:25:19,68.4,paid
7674728,133243,2025-09-22 03:26:20,25.27,paid
4676568,642899,2025-07-02 10:40:50,71.85,paid
4800990,133440,2025-08-09 09:17:45,83.69,paid
5844598,278870,2025-11-06 14:31:02,47.23,paid
1465426,332026,2025-12-25 08:58:33,34.46,paid
6610495,881378,2025-05-09 12:51:53,12.5,paid
6829361,236900,2025-08-30 07:16:35,351.91,paid
9495001,697547,2025-03-02 09:09:03,373.21,paid
6223333,968217,2025-01-19 09:08:50,93.67,paid
7985731,400628,2025-11-03 15:59:12,32.95,paid
3075903,254564,2025-12-30 14:11:23,4692.23,open
5379948,794431,2025-04-08 17:42:33,434.75,uncollectible
9252026,398032,2025-09-22 19:46:11,34.54,paid
2610652,557985,2025-05-23 00:31:06,48.28,paid
3049813,540749,2025-01-31 08:09:59,23.91,paid
1869220,110220,2025-06-18 22:17:18,58.38,paid
4760286,693667,2025-01-11 10:34:26,505.9,paid
7175900,106212,2025-01-28 11:32:04,2682.07,paid
7368626,411362,2025-12-26 09:56:04,72.54,paid
7229018,228567,2025-07-20 07:53:51,607.25,paid
2052603,645195,2025-05-01 13:50:45,39.17,paid
5298273,141893,2025-08-24 08:59:48,65.92,paid
5127969,256035,2025-05-31 12:50:04,35.22,paid
1864054,269555,2025-05-28 16:57:59,221.53,paid
2479350,265516,2025-03-03 09:05:15,154.57,paid
6427406,676881,2025-06-27 10:03:54,35.01,paid
1179792,590704,2025-12-13 12:08:53,581.0,paid
9826185,288150,2025-02-12 18:30:23,316.04,paid
6614376,995934,2025-12-07 15:11:19,298.28,paid
7557511,729073,2025-10-08 05:39:57,532.58,paid
3896062,918351,2025-04-22 14:22:26,77.15,paid
4265763,173985,2025-11-02 14:00:03,51.11,paid
8948322,563394,2025-05-28 12:49:02,860.38,open
5395689,938205,2025-05-29 22:07:31,141.14,paid
8191918,471767,2025-02-12 16:44:48,83.36,paid
2202177,609487,2025-02-23 09:29:47,2310.84,paid
8227609,291292,2025-07-31 09:01:04,555.9,paid
7233155,269728,2025-06-08 09:26:26,3531.81,paid
7025531,208561,2025-04-14 13:52:10,93.32,paid
9473443,619919,2025-12-26 11:02:59,24.08,paid
3049799,423101,2025-06-01 15:37:16,4926.44,paid
7941238,861107,2025-02-03 22:42:15,553.98,open
2573415,593883,2025-05-13 18:14:58,34.92,paid
4412144,779884,2025-02-01 10:37:35,4495.66,paid
3425777,916037,2025-09-15 19:01:05,34.64,paid
6535466,896894,2025-07-08 00:39:13,1725.83,paid
282802,450199,2025-05-10 17:11:10,101.52,paid
8394279,428057,2025-08-04 10:24:33,46.18,paid
5250111,741646,2025-05-20 08:20:36,680.81,paid
6872029,108606,2025-08-11 13:26:04,619.51,paid
3282732,996360,2025-02-26 12:43:48,101.16,paid
4740199,201820,2025-06-06 11:02:40,3061.7,paid
6793089,682864,2025-06-26 13:41:22,1230.89,paid
5512557,832207,2025-11-16 17:46:19,669.66,paid
1451891,940445,2025-08-08 17:46:29,148.53,paid
7361162,670800,2025-12-23 06:12:58,295.55,paid
3274235,780194,2025-11-11 14:15:16,1508.7,paid
1749577,789095,2025-02-19 11:11:39,73.19,paid
7049200,561696,2025-09-15 07:29:52,46.88,paid
900721,341901,2025-12-21 07:23:42,70.14,paid
180620,440806,2025-08-17 16:51:47,25.29,paid
7954251,295334,2025-01-23 08:14:10,565.55,paid
2191834,938137,2025-03-08 09:29:56,717.14,paid
2595044,663857,2025-06-17 09:17:05,2433.58,paid
8197614,352867,2025-12-04 11:10:09,727.93,uncollectible
8741188,206487,2025-11-10 10:52:29,73.68,open
199381,343808,2025-04-30 10:39:05,67.47,paid
2531281,125160,2025-09-13 12:39:23,94.68,paid
1219173,725693,2025-09-27 10:00:41,274.6,paid
4727366,228499,2025-05-27 21:34:05,34.57,paid
8765494,768839,2025-11-03 16:24:51,10.87,paid
4895507,692863,2025-07-06 12:21:37,93.03,paid
8787609,646309,2025-02-23 09:27:21,376.45,paid
3322174,540749,2025-11-12 06:43:06,25.21,paid
2109225,391164,2025-05-24 11:41:15,23.75,paid
2111886,919974,2025-06-07 10:08:20,2884.87,paid
8331733,544215,2025-03-30 02:45:55,628.0,paid
3507184,566579,2025-10-05 11:12:47,2294.37,paid
8009995,708315,2025-02-16 08:35:25,33.27,paid
1381692,449827,2025-10-05 09:09:30,2821.37,paid
2758825,206528,2025-12-24 08:28:59,92.39,paid
4424918,401402,2025-07-15 22:14:57,222.41,paid
7686807,591895,2025-05-18 11:13:27,102.12,paid
4908264,376354,2025-01-11 16:42:19,90.05,paid
583104,734042,2025-05-23 10:02:26,57.75,paid
8941219,843432,2025-05-05 14:16:54,23.42,paid
5614411,656281,2025-05-30 17:42:05,221.6,paid
9618282,441439,2025-02-06 21:08:23,67.9,paid
3552205,153122,2025-12-15 13:57:08,50.65,open
4548609,290492,2025-06-29 08:26:25,112.41,paid
9361384,930679,2025-01-16 10:38:35,60.64,paid
527417,606408,2025-11-10 12:35:29,38.47,paid
5369892,983961,2025-06-06 21:57:56,486.94,paid
2761500,247003,2025-07-06 22:36:19,694.0,paid
7100452,988431,2025-10-08 02:07:55,32.37,paid
8692743,318405,2025-11-25 10:02:11,49.41,paid
1164511,695829,2025-12-05 09:25:17,46.04,paid
4793140,633095,2025-10-20 19:55:05,1188.84,paid
2455697,729870,2025-08-09 16:14:13,265.33,paid
1706619,435506,2025-05-19 17:07:14,442.76,paid
7413071,245218,2025-11-20 15:53:47,1591.52,paid
4057035,826663,2025-04-08 20:14:03,2326.64,paid
966690,292435,2025-04-15 14:25:31,847.9,paid
7400825,461906,2025-05-09 08:58:49,46.39,paid
7525319,590704,2025-03-13 17:03:20,571.19,paid
9011569,899547,2025-06-18 16:46:02,372.45,paid
2006614,216530,2025-05-21 16:31:26,78.53,paid
94482,170417,2025-04-08 23:20:41,895.95,paid
2610169,473607,2025-11-27 09:01:12,36.84,paid
5909832,116787,2025-08-16 18:45:50,341.11,open
477719,531456,2025-05-18 10:02:34,89.43,paid
2667068,540749,2025-05-07 17:29:46,24.01,paid
5263137,970778,2025-05-12 15:52:31,572.68,uncollectible
4361080,679810,2025-05-23 07:55:36,548.1,paid
7219034,940445,2025-12-04 11:13:16,138.7,paid
2271285,865765,2025-08-16 12:43:42,124.13,paid
7093417,705149,2025-10-13 10:43:00,101.78,paid
4357247,791209,2025-07-13 09:51:47,82.87,paid
9343773,605260,2025-07-15 14:58:24,66.65,paid
7405698,270148,2025-03-02 11:25:33,928.89,paid
4698574,772957,2025-04-06 15:20:58,529.33,paid
3017822,714944,2025-11-25 19:46:24,697.37,paid
4880101,952233,2025-01-19 09:07:40,623.57,paid
4096458,314260,2025-08-28 21:09:45,2206.5,paid
5976941,693331,2025-09-11 11:44:54,38.75,paid
5724835,505710,2025-02-19 23:37:49,384.28,paid
5862303,822666,2025-10-06 09:26:23,748.97,paid
7521930,304962,2025-10-06 14:08:45,5331.99,open
61184,371884,2025-02-13 14:27:53,78.7,paid
939357,908690,2025-01-23 14:41:33,911.04,paid
2590177,299619,2025-02-18 22:27:39,384.91,paid
1530204,973361,2025-05-04 10:47:33,311.9,paid
4716032,772957,2025-01-16 08:41:57,569.6,paid
7577425,221118,2025-07-09 17:36:51,38.75,paid
4194996,943067,2025-09-11 17:06:08,435.31,paid
5583491,624539,2025-05-09 17:36:07,34.75,paid
3945264,189189,2025-05-23 17:12:05,383.11,paid
7457414,172478,2025-11-27 22:38:10,458.02,paid
4261406,431648,2025-07-06 09:05:08,139.34,paid
4749177,572896,2025-03-17 14:40:15,49.02,open
8453739,411362,2025-12-06 08:12:04,79.91,paid
9642862,271313,2025-05-16 10:52:40,1040.78,paid
9030568,966960,2025-10-06 09:58:01,717.08,paid
8846765,383211,2025-06-19 18:02:45,842.46,paid
2056242,565218,2025-08-06 20:59:07,2611.04,paid
8397871,688496,2025-01-27 07:08:32,302.28,paid
9657610,284692,2025-12-29 14:16:03,873.92,paid
1458697,236900,2025-08-29 12:18:17,413.82,void
9431573,912127,2025-05-04 01:59:33,1840.65,paid
9010175,753247,2025-03-03 12:35:55,760.27,paid
9257785,237570,2025-09-27 21:25:09,332.69,paid
5308183,282217,2025-01-31 11:16:52,5967.86,paid
284633,198781,2025-01-01 17:31:46,77.88,paid
1560439,441844,2025-01-09 08:31:28,676.54,paid
67124,445138,2025-05-27 18:29:28,136.59,paid
3745608,807582,2025-11-11 08:36:42,352.27,paid
1928481,894894,2025-06-29 18:34:24,499.21,uncollectible
914223,668250,2025-04-15 15:40:36,3945.97,paid
2258873,209357,2025-09-09 20:49:10,37.69,paid
3314605,731867,2025-12-05 11:48:30,837.56,open
4906757,436439,2025-07-16 16:54:21,38.39,paid
7537311,315118,2025-01-13 13:09:22,3572.24,paid
8791267,765110,2025-11-07 03:06:59,32.47,paid
5280814,108657,2025-04-11 17:57:37,573.46,paid
1048172,727242,2025-01-09 12:17:14,105.27,paid
9312369,141893,2025-06-18 16:16:10,63.5,paid
8122185,199248,2025-12-17 07:57:01,4190.91,open
1041072,237570,2025-08-06 18:45:40,350.97,void
7600071,774503,2025-05-29 01:03:33,59.36,paid
857164,889010,2025-05-12 13:02:40,230.5,paid
9428125,796619,2025-04-23 22:48:27,431.35,paid
9177859,292475,2025-11-27 15:04:23,2097.28,paid
8334023,288393,2025-09-23 11:24:51,369.88,paid
5921198,470193,2025-09-02 12:24:47,68.41,paid
3133101,247003,2025-06-29 16:25:38,711.92,paid
872752,393362,2025-09-18 11:05:44,580.3,paid
8184188,983961,2025-12-09 11:28:01,465.9,paid
2017314,744444,2025-09-15 16:50:00,2713.87,paid
3868616,105266,2025-04-12 16:53:28,67.37,void
3530441,656281,2025-07-16 12:47:23,254.23,paid
3094917,199248,2025-08-23 03:18:16,3798.8,paid
8040071,819199,2025-02-15 11:26:11,40.5,paid
5674869,284939,2025-02-11 16:26:54,78.28,open
8435867,565930,2025-11-30 07:36:16,627.4,paid
6612960,527428,2025-11-26 12:10:02,5659.3,paid
9503548,178553,2025-08-18 12:17:55,36.96,paid
571148,668250,2025-07-31 11:45:08,4226.35,paid
4737110,145314,2025-10-12 16:08:40,49.18,paid
3149192,218019,2025-07-09 05:27:31,73.43,paid
3417925,260444,2025-06-19 10:46:08,727.18,paid
7618655,989157,2025-05-16 07:10:41,90.97,paid
4249679,183180,2025-08-27 16:32:02,382.65,paid
8196534,479493,2025-03-17 08:41:37,108.72,paid
2882674,901602,2025-04-28 16:17:08,955.06,paid
6870508,769395,2025-07-19 16:51:16,68.03,paid
6475721,876324,2025-05-02 16:23:18,1828.85,open
2264867,544215,2025-07-25 11:04:28,622.24,paid
2235022,486582,2025-04-17 21:33:37,74.75,paid
7592396,527428,2025-08-21 19:16:27,6048.32,paid
5943453,216490,2025-03-28 06:23:22,39.0,paid
5345674,129289,2025-09-29 17:03:26,23.09,open
1146074,820426,2025-11-01 09:07:30,58.39,paid
9976601,757684,2025-09-18 14:54:12,66.17,open
6088609,200865,2025-07-06 14:55:48,264.42,paid
5311349,772957,2025-11-04 09:12:46,652.05,paid
6168256,695829,2025-02-22 07:28:53,46.99,paid
386210,183180,2025-05-12 12:48:35,368.72,paid
6915122,298048,2025-03-19 13:16:26,56.4,paid
1758993,687595,2025-06-01 21:02:16,1968.59,paid
7469709,216864,2025-10-15 07:07:26,25.77,paid
4081288,203951,2025-01-11 15:06:22,555.8,paid
4740081,741178,2025-03-15 03:00:54,423.69,open
1850652,513477,2025-03-27 09:53:09,836.4,paid
8251438,724051,2025-04-13 07:26:09,296.88,paid
4769187,424994,2025-08-27 20:16:00,3132.45,paid
2702934,295167,2025-08-10 23:48:40,46.16,paid
2760726,105052,2025-10-06 07:05:02,1045.74,paid
2485957,778013,2025-07-04 09:40:35,104.82,open
2989181,356856,2025-10-16 12:33:13,75.27,paid
7468893,778013,2025-08-29 11:11:52,117.9,paid
6885125,865765,2025-09-14 09:52:32,109.23,paid
9398255,106212,2025-06-28 15:40:23,3061.75,paid
3873766,780194,2025-06-29 09:57:47,1385.19,paid
1079336,516809,2025-07-24 14:39:56,652.72,paid
7422883,696751,2025-03-16 20:39:16,70.7,paid
9229433,642899,2025-08-03 05:33:57,59.47,paid
866066,232159,2025-12-04 04:53:04,2759.87,paid
3791619,295167,2025-01-14 12:22:47,42.61,paid
4324010,394508,2025-07-21 12:53:41,35.94,paid
8412873,782122,2025-01-02 09:17:42,34.6,paid
9800202,358468,2025-11-20 08:56:14,414.02,paid
3652069,676603,2025-12-28 08:56:18,274.12,paid
9588282,650871,2025-03-22 15:01:58,530.41,paid
392417,913140,2025-09-20 20:58:08,123.05,paid
3793705,629748,2025-11-06 17:18:54,82.64,paid
5514449,798586,2025-06-11 14:28:40,4575.14,paid
940312,301501,2025-03-30 12:23:34,641.39,paid
5856315,275252,2025-09-17 08:36:13,511.76,paid
3779180,270148,2025-03-14 13:34:45,926.62,paid
822605,278618,2025-10-08 15:21:06,675.76,paid
756770,110840,2025-09-06 10:23:30,2617.29,paid
7402927,563394,2025-08-24 13:40:08,857.02,paid
5404176,380513,2025-12-28 12:51:57,87.87,paid
9559991,207018,2025-05-05 15:52:24,34.91,paid
2576072,290620,2025-05-13 12:52:52,72.8,paid
4219427,558269,2025-09-17 23:12:15,17800.67,paid
6218454,861024,2025-09-23 22:50:29,817.51,paid
9379636,315118,2025-12-01 10:36:39,3629.19,paid
6032373,717660,2025-12-15 09:08:51,89.82,paid
3637615,414105,2025-04-06 07:07:43,78.0,paid
4286638,712131,2025-02-02 14:05:58,984.62,paid
1420574,571416,2025-10-03 13:34:23,198.5,paid
7930046,913140,2025-10-10 18:09:11,119.07,paid
513786,372607,2025-08-21 11:06:27,603.24,paid
5233229,961826,2025-09-14 12:27:59,67.29,paid
6613528,136968,2025-03-15 16:53:52,240.67,paid
7135574,951550,2025-02-28 10:05:51,35.07,paid
4382778,158251,2025-10-10 14:22:40,694.64,paid
3108835,600525,2025-09-20 18:50:24,1232.46,paid
3374171,723768,2025-06-19 09:10:58,419.02,paid
5009376,284939,2025-11-25 13:17:12,63.36,paid
9048224,739213,2025-01-16 16:29:38,70.65,paid
3882274,739777,2025-03-02 06:04:13,1269.27,paid
4484695,377902,2025-11-10 22:46:51,4042.55,paid
8288350,315012,2025-07-26 14:43:44,3776.36,paid
462141,177341,2025-05-10 12:38:01,105.02,paid
3541104,620446,2025-05-14 01:10:44,35.82,paid
7923465,603274,2025-08-24 10:38:18,36.73,paid
562889,896132,2025-10-08 10:54:54,86.76,paid
9802277,491474,2025-05-02 11:12:29,2650.39,paid
9061150,280961,2025-09-11 09:44:32,285.54,paid
6268852,206528,2025-10-09 14:50:52,98.17,paid
8497248,516478,2025-11-11 09:05:53,39.32,paid
1444898,727732,2025-08-25 16:57:03,49.59,void
6126883,216530,2025-09-09 18:08:08,81.01,paid
6968725,263552,2025-05-20 20:34:37,35.74,paid
5874440,930786,2025-12-15 11:48:53,555.93,paid
4649415,428057,2025-08-02 13:09:18,46.35,paid
9280208,597746,2025-05-04 09:51:24,74.96,paid
5036965,183180,2025-05-30 10:59:59,383.25,paid
1934146,742562,2025-03-26 00:28:32,1920.7,paid
4276148,271150,2025-06-24 22:42:53,300.51,paid
5548717,372638,2025-05-19 07:16:23,35.05,paid
2048277,173985,2025-07-06 09:43:14,47.24,paid
7652043,580725,2025-12-05 07:08:45,36.95,paid
5617036,700790,2025-07-13 16:37:00,46.78,paid
8767852,647019,2025-11-27 10:11:08,819.09,uncollectible
7813486,682986,2025-06-19 11:31:42,143.69,paid
2709764,799789,2025-10-31 14:40:01,90.57,paid
3384212,733368,2025-03-24 11:53:22,53.77,paid
5653266,416704,2025-06-19 00:09:00,86.42,paid
7997441,142260,2025-06-17 11:16:39,5849.35,paid
4047432,729870,2025-08-12 09:03:01,257.28,paid
6338569,145787,2025-02-18 13:17:19,652.68,paid
8085157,353158,2025-04-25 12:22:06,1685.04,paid
7748795,176018,2025-08-10 14:45:43,655.24,paid
3192040,304962,2025-02-17 07:15:36,5043.88,paid
3619502,435261,2025-07-06 14:24:26,962.48,paid
2742275,514217,2025-07-27 13:37:01,654.08,paid
9111483,874742,2025-11-09 18:48:40,994.13,void
7283681,888218,2025-08-14 09:00:10,46.9,paid
1126395,892300,2025-05-01 12:15:23,831.0,paid
8668883,135223,2025-08-07 08:09:59,70.57,paid
5417884,631003,2025-07-21 17:58:08,327.36,paid
9251867,908690,2025-12-30 19:39:06,832.6,open
1649374,194570,2025-05-03 12:00:27,35.93,paid
3615844,211818,2025-12-26 15:13:14,929.06,open
2085438,469600,2025-10-07 16:41:29,716.18,paid
8932651,832087,2025-05-17 21:37:38,364.53,paid
862619,896894,2025-07-07 16:27:57,1705.52,paid
5665876,230161,2025-02-11 14:23:14,458.01,paid
5058347,692089,2025-10-03 16:42:25,715.87,paid
1523208,678569,2025-10-15 20:12:49,803.22,open
2145814,335302,2025-05-30 11:20:46,24.74,paid
2503864,481953,2025-05-02 11:17:29,6233.56,paid
6359293,436381,2025-09-17 07:37:31,61.31,paid
1032744,805850,2025-07-28 11:29:08,437.45,paid
5428697,156588,2025-06-07 10:18:58,307.48,paid
6872628,691555,2025-06-05 09:10:34,561.8,paid
6188797,815721,2025-12-10 16:41:12,35.12,paid
5960876,440806,2025-04-10 14:52:13,20.27,paid
3998831,153452,2025-07-18 15:02:44,87.9,paid
9118528,201572,2025-09-22 23:56:30,917.11,paid
7891994,704441,2025-08-19 04:18:17,762.18,paid
785972,800274,2025-09-12 08:01:39,619.2,paid
7973131,662747,2025-12-05 15:39:05,17630.58,paid
9656446,254564,2025-07-24 13:31:56,4208.66,uncollectible
1098353,822504,2025-12-14 07:59:34,721.32,paid
9740445,291292,2025-08-06 07:46:19,557.38,paid
9637916,135223,2025-09-06 07:30:36,71.72,paid
3745832,985162,2025-12-21 11:11:31,142.9,paid
2547284,842517,2025-09-26 07:31:35,1007.9,paid
3203279,170254,2025-02-05 16:25:18,635.99,paid
700050,558639,2025-05-29 07:33:43,59.51,paid
6757829,355983,2025-04-20 15:14:16,261.2,paid
189156,722460,2025-05-09 09:33:57,56.22,paid
7893583,603842,2025-06-24 12:47:40,68.45,open
5327730,336415,2025-11-30 11:23:55,56.49,paid
2775167,115359,2025-04-03 05:34:20,32.48,paid
2167198,533010,2025-06-28 13:38:43,275.25,paid
2362835,449270,2025-09-02 08:18:14,95.02,paid
7904590,823165,2025-04-03 10:58:52,78.89,paid
4591982,631003,2025-01-04 19:05:04,321.28,paid
2240744,609487,2025-11-15 10:33:57,1970.55,paid
7719782,211058,2025-04-25 17:34:22,494.09,paid
9080080,292475,2025-06-25 16:30:15,2258.74,paid
6326661,866791,2025-11-10 03:46:12,39.52,paid
2492802,315175,2025-02-19 14:55:03,56.02,paid
8456650,125160,2025-09-13 18:04:07,85.34,paid
8467894,646333,2025-10-15 12:15:07,60.46,paid
2771938,387432,2025-09-17 00:50:53,489.72,paid
512987,173985,2025-12-08 14:15:51,52.03,paid
5742688,680171,2025-04-16 07:51:22,67.64,open
6369039,147475,2025-10-15 11:34:54,34.35,paid
4265300,983961,2025-10-01 19:20:49,503.71,paid
3006426,572896,2025-09-28 13:57:33,51.2,paid
3176885,962615,2025-01-22 11:51:13,818.89,paid
4399807,883487,2025-04-06 15:00:15,93.55,paid
5230729,713583,2025-03-05 16:54:49,61.68,paid
4568085,227569,2025-08-05 12:37:09,320.58,paid
9318278,618509,2025-10-28 09:06:57,639.78,paid
5001016,540115,2025-08-19 20:11:45,915.72,paid
1466789,482349,2025-02-12 18:30:51,87.97,paid
4063158,571416,2025-04-01 02:16:15,221.25,paid
6234200,995934,2025-11-16 15:53:02,311.27,paid
7241714,609487,2025-09-01 09:22:47,1843.94,paid
511305,245270,2025-05-16 15:17:11,23.65,void
5105543,572896,2025-06-26 10:15:55,50.67,paid
8254770,806501,2025-07-19 14:47:44,425.77,paid
5323753,586292,2025-09-08 15:05:42,38.65,paid
2751704,243998,2025-05-27 14:30:49,38.53,paid
4454362,491474,2025-08-18 11:20:14,2481.01,paid
9870645,310258,2025-01-31 14:31:44,48.35,paid
7547739,412093,2025-07-19 14:35:33,37.24,paid
9332068,540658,2025-12-09 11:49:35,58.12,paid
9452037,169258,2025-04-03 09:24:04,528.14,paid
6259995,787021,2025-10-01 10:16:10,76.78,open
1617067,278870,2025-11-06 15:28:30,43.28,paid
8222298,400614,2025-09-24 08:58:00,84.3,paid
3460262,997844,2025-10-02 16:00:43,6000.52,paid
1218189,152728,2025-09-25 07:50:21,9763.94,paid
6940166,540749,2025-02-07 16:38:55,23.8,paid
827083,644475,2025-02-05 13:12:35,61.72,paid
3661232,164239,2025-05-31 06:39:24,34.91,open
7169647,112414,2025-08-01 08:01:46,37.64,paid
2625877,858507,2025-02-28 11:19:10,2694.84,paid
1637019,919065,2025-10-29 07:00:11,577.15,paid
7139619,479390,2025-08-04 17:24:26,37.96,paid
6975446,917801,2025-08-27 10:12:36,3656.4,paid
3177125,555768,2025-06-14 09:34:56,590.22,paid
5744057,321951,2025-06-19 13:00:40,38.62,paid
3790723,379248,2025-04-06 20:50:16,2933.53,paid
9965556,725268,2025-05-07 07:08:28,253.76,paid
2379654,656281,2025-10-21 10:46:14,240.17,paid
3052636,271313,2025-07-30 10:43:08,1026.57,paid
8328468,870377,2025-09-09 18:12:59,36.94,paid
3737805,793847,2025-11-23 08:30:46,621.57,paid
3467061,631393,2025-11-23 14:01:03,37.92,paid
5836643,692089,2025-12-13 09:56:59,708.68,paid
3327722,511879,2025-06-27 04:29:00,636.99,paid
8688647,790797,2025-08-30 07:33:02,27.67,paid
9147622,135223,2025-08-02 13:42:12,70.7,paid
3332453,165039,2025-06-05 04:26:13,3464.72,uncollectible
7457204,600774,2025-06-28 12:06:56,3343.75,paid
4156889,241202,2025-11-23 14:02:46,1052.91,paid
7418589,626504,2025-08-04 10:53:09,97.62,paid
5542649,870271,2025-09-14 12:46:21,63.46,paid
8761683,990741,2025-05-29 17:24:13,62.7,paid
6547682,323646,2025-10-14 07:05:46,656.79,paid
5240415,769943,2025-07-19 10:01:02,85.3,paid
8536092,621112,2025-06-12 16:58:15,4685.38,open
4949362,368540,2025-10-26 17:49:38,76.43,paid
5454365,877896,2025-09-26 09:20:10,67.03,paid
7942747,678569,2025-08-15 11:39:21,786.95,uncollectible
4764912,896894,2025-09-01 12:23:11,1509.22,void
5829058,866791,2025-09-30 08:57:38,38.3,paid
1777788,155872,2025-06-18 04:05:14,608.27,paid
4185268,386921,2025-04-23 09:06:44,2803.85,paid
4619488,227569,2025-01-13 11:36:37,290.52,paid
9974662,304962,2025-08-05 06:22:24,5796.47,paid
2415712,660322,2025-11-12 14:46:37,491.11,paid
721969,699272,2025-08-11 12:18:19,87.48,void
7523276,181128,2025-10-27 10:20:08,545.42,paid
4458428,114128,2025-01-21 14:50:24,29.3,paid
6667906,287710,2025-02-10 07:19:03,3771.37,paid
2179752,579749,2025-07-30 00:06:42,69.16,paid
7195092,391164,2025-11-23 06:17:41,25.7,paid
7957001,289993,2025-07-14 06:48:29,460.64,paid
6275441,316254,2025-07-29 05:40:57,699.68,paid
2668658,962615,2025-11-13 14:31:47,909.03,paid
5939658,818654,2025-11-01 12:32:14,95.49,paid
8449213,210552,2025-11-27 07:53:41,3499.05,paid
4413815,888218,2025-08-12 14:19:27,45.31,paid
4795168,329586,2025-09-10 16:14:56,602.18,paid
6879722,358368,2025-08-04 07:48:33,44.13,paid
7404582,734042,2025-11-18 07:19:02,63.82,paid
532927,818984,2025-08-19 12:12:57,1896.21,open
5748359,848451,2025-09-24 00:50:05,541.45,paid
8924381,696918,2025-12-22 12:26:34,310.72,paid
5278733,649882,2025-06-01 08:59:36,82.9,paid
7201980,995264,2025-07-14 11:56:58,66.95,paid
3832557,174010,2025-12-20 13:06:30,102.88,paid
4253165,372638,2025-12-06 15:27:41,36.93,paid
2990439,782825,2025-12-02 13:03:34,6558.78,paid
3563029,625558,2025-12-19 06:44:39,72.58,paid
6726878,531456,2025-10-04 08:11:03,86.24,paid
3662116,782122,2025-02-05 13:55:06,36.29,paid
1060775,600774,2025-01-03 13:31:14,3480.5,paid
6027784,244780,2025-06-22 18:23:08,5835.79,paid
8240234,149920,2025-02-09 02:52:04,46.94,paid
9266165,713834,2025-04-02 06:44:30,53.29,paid
251492,902628,2025-11-01 11:36:00,3284.18,paid
1081885,394508,2025-02-05 14:12:38,32.38,paid
953334,111647,2025-08-22 08:02:44,7973.94,paid
3327699,235164,2025-04-28 15:25:03,1361.89,paid
7071258,402163,2025-09-02 20:07:12,64.42,paid
1719976,848451,2025-03-18 12:39:28,523.18,paid
9609303,110840,2025-08-25 15:21:59,2925.7,paid
248944,381513,2025-04-24 10:54:32,37.29,paid
7834687,682986,2025-12-07 06:52:13,135.5,paid
7319823,209357,2025-10-02 14:38:17,33.98,paid
9596628,704101,2025-10-07 09:33:37,661.12,paid
8830663,825599,2025-03-08 12:37:05,88.13,paid
7047656,761571,2025-02-21 18:32:01,59.3,paid
5949455,870271,2025-07-03 08:58:21,64.24,paid
4368277,136425,2025-09-14 06:07:15,48.46,paid
289783,597592,2025-11-25 22:40:09,395.54,paid
8046800,507445,2025-09-16 18:39:06,647.34,paid
3577953,135223,2025-12-13 13:01:28,68.79,paid
5387883,450199,2025-07-31 08:01:16,102.04,paid
8382767,782825,2025-05-06 10:17:25,5818.1,paid
355929,412644,2025-08-08 14:30:54,61.72,paid
4323725,312337,2025-03-11 16:20:55,69.33,paid
4988812,727242,2025-10-23 14:40:23,105.43,paid
4497037,290492,2025-12-30 12:48:31,106.37,paid
1651841,968396,2025-08-20 08:49:13,74.19,paid
4277161,211058,2025-05-02 13:42:27,465.91,paid
6260076,450789,2025-08-05 06:22:21,2635.31,paid
1405082,256035,2025-06-10 08:28:33,38.25,paid
7670823,398864,2025-08-21 16:03:07,634.34,paid
3477985,887991,2025-04-26 15:43:25,78.36,paid
9430372,341901,2025-02-27 13:43:19,75.99,paid
3317807,675863,2025-09-14 15:00:48,516.21,paid
1160980,815996,2025-11-19 16:55:43,809.95,paid
2213558,775589,2025-03-01 20:25:01,723.98,paid
4666485,596031,2025-05-13 13:34:33,263.55,paid
1667323,412093,2025-06-05 08:33:39,34.87,paid
3456950,250471,2025-12-10 09:38:09,112.54,paid
2165339,621112,2025-03-30 10:28:00,4653.89,paid
1795158,823165,2025-05-18 12:49:45,75.15,paid
6322523,289564,2025-07-13 05:54:53,282.38,paid
3452329,842517,2025-04-02 04:31:07,953.49,paid
4810134,872118,2025-08-25 01:56:22,7789.82,paid
7832399,918212,2025-08-06 17:46:17,4497.9,paid
7689735,148986,2025-10-12 10:35:20,151.71,paid
6315100,451238,2025-08-05 09:58:20,782.6,paid
7263955,531456,2025-03-24 22:36:56,84.74,paid
9072791,751454,2025-08-16 20:58:35,2471.01,paid
3734126,725693,2025-11-30 15:18:41,274.0,paid
8108841,943223,2025-06-15 21:41:32,393.54,paid
1921031,662023,2025-12-25 10:36:30,123.98,paid
1395002,116626,2025-12-24 09:20:09,3753.5,paid
345531,481021,2025-12-15 11:53:25,22.2,open
8795563,899547,2025-08-19 08:42:17,293.59,paid
5901677,688496,2025-12-12 11:15:15,326.84,paid
9549852,899547,2025-07-23 07:34:29,313.59,paid
2224890,772957,2025-08-04 16:10:07,523.55,paid
8089099,171014,2025-04-21 17:51:54,36.82,paid
5446495,567817,2025-11-19 20:49:48,47.24,paid
4195868,967279,2025-07-04 20:19:21,106.92,paid
4385031,365660,2025-04-05 10:54:17,298.16,paid
2343854,731867,2025-05-02 13:49:49,772.44,open
5242391,509193,2025-03-30 07:22:16,3488.71,paid
9256614,940445,2025-02-17 11:21:19,157.66,paid
3819480,948864,2025-08-17 13:30:09,577.1,paid
6557914,554320,2025-02-16 11:27:16,3206.26,paid
9941824,653379,2025-02-11 16:32:35,301.35,paid
4262740,269978,2025-02-09 15:07:34,514.27,paid
6814221,110220,2025-05-06 06:39:52,62.96,paid
8504309,621013,2025-09-25 13:56:09,40.01,paid
9658283,375756,2025-07-24 19:18:15,622.83,paid
88043,298652,2025-05-04 15:05:51,565.67,paid
1280682,298901,2025-09-21 10:28:08,53.02,paid
6954244,131876,2025-06-09 22:10:35,89.99,paid
6072042,722460,2025-09-22 10:06:04,63.06,void
9346908,398032,2025-09-23 02:04:57,35.11,paid
990040,395913,2025-01-06 07:28:50,348.5,paid
4137847,486520,2025-07-27 20:42:00,36.84,paid
8656785,246475,2025-11-06 11:11:25,92.31,paid
6509753,474120,2025-03-30 14:37:53,636.4,paid
4129272,750844,2025-06-22 07:08:56,681.49,paid
1185313,504080,2025-01-29 10:33:48,70.92,paid
1103502,605260,2025-07-29 09:43:41,73.02,paid
734299,833504,2025-03-17 08:20:01,3728.74,paid
4946640,245218,2025-02-22 09:58:41,1505.77,paid
1087940,453260,2025-08-27 18:20:38,505.66,paid
1616945,481016,2025-03-23 01:38:26,832.13,paid
2216110,727242,2025-07-14 09:17:00,106.35,paid
3050909,154626,2025-07-28 11:00:27,678.1,paid
7010223,499802,2025-12-22 08:30:15,87.72,paid
7252535,954668,2025-03-15 07:40:35,461.16,paid
1219179,668059,2025-08-19 12:58:43,58.85,paid
8889900,822666,2025-12-18 15:14:08,721.22,paid
1764367,713583,2025-12-11 14:55:30,64.96,paid
4590525,691620,2025-09-18 11:36:56,35.58,void
3741024,823165,2025-08-13 09:26:36,74.72,paid
8030230,258458,2025-08-18 14:46:23,2742.82,void
4334668,102220,2025-11-20 10:46:42,293.21,paid
4576663,412468,2025-04-05 15:42:17,49.89,uncollectible
4458403,165228,2025-07-17 15:13:17,589.9,paid
693200,177341,2025-07-28 16:24:09,112.3,paid
5486876,577783,2025-11-09 14:21:42,751.38,paid
1378708,224336,2025-02-09 09:52:01,37.06,paid
3621063,333840,2025-12-16 17:26:38,3296.04,paid
4945908,891033,2025-05-05 11:47:34,124.48,paid
5961869,886365,2025-10-21 20:43:19,2621.71,paid
5040058,232421,2025-11-02 10:55:59,910.94,paid
3716384,241116,2025-09-15 03:45:37,50.48,paid
1548114,108606,2025-01-29 01:51:11,629.26,open
5407916,636784,2025-02-01 07:33:07,484.47,paid
4828258,401402,2025-03-26 17:22:39,234.37,paid
7232944,531456,2025-09-07 12:34:42,78.67,paid
2844587,310019,2025-09-16 23:06:53,2383.79,void
5243708,371569,2025-07-28 18:29:57,731.62,paid
1281645,995264,2025-08-25 07:30:28,70.92,paid
6100804,695044,2025-11-14 20:28:58,3911.27,paid
4239880,688496,2025-07-14 13:53:44,311.34,paid
4967892,289993,2025-07-04 02:25:23,564.5,paid
1694507,590704,2025-12-29 17:46:40,647.94,paid
9812406,339409,2025-09-20 20:50:03,71.18,paid
3045295,863338,2025-06-14 20:55:51,426.64,paid
8699546,412093,2025-01-26 17:04:39,36.28,paid
6105696,142978,2025-12-19 07:48:54,246.77,paid
3636002,705867,2025-11-23 12:32:29,3951.94,paid
1235181,941144,2025-10-07 09:17:56,246.46,paid
7893133,111936,2025-07-27 12:47:35,813.06,paid
768705,527428,2025-08-21 20:51:36,5337.35,paid
6071763,836465,2025-09-26 08:26:31,237.62,paid
8178582,872833,2025-04-23 11:39:02,34.25,paid
1412834,345955,2025-12-17 19:23:37,412.59,void
1367183,248542,2025-08-12 14:51:43,33.11,paid
3759583,713834,2025-10-03 08:13:30,47.14,paid
7452324,431016,2025-12-22 13:48:38,34.9,paid
8530208,139085,2025-11-18 11:15:00,38.97,paid
1356256,331311,2025-06-10 11:00:59,792.88,paid
4107530,687117,2025-05-10 06:12:09,48.14,paid
6468410,646309,2025-04-16 09:53:01,390.14,paid
6727520,600525,2025-10-02 13:08:45,1358.77,open
996704,712131,2025-03-03 10:53:23,988.42,paid
5006446,565930,2025-07-30 15:06:45,686.69,paid
1991305,399159,2025-09-25 09:43:16,183.65,paid
2742422,471767,2025-01-12 10:54:48,80.94,paid
4055832,952114,2025-08-07 13:06:28,3127.39,paid
1784494,961918,2025-07-22 12:33:01,47.77,paid
4458600,377997,2025-10-30 17:27:43,310.57,paid
3305488,993977,2025-09-29 13:33:29,47.85,paid
5167182,729073,2025-09-01 17:13:47,622.47,paid
5733409,765110,2025-06-28 06:52:16,32.87,paid
2964533,441844,2025-10-04 13:25:23,723.85,paid
6486016,519323,2025-08-08 06:41:52,36.72,paid
3317403,966960,2025-08-09 10:02:39,711.8,open
8286861,152728,2025-05-04 01:06:27,10733.02,paid
5147933,260444,2025-11-19 09:10:02,718.17,paid
5474150,796619,2025-10-02 13:38:33,475.55,paid
3204274,347163,2025-09-09 13:06:33,336.17,paid
5625097,907943,2025-02-26 03:49:40,36.23,paid
3581306,783281,2025-03-28 18:41:42,36.95,paid
1925469,873644,2025-06-15 09:07:26,318.74,paid
7344695,194570,2025-05-13 17:26:00,34.87,paid
432905,228280,2025-12-08 05:49:34,530.63,paid
8751571,368540,2025-05-20 16:05:46,70.41,paid
4921306,877896,2025-11-14 13:36:58,73.12,paid
3002376,554320,2025-10-29 17:12:50,3601.85,paid
778086,549442,2025-04-08 13:31:38,3673.72,paid
6283684,318162,2025-08-17 14:31:06,224.22,paid
975390,372540,2025-04-12 09:54:39,1831.64,paid
7413279,353738,2025-09-25 15:30:29,838.74,paid
4468877,995264,2025-10-17 05:01:14,70.39,paid
2797321,814957,2025-12-07 06:20:09,454.03,paid
4136519,647019,2025-01-06 09:37:38,799.66,paid
4361065,604851,2025-08-20 18:20:46,34.43,paid
5561723,373043,2025-03-15 10:51:19,37.9,paid
1323842,359748,2025-08-30 15:49:01,529.98,void
3993251,513477,2025-01-31 04:53:55,804.55,paid
3954382,263501,2025-08-31 09:48:22,55.23,paid
566718,980608,2025-09-10 08:46:48,235.27,paid
4547604,600525,2025-10-29 14:34:54,1181.62,paid
7499014,871334,2025-06-23 09:27:11,105.51,paid
5784018,565930,2025-10-18 11:28:36,755.19,paid
689792,174373,2025-01-18 16:36:08,439.91,paid
6780986,708315,2025-07-30 15:36:07,39.37,paid
219777,930786,2025-08-05 10:05:17,585.1,paid
1508655,893855,2025-10-30 17:58:23,34.1,uncollectible
7598405,479390,2025-11-28 15:26:20,39.14,paid
2964523,175483,2025-07-29 12:41:26,3723.73,paid
31604,394508,2025-01-18 12:45:38,35.72,paid
9625283,604137,2025-06-09 08:14:24,67.96,paid
2429664,261774,2025-06-14 22:33:43,179.84,paid
6645721,746335,2025-11-02 10:09:57,51.86,paid
2497404,692735,2025-06-03 13:30:41,79.56,paid
7874967,866791,2025-04-02 09:29:20,39.93,paid
9063611,908690,2025-07-01 10:08:50,859.86,paid
7378430,540115,2025-11-19 16:12:50,899.99,open
8151056,554320,2025-09-19 08:59:04,3586.75,paid
597652,381306,2025-10-06 18:36:31,489.69,paid
2732530,199248,2025-08-22 23:23:22,4320.64,paid
4721646,637831,2025-09-04 03:00:55,387.52,paid
9346247,277459,2025-06-01 22:02:01,132.25,paid
1851584,286547,2025-07-10 11:37:39,33.99,paid
5093759,223459,2025-06-27 13:14:02,84.33,paid
4149919,451436,2025-04-13 07:22:04,33.53,paid
7971627,989345,2025-12-20 08:16:01,148.18,paid
9499414,553479,2025-12-15 10:37:01,3211.49,paid
7707436,188341,2025-07-02 09:49:34,84.69,paid
803100,650871,2025-08-06 18:16:59,460.76,paid
7345717,641547,2025-09-25 13:48:00,683.24,paid
1962901,794431,2025-08-23 16:12:58,460.9,paid
7042447,150144,2025-01-03 09:05:48,140.82,paid
50910,118948,2025-08-28 16:27:46,103.37,void
6100740,782122,2025-09-20 07:57:06,39.45,paid
484634,227569,2025-10-18 08:36:14,280.09,paid
2246092,978965,2025-11-08 12:38:59,650.99,paid
2488603,351485,2025-07-21 15:57:01,11.15,paid
1031980,989345,2025-06-12 08:31:55,176.68,paid
9413407,487099,2025-11-26 17:11:15,36.43,paid
5681383,216067,2025-08-10 19:12:45,376.49,paid
3046207,651612,2025-05-14 15:14:55,59.67,paid
799316,165982,2025-12-23 14:52:11,354.37,paid
2078842,604137,2025-11-30 02:59:13,66.78,void
5366712,210552,2025-09-12 15:27:17,3390.11,void
4783682,301410,2025-09-08 17:47:20,238.55,paid
9694842,916037,2025-12-21 08:24:14,36.51,paid
7801575,700790,2025-05-29 14:36:04,48.81,uncollectible
1326312,486582,2025-11-06 14:36:14,70.06,paid
2068476,691620,2025-04-30 09:31:52,39.9,paid
2411165,235164,2025-10-30 14:30:11,1231.07,paid
805596,157478,2025-08-06 02:24:52,54.3,paid
4500796,913140,2025-03-27 07:04:25,129.65,paid
6844500,492337,2025-09-27 07:51:12,47.59,paid
7643545,200631,2025-09-03 05:31:12,264.12,paid
94670,462096,2025-03-11 10:02:39,3659.99,paid
7836583,547854,2025-01-25 08:44:05,423.71,paid
1376155,847327,2025-05-26 04:01:52,849.66,open
7591165,918351,2025-09-29 10:04:48,83.19,paid
2117230,373043,2025-06-12 09:31:21,34.9,paid
8391945,759736,2025-04-16 10:54:58,489.38,paid
9359057,672009,2025-10-01 08:29:57,1169.89,paid
4809244,399159,2025-06-18 13:33:37,180.89,paid
1814189,164080,2025-10-03 08:17:09,57.6,paid
1796950,359105,2025-04-02 13:32:26,666.09,paid
9557978,802565,2025-08-17 23:20:43,2863.51,paid
2518333,732615,2025-06-30 09:05:14,48.25,paid
7124484,930786,2025-11-16 09:14:40,529.6,paid
9643742,540115,2025-12-16 07:57:00,869.26,paid
3360790,557608,2025-08-13 08:57:25,783.41,paid
9337728,772806,2025-12-29 05:32:23,81.71,paid
7092165,713834,2025-02-28 17:38:20,47.18,uncollectible
8553755,618152,2025-09-19 08:26:29,1684.62,paid
7414951,580435,2025-04-08 07:27:54,586.75,paid
8436104,902662,2025-09-07 23:54:57,36.89,paid
1255468,353738,2025-07-11 19:20:44,859.8,open
2773738,907406,2025-01-05 14:40:37,32.87,paid
7656749,537536,2025-11-03 09:13:39,329.5,open
8305654,625558,2025-04-12 13:04:15,73.61,paid
9498875,679023,2025-11-06 14:25:11,37.25,paid
8546583,631003,2025-07-01 09:02:02,263.39,paid
4594698,562219,2025-10-02 17:27:26,2187.38,paid
7978476,213004,2025-03-27 14:20:40,86.89,paid
7319017,424994,2025-08-27 15:01:27,3350.13,paid
6304373,332026,2025-03-10 11:25:58,38.53,paid
9093895,399159,2025-10-30 14:56:14,186.59,paid
4401551,539755,2025-09-09 21:37:50,24.49,open
3606123,515850,2025-08-02 14:20:40,63.21,paid
4481100,415716,2025-12-04 10:49:07,35.42,paid
1132329,419173,2025-12-05 10:52:18,4132.77,paid
3398793,895559,2025-10-18 17:39:27,671.15,uncollectible
5747944,377902,2025-03-05 09:55:07,4329.38,paid
6938026,946742,2025-09-05 15:58:11,61.61,paid
7827346,312337,2025-04-05 15:29:14,73.24,paid
7645111,766913,2025-07-31 11:20:33,428.95,paid
6300828,369202,2025-04-15 15:10:52,584.24,paid
7439335,200865,2025-03-20 14:11:20,258.2,paid
9679926,736270,2025-12-18 22:05:48,5378.24,paid
5527442,580435,2025-05-12 02:41:08,550.28,paid
5953853,968217,2025-02-04 13:17:19,87.92,paid
3714853,436381,2025-04-17 06:53:32,59.1,paid
3354579,961826,2025-10-06 10:58:58,73.17,paid
9506183,157411,2025-07-20 05:33:07,4791.86,paid
5525939,314615,2025-11-13 23:39:05,70.04,paid
8256525,469600,2025-07-13 11:19:47,663.24,paid
2748733,428057,2025-08-02 21:56:36,48.99,paid
4551154,203860,2025-04-15 22:14:53,590.63,paid
4354647,981433,2025-12-24 13:48:50,1653.56,paid
786073,848451,2025-08-08 06:30:27,508.11,paid
3534192,241202,2025-05-23 10:37:09,952.87,paid
1340211,248669,2025-03-11 12:51:08,108.66,paid
6178096,687763,2025-06-06 16:03:45,385.47,paid
5526693,400628,2025-12-11 12:08:33,35.55,paid
2162385,889010,2025-08-30 12:18:08,225.8,paid
180513,253647,2025-01-14 14:53:00,60.74,paid
3443286,414105,2025-08-19 14:46:47,73.41,paid
3301714,541269,2025-03-31 14:17:16,219.76,paid
6520150,517368,2025-12-18 10:54:33,4291.9,paid
1996434,946742,2025-02-14 02:09:05,58.63,paid
3814223,249442,2025-09-11 14:52:43,3466.16,paid
9633866,453260,2025-09-29 07:17:27,487.13,paid
2120975,757349,2025-07-05 11:26:17,11539.01,paid
5569413,116787,2025-09-18 08:17:10,341.26,paid
7299799,372638,2025-10-18 13:49:44,36.77,paid
4900488,558167,2025-12-26 13:27:32,1936.56,paid
1125700,435506,2025-09-17 08:20:52,459.83,paid
972835,606858,2025-07-06 16:51:53,60.34,paid
7349271,234922,2025-09-25 13:42:44,2897.76,paid
1550673,603307,2025-04-16 11:54:29,35.66,paid
9385682,919065,2025-11-07 11:15:55,704.17,paid
8842993,379610,2025-07-20 11:52:11,24.89,paid
5254372,247268,2025-03-14 11:55:50,563.84,void
1576552,210552,2025-11-10 13:33:14,3438.05,paid
5339373,830784,2025-11-06 10:07:54,525.75,paid
8588909,156588,2025-07-01 14:31:44,309.87,paid
3967788,679825,2025-05-05 12:37:50,3332.37,paid
8037800,911267,2025-09-02 11:55:56,2776.02,paid
6661838,579749,2025-05-22 13:56:09,58.72,paid
5442580,866791,2025-06-09 10:15:32,35.13,paid
7785519,504637,2025-10-11 13:41:09,49.54,paid
613356,249013,2025-01-16 09:54:46,4888.82,paid
4199883,785078,2025-11-28 13:12:46,71.96,paid
390413,839782,2025-06-25 21:09:59,1851.19,paid
9734756,349634,2025-07-01 12:38:59,4222.48,paid
3727046,790366,2025-12-17 16:42:55,36.53,paid
3001756,269978,2025-09-27 09:29:43,523.61,paid
5861996,979522,2025-12-08 13:04:56,68.73,open
1351910,883487,2025-05-20 10:57:46,81.2,paid
8852654,799789,2025-07-16 13:06:44,82.93,paid
1131504,938205,2025-11-08 09:24:44,132.2,paid
9472700,881378,2025-08-09 08:52:36,12.3,open
3633228,261774,2025-07-01 11:54:58,192.27,paid
7693996,241116,2025-09-10 09:55:11,45.22,paid
3525560,663216,2025-10-17 16:17:31,419.41,paid
2865488,125160,2025-10-21 09:48:07,83.9,paid
4080238,441439,2025-06-29 16:54:05,69.26,paid
5112428,205373,2025-05-06 12:09:05,1512.56,open
9193831,825599,2025-08-15 10:00:39,79.73,uncollectible
8139413,372638,2025-11-30 20:13:59,35.57,paid
3320093,248358,2025-04-11 19:35:20,522.52,paid
9033653,256231,2025-01-15 15:38:38,813.77,paid
1600450,172596,2025-04-09 09:52:29,310.42,paid
4955580,515850,2025-01-06 10:44:59,60.58,paid
6245896,343808,2025-11-13 13:14:20,71.45,paid
111361,611661,2025-07-22 11:29:38,62.42,paid
5777706,490866,2025-12-15 15:29:15,313.58,paid
3548298,304113,2025-07-10 09:12:09,501.19,paid
7081166,734042,2025-02-27 07:19:14,65.31,paid
7376156,876549,2025-06-25 13:16:40,675.63,paid
8366313,110911,2025-09-23 12:54:53,39.61,paid
9326424,281254,2025-03-30 09:45:27,345.98,paid
8111322,493074,2025-03-03 14:44:40,56.94,paid
5519704,701732,2025-05-10 12:35:32,34.63,paid
7139117,682864,2025-06-08 21:36:45,1165.03,paid
5584946,662010,2025-08-06 15:21:10,51.85,paid
450056,919974,2025-05-02 09:06:08,2964.66,paid
2144428,179049,2025-11-08 10:21:31,362.06,paid
7070201,896894,2025-07-07 18:00:01,1658.37,paid
9337090,624539,2025-10-24 11:21:27,32.83,paid
7572534,182129,2025-07-14 09:11:57,444.34,paid
6756707,555768,2025-03-16 19:10:29,591.91,open
4848305,640065,2025-01-21 07:32:04,46.63,paid
6191083,412093,2025-02-12 14:52:02,35.16,open
431540,277459,2025-05-06 22:16:40,143.58,paid
5155415,181128,2025-05-20 15:06:12,514.6,paid
1492227,741646,2025-04-09 16:47:52,777.87,paid
2224837,631589,2025-11-12 08:36:12,468.91,paid
6526495,462638,2025-04-19 14:26:47,5463.53,paid
6191549,185683,2025-09-22 10:00:42,4824.45,paid
7084931,361379,2025-01-26 14:34:23,804.54,paid
5002092,583252,2025-12-30 16:13:13,504.46,paid
1633344,549976,2025-06-16 14:24:50,2006.34,paid
5877651,990741,2025-10-06 09:41:36,62.26,paid
2322294,504080,2025-02-01 16:49:23,68.82,paid
7685656,978965,2025-12-11 15:13:41,672.04,paid
4113348,304113,2025-10-11 11:21:15,518.01,paid
2212622,574470,2025-08-29 12:43:20,446.81,paid
1073706,869256,2025-06-02 08:52:59,71.87,paid
1194847,620725,2025-09-09 07:31:35,50.91,void
6751684,181156,2025-06-22 11:43:46,550.55,paid
578494,323646,2025-01-23 06:26:33,700.58,paid
3422287,831195,2025-04-06 09:01:14,917.56,open
5962876,279735,2025-05-09 13:46:07,109.15,paid
3207077,972041,2025-06-14 16:27:06,556.22,paid
4863452,938137,2025-11-24 12:30:38,715.39,paid
6545462,170417,2025-04-09 01:20:31,814.36,paid
8409221,254564,2025-10-16 10:00:36,4666.0,paid
2366766,228280,2025-06-26 08:06:42,604.2,paid
2195618,292475,2025-10-19 16:02:20,2357.63,paid
8995959,527428,2025-08-21 16:56:16,6023.47,paid
324004,102347,2025-08-04 15:26:51,660.74,paid
7227311,625558,2025-07-25 09:55:46,65.86,paid
6321350,646309,2025-11-12 11:29:49,386.68,paid
9473026,315175,2025-10-01 03:35:33,54.95,paid
2728552,751207,2025-10-20 11:36:37,45.15,paid
9156621,826663,2025-02-25 22:30:36,2378.23,paid
4351139,537263,2025-11-17 10:30:24,732.44,paid
6099581,271695,2025-12-24 09:00:23,43.73,paid
2393832,887991,2025-10-08 08:47:10,68.59,paid
2022154,243998,2025-06-15 13:25:12,37.91,open
9432356,331536,2025-12-26 11:24:56,56.54,paid
3007440,793847,2025-11-18 10:05:46,574.31,paid
4372024,505710,2025-12-12 11:09:50,413.33,open
5639289,875061,2025-01-16 08:53:41,117.1,paid
8427270,753247,2025-02-27 11:24:28,755.25,paid
5628470,158251,2025-07-04 09:56:10,703.73,paid
903589,912127,2025-05-04 05:23:24,1711.44,paid
8186489,872118,2025-02-24 00:03:00,9209.14,paid
1818030,462096,2025-11-28 08:19:13,3674.94,paid
1767207,713834,2025-01-08 07:03:06,46.5,paid
1044942,255136,2025-02-02 08:14:40,96.12,paid
7701714,621013,2025-09-26 02:37:39,34.7,open
1704442,491474,2025-07-23 15:54:16,2944.43,paid
3355444,902347,2025-02-11 07:24:04,3399.85,paid
17791,919065,2025-03-20 16:06:52,590.08,paid
558381,958517,2025-04-10 14:59:04,641.78,paid
608967,909740,2025-09-09 10:02:14,242.4,paid
9869681,676603,2025-06-12 08:19:51,253.42,paid
495356,580435,2025-10-06 15:22:43,602.92,paid
5088328,316254,2025-10-05 12:57:14,676.42,paid
779679,314615,2025-03-06 12:33:30,81.26,paid
5396978,765110,2025-10-31 12:29:53,39.67,paid
763971,376354,2025-10-22 14:25:51,89.76,paid
4523452,558269,2025-09-26 09:50:43,13913.38,paid
4533235,550131,2025-05-10 12:44:30,780.35,open
9949435,575382,2025-11-05 10:53:01,698.03,paid
7553162,111936,2025-02-27 15:55:11,797.43,paid
2803548,245270,2025-08-09 16:24:47,24.17,void
953943,124942,2025-01-22 12:01:12,662.91,paid
772749,227569,2025-06-22 07:18:20,300.75,paid
7766086,170902,2025-06-15 16:17:00,32.25,paid
1654013,818984,2025-01-08 13:32:29,1852.81,paid
8518389,757684,2025-04-29 09:38:55,72.79,paid
9944487,783281,2025-11-01 16:18:36,33.33,paid
8627616,625558,2025-09-25 17:29:46,65.77,open
6862781,751207,2025-04-06 18:23:10,56.11,paid
4284533,449827,2025-10-10 14:24:04,3022.79,paid
2754459,995934,2025-08-10 16:57:33,348.46,paid
9519508,260118,2025-02-21 14:08:15,3784.96,paid
6345045,620640,2025-11-27 14:13:03,437.83,paid
687044,676397,2025-09-12 09:36:50,1042.72,paid
4149603,799789,2025-11-01 00:14:40,83.18,paid
5582098,553479,2025-06-09 20:55:09,3175.62,paid
4193603,504630,2025-07-24 20:14:08,267.49,open
3567778,119663,2025-10-15 07:57:04,3056.41,paid
2017242,196847,2025-10-17 16:52:33,2620.71,paid
8173761,943858,2025-05-24 13:53:47,434.36,paid
1726581,282217,2025-05-31 07:30:30,6093.46,paid
2218168,289993,2025-01-25 19:40:35,553.04,paid
2213602,838808,2025-09-28 09:00:39,741.31,paid
2892144,996819,2025-11-19 14:11:48,1912.84,paid
6191416,750844,2025-04-29 13:29:37,622.75,paid
8654766,674609,2025-09-09 18:53:54,72.81,paid
3802620,537536,2025-11-30 07:52:02,322.39,paid
861412,441439,2025-02-08 10:42:37,75.24,paid
7040503,372180,2025-09-15 08:21:39,50.47,paid
1617193,399159,2025-06-24 19:27:12,187.39,paid
7682604,378702,2025-07-10 18:04:54,70.81,paid
2141498,262644,2025-02-16 14:55:29,1080.37,paid
5980931,119727,2025-11-12 14:54:07,324.43,paid
8103616,527428,2025-08-21 19:14:43,6169.35,paid
3846786,603274,2025-01-01 10:55:10,38.18,paid
8244091,665974,2025-12-01 09:43:37,37.79,paid
8645752,692863,2025-10-13 16:05:49,101.01,paid
1248668,493074,2025-06-10 15:59:16,59.25,paid
3620768,230161,2025-10-24 10:39:59,479.12,paid
7535708,393542,2025-11-21 12:13:40,37.89,void
5865282,277459,2025-12-27 16:56:58,134.38,paid
5746601,948864,2025-06-17 14:10:12,471.8,paid
2668508,481953,2025-10-03 19:00:20,6248.11,open
495225,888943,2025-12-28 17:14:11,37.02,paid
8378420,468130,2025-10-22 17:05:17,765.39,paid
8600116,169258,2025-09-07 12:46:12,584.63,paid
2111783,866791,2025-04-24 14:23:47,32.16,paid
9532560,699272,2025-06-17 05:11:54,93.36,paid
4629914,468400,2025-06-25 17:38:53,5039.91,paid
3910618,287710,2025-08-07 17:16:44,4107.72,paid
2269129,970778,2025-02-23 16:58:07,579.98,paid
9103316,280606,2025-12-01 16:16:08,36.19,paid
5986667,600525,2025-09-02 23:51:32,1135.34,paid
1729882,481953,2025-12-06 11:39:47,6516.58,paid
6466087,278870,2025-10-16 13:59:57,46.76,paid
7731033,430738,2025-04-15 22:04:05,47.76,paid
3993522,686916,2025-12-11 11:06:08,4096.97,paid
3260942,913140,2025-10-03 11:47:19,145.05,paid
3846299,754948,2025-03-01 15:54:38,2803.14,paid
4741103,992844,2025-08-04 13:45:23,297.63,paid
865016,473143,2025-08-16 09:00:00,122.44,paid
7994087,201117,2025-09-03 13:21:47,686.78,paid
9247351,245270,2025-10-12 12:23:36,23.32,paid
4112069,120608,2025-04-22 16:07:04,50.83,paid
8989824,727732,2025-10-19 05:03:09,45.89,paid
8937335,996819,2025-09-06 16:56:05,1565.98,paid
4638082,449270,2025-07-16 18:15:14,96.45,paid
3370717,925203,2025-03-11 10:56:36,35.24,paid
3771857,531301,2025-08-16 14:54:49,35.84,paid
1724161,556047,2025-12-15 19:49:59,816.89,paid
1077134,216067,2025-08-03 16:59:48,351.49,paid
177712,248669,2025-06-13 11:46:13,114.24,paid
2990605,219926,2025-03-30 10:50:57,3750.73,paid
559803,209357,2025-09-10 02:45:04,33.99,paid
862104,680171,2025-09-28 14:26:09,71.33,uncollectible
9470451,713866,2025-08-05 10:23:25,677.14,paid
9921871,163603,2025-03-14 13:43:30,35.38,paid
4572848,323646,2025-09-13 17:05:24,748.46,paid
2565499,479650,2025-05-25 13:28:37,79.05,paid
8512831,289564,2025-05-02 11:17:31,280.82,paid
1189712,335130,2025-06-19 20:14:24,168.78,paid
4439519,291292,2025-11-07 09:24:12,599.63,paid
7972003,901613,2025-08-18 18:45:47,58.06,paid
2069940,301735,2025-07-01 08:04:45,33.76,paid
2142847,504080,2025-09-06 15:14:37,67.67,paid
1340125,790797,2025-04-15 14:24:13,24.05,paid
4510786,540382,2025-12-15 16:31:07,503.0,paid
4604971,329586,2025-01-03 18:38:07,604.13,paid
2308549,696751,2025-03-18 13:08:38,73.68,uncollectible
7960516,969783,2025-08-18 13:59:29,657.85,paid
9535955,784693,2025-01-11 12:51:23,267.91,paid
3972012,516478,2025-11-13 08:17:35,35.91,paid
9465491,596031,2025-08-12 15:45:21,298.01,paid
9046091,836465,2025-06-14 19:28:36,227.43,paid
4468870,540635,2025-07-01 11:19:26,175.23,paid
7207972,642899,2025-12-27 10:10:01,69.39,paid
3220115,336415,2025-12-19 12:10:55,55.61,paid
9184983,228677,2025-11-15 20:39:33,65.42,open
403170,985162,2025-01-01 02:22:00,131.31,paid
5161981,938205,2025-10-07 12:24:49,141.24,paid
8726355,359909,2025-08-31 11:49:47,667.25,paid
5556362,102220,2025-09-28 07:00:46,304.96,open
4522966,271150,2025-10-09 05:55:12,277.61,paid
1915767,697314,2025-05-15 10:08:00,411.24,paid
6171654,135223,2025-05-27 14:38:19,75.76,paid
1967041,667992,2025-09-03 10:38:21,5228.59,paid
1899349,237614,2025-04-02 13:29:21,619.56,paid
6043331,450789,2025-10-19 08:15:58,2450.66,uncollectible
1986965,784693,2025-11-29 06:53:25,244.43,open
3919143,618509,2025-02-23 14:33:27,608.35,paid
4745650,248542,2025-02-21 17:18:20,38.08,paid
170983,877086,2025-07-20 12:46:14,521.0,paid
3838060,364738,2025-05-16 15:02:13,811.4,paid
8658358,253221,2025-10-22 23:26:32,117.56,paid
8200210,530957,2025-05-07 09:25:46,210.16,paid
7636936,678569,2025-04-20 06:27:09,837.54,paid
633770,316635,2025-12-08 12:42:39,718.68,uncollectible
2532896,606408,2025-09-25 07:20:48,36.33,paid
8423408,149208,2025-07-09 18:16:19,50.84,paid
5954719,112840,2025-11-03 11:04:21,48.05,paid
8838466,140197,2025-05-30 11:37:35,1695.35,open
3815838,670800,2025-12-27 11:20:43,295.71,paid
3287565,285164,2025-06-10 07:18:04,81.45,paid
5112159,976274,2025-12-14 15:33:29,862.17,open
7809224,462096,2025-07-10 15:22:03,3251.38,paid
882416,896132,2025-11-24 09:33:18,91.29,paid
8423218,156588,2025-09-18 18:30:43,315.28,paid
9271325,561696,2025-09-11 09:51:52,46.84,paid
909645,676614,2025-07-29 06:47:38,417.24,void
8827440,124942,2025-04-13 13:12:49,597.34,paid
3955931,885767,2025-08-18 14:46:30,316.01,paid
4014231,504080,2025-10-30 07:26:51,64.45,paid
670188,634053,2025-08-20 12:59:42,2685.92,paid
6737482,129145,2025-12-10 10:48:24,725.33,paid
2592735,661655,2025-09-26 18:22:04,57.89,paid
3671072,644920,2025-08-29 10:55:06,586.69,paid
5670430,110840,2025-11-03 10:13:11,2641.63,paid
4623366,669363,2025-07-01 07:50:14,47.97,paid
5931356,558269,2025-04-20 12:36:48,15987.69,paid
6179639,253647,2025-11-25 22:57:33,70.65,paid
4736417,175177,2025-05-06 14:42:21,40.05,paid
4214178,170008,2025-08-07 11:37:22,2142.04,uncollectible
7946038,150235,2025-04-13 08:15:27,45.26,paid
4235416,376850,2025-05-23 07:17:01,45.79,paid
6016947,223459,2025-09-28 08:06:04,78.48,paid
8429256,818984,2025-02-21 16:18:09,1834.67,paid
2460513,333840,2025-05-18 03:21:32,3363.54,paid
9516886,280034,2025-04-18 17:41:00,109.81,paid
5485460,993977,2025-08-20 14:27:51,50.7,paid
1467473,288393,2025-11-27 11:21:22,403.24,paid
8586370,837734,2025-11-17 14:04:58,1190.68,paid
9836741,989345,2025-11-30 10:18:40,178.08,paid
650629,991572,2025-08-01 16:03:27,320.24,paid
6968935,339409,2025-09-20 17:08:39,67.78,paid
2129122,713907,2025-07-03 15:21:43,46.97,paid
347391,823375,2025-08-05 06:13:09,303.04,paid
2943397,861107,2025-07-31 14:51:43,507.3,paid
5945901,419173,2025-04-26 05:18:12,3565.55,paid
8018461,304212,2025-10-17 11:23:14,84.04,open
5722336,610566,2025-11-03 14:18:05,299.21,paid
475580,112840,2025-04-22 08:02:55,46.04,paid
3198966,641328,2025-05-23 05:55:47,27.01,paid
2309082,267533,2025-05-07 13:19:02,818.22,paid
1790679,216490,2025-04-23 06:03:41,37.75,paid
5446018,390602,2025-11-23 03:16:58,427.63,paid
2409661,564779,2025-05-03 11:39:34,34.63,paid
3001018,278618,2025-06-16 16:11:18,704.58,paid
2112089,479390,2025-10-09 08:56:45,35.8,paid
1082379,448227,2025-06-09 18:50:38,844.9,paid
8954829,404631,2025-03-05 15:20:58,333.57,void
1084457,827874,2025-03-07 07:58:36,56.4,paid
4250846,980608,2025-12-24 11:37:43,245.69,paid
7712677,112414,2025-01-17 13:24:18,35.44,paid
7483028,144659,2025-05-19 08:42:27,545.03,paid
5202382,952105,2025-06-01 19:11:14,636.95,paid
6899341,961918,2025-04-12 08:14:04,45.28,paid
1792038,345955,2025-03-09 10:46:52,350.75,paid
5637061,787646,2025-03-29 15:38:09,626.39,paid
9341326,943067,2025-01-25 14:05:11,487.27,paid
8730122,790364,2025-07-18 20:59:08,172.64,paid
4968652,686117,2025-05-10 12:58:34,83.62,open
6825714,116626,2025-01-18 16:34:58,3667.93,paid
1145132,409157,2025-01-26 13:46:47,53.97,paid
1904440,961788,2025-05-28 07:59:37,40.28,paid
6598009,886365,2025-03-15 11:56:57,2763.25,paid
1316345,590704,2025-05-08 20:10:56,598.24,paid
3522447,944315,2025-06-26 14:34:18,1733.58,paid
6938696,914996,2025-07-15 09:58:15,705.85,paid
2077546,260885,2025-06-18 14:33:18,36.49,paid
8857596,609487,2025-05-09 10:37:19,1919.54,paid
3651694,154252,2025-04-19 16:02:16,24.63,paid
1659585,491474,2025-06-17 07:51:05,2843.83,paid
6424048,230161,2025-10-15 09:43:15,447.93,paid
876799,618509,2025-05-11 17:00:03,630.81,paid
7334796,727242,2025-04-23 17:51:19,118.69,paid
9026542,111647,2025-06-24 11:37:29,7799.91,paid
9269670,265516,2025-10-26 01:04:19,151.79,paid
444166,533010,2025-10-21 17:10:13,288.1,paid
4468055,706802,2025-03-14 09:16:39,613.43,paid
9221646,334270,2025-12-05 09:03:57,2893.73,paid
761048,757684,2025-11-07 10:40:00,77.12,paid
8855871,313943,2025-04-21 17:45:18,928.32,paid
4670838,811779,2025-10-01 14:29:49,85.02,paid
3411241,543184,2025-06-18 10:53:26,43.25,paid
576495,980608,2025-11-13 10:38:55,256.21,paid
7783182,359178,2025-10-28 09:26:55,483.28,paid
1095612,935611,2025-08-30 11:13:12,37.08,paid
1745284,481016,2025-10-15 16:05:32,693.11,paid
4739233,549442,2025-04-24 12:45:55,3938.84,paid
6558750,177341,2025-10-26 13:58:53,120.03,paid
282758,610566,2025-10-02 07:48:47,359.28,paid
2536723,416815,2025-03-09 08:18:02,613.9,paid
7704240,199248,2025-08-23 02:39:35,4011.98,paid
439367,427620,2025-10-11 16:47:03,749.83,paid
6887100,627691,2025-01-05 12:47:03,3753.31,paid
9133237,152728,2025-03-10 09:52:48,10995.87,paid
7896650,866791,2025-08-07 08:43:30,35.68,paid
1736056,451238,2025-10-23 08:22:17,719.51,paid
5123755,649882,2025-01-13 09:20:49,81.28,paid
9090774,171084,2025-11-16 08:58:14,1059.65,paid
1603158,769943,2025-06-13 17:07:57,83.72,paid
9203417,298652,2025-02-10 08:07:13,646.92,paid
4595262,154252,2025-01-04 11:05:55,25.4,paid
4852391,695703,2025-04-30 10:20:38,70.63,paid
4909143,490866,2025-10-26 13:47:04,345.19,paid
8197609,902662,2025-09-07 23:34:06,37.32,paid
6142817,641547,2025-03-04 11:58:51,674.58,paid
1075604,431648,2025-07-06 13:57:54,145.61,paid
2129072,473143,2025-09-02 13:19:48,103.76,paid
2708304,105266,2025-02-13 16:19:05,75.46,paid
1975679,210552,2025-09-11 18:05:16,3799.42,paid
307635,141893,2025-10-31 08:37:02,61.68,paid
5382871,556047,2025-03-21 19:47:34,720.91,paid
5056917,736270,2025-01-01 14:20:10,4877.54,paid
8659179,685576,2025-08-04 14:57:41,290.09,paid
292887,869256,2025-03-14 18:13:32,76.22,paid
544755,282217,2025-07-20 09:38:32,5670.85,paid
6797257,301410,2025-01-12 08:31:30,250.85,paid
1266413,133440,2025-11-07 07:01:12,93.97,paid
1782763,732615,2025-11-12 08:58:11,48.07,open
6402605,501273,2025-05-26 09:51:05,62.86,paid
6830872,556479,2025-01-17 08:48:47,74.66,paid
5221835,315175,2025-06-04 13:00:51,65.95,open
5754892,952105,2025-05-07 14:42:50,584.73,open
6347216,914638,2025-07-03 13:02:41,87.07,paid
7532078,641547,2025-10-27 11:21:58,762.31,paid
9329667,847561,2025-01-30 13:17:26,92.55,paid
5780466,766913,2025-09-10 11:10:46,390.78,paid
1735632,605260,2025-12-29 15:50:31,66.23,paid
9694114,261774,2025-10-18 08:57:01,190.65,paid
5225575,516432,2025-05-22 13:31:47,688.95,paid
7969682,577783,2025-12-11 13:19:55,723.35,paid
4478411,474120,2025-07-14 14:31:25,624.53,paid
5856482,359105,2025-05-04 13:21:22,706.69,paid
7565093,560307,2025-06-14 08:58:08,34.44,paid
105823,142260,2025-02-19 10:22:29,5446.08,paid
8010778,978965,2025-12-15 12:42:06,567.26,paid
2913711,256231,2025-02-27 01:02:43,879.72,paid
5863213,440025,2025-07-17 11:24:49,840.98,paid
636135,647019,2025-03-22 15:50:38,798.16,open
232954,211956,2025-11-06 09:14:43,275.03,paid
1671444,695829,2025-04-20 11:06:20,50.19,paid
3417738,176599,2025-12-18 11:23:20,59.49,paid
4109639,519323,2025-06-01 04:31:48,35.05,paid
9256779,888218,2025-02-16 12:37:46,48.53,paid
9790119,734042,2025-07-16 15:32:34,57.51,void
2225193,115359,2025-09-10 16:19:20,35.5,paid
1152725,201820,2025-07-13 10:14:33,3598.02,paid
6720846,133896,2025-01-03 23:02:15,2761.8,paid
2516367,812313,2025-11-10 17:16:47,93.9,paid
537246,282693,2025-10-09 20:31:11,39.15,paid
1929395,828822,2025-12-03 10:26:31,3108.56,paid
1131109,198116,2025-07-23 01:20:24,706.08,paid
4318646,473607,2025-12-26 07:22:15,39.19,paid
9289380,962759,2025-09-26 14:12:50,71.77,open
4842148,267533,2025-09-24 13:02:04,869.59,paid
458905,235164,2025-10-21 15:23:58,1206.85,paid
4175607,894894,2025-12-07 06:36:27,474.38,paid
6957280,201370,2025-11-03 17:39:39,923.82,paid
8884682,248358,2025-06-12 17:50:38,500.7,paid
9230945,365756,2025-06-01 02:31:31,49.49,paid
8319783,513019,2025-07-26 10:00:32,279.95,paid
9246513,262565,2025-04-29 16:11:01,520.1,paid
8292383,876549,2025-07-12 08:32:32,645.95,paid
6583471,452579,2025-08-31 12:31:47,91.5,uncollectible
7947750,620446,2025-05-13 10:54:15,35.74,paid
5223123,713907,2025-10-26 19:01:53,46.95,paid
8402308,206487,2025-01-22 09:52:56,72.81,paid
8865532,888943,2025-05-12 10:27:35,35.88,paid
4977582,206487,2025-03-19 15:26:53,69.7,paid
7102086,815721,2025-03-16 10:25:46,34.11,paid
3175157,479390,2025-03-29 01:24:19,36.01,paid
7285658,940445,2025-06-04 08:57:11,146.61,paid
5757283,351485,2025-05-03 17:16:02,12.07,open
8097597,564516,2025-03-23 04:55:29,751.67,paid
9773277,225448,2025-02-10 08:59:15,3382.87,paid
945429,245051,2025-06-06 01:29:58,308.5,paid
6710609,260885,2025-08-28 05:15:25,36.97,paid
7952857,676397,2025-09-30 10:23:22,988.14,paid
8074369,794431,2025-12-25 13:02:39,420.74,open
2006794,267533,2025-06-07 08:21:42,937.12,paid
7518660,474008,2025-06-11 12:14:55,943.96,paid
3956586,713907,2025-05-11 15:35:50,49.18,paid
9489584,909042,2025-05-24 17:18:28,47.72,void
1935368,260118,2025-06-13 16:42:37,4007.91,paid
4970349,454905,2025-01-19 16:40:13,46.08,paid
8242050,216530,2025-12-10 11:42:50,70.73,paid
7478948,689717,2025-03-31 09:52:14,46.23,paid
1978446,850797,2025-03-25 17:33:50,81.88,void
2447284,271150,2025-06-24 22:39:58,299.86,paid
1191656,381306,2025-07-01 15:37:45,534.91,paid
6091429,952954,2025-10-19 14:52:38,435.63,paid
8075372,740262,2025-12-29 12:33:31,61.85,paid
6332051,564779,2025-07-04 20:23:21,37.59,paid
5228404,259984,2025-02-04 07:30:11,1984.02,paid
7867361,320794,2025-04-18 14:29:56,60.41,paid
5454406,318214,2025-09-21 10:28:03,70.44,open
4276626,549691,2025-06-14 11:09:00,581.31,paid
905290,918643,2025-03-16 20:23:53,652.18,paid
8264740,490866,2025-10-16 11:31:20,381.69,paid
6491671,371569,2025-09-23 18:24:08,780.11,paid
4897093,550131,2025-08-06 11:52:48,973.67,paid
680775,861107,2025-04-06 19:37:49,591.76,paid
8607982,398032,2025-09-22 21:45:05,36.1,paid
1879406,641547,2025-10-06 10:31:11,609.04,paid
563010,213004,2025-04-14 12:07:59,75.4,paid
7348973,290620,2025-03-28 08:16:15,85.71,paid
2838489,493447,2025-02-03 08:27:38,2374.4,paid
6026726,147475,2025-01-10 08:50:00,35.2,uncollectible
9563342,613449,2025-05-28 09:38:58,235.48,paid
297448,982749,2025-07-19 12:02:40,71.77,paid
3785451,196541,2025-04-14 18:12:24,35.64,paid
5993917,313943,2025-06-11 11:56:47,1034.84,paid
1567466,509193,2025-08-04 17:11:35,3648.58,void
7480549,647876,2025-03-31 16:34:21,293.27,paid
504389,451634,2025-11-06 11:27:00,192.11,paid
4369389,669720,2025-11-03 07:57:01,5295.12,paid
3932350,189580,2025-08-12 09:51:36,118.47,paid
5898776,345955,2025-06-12 14:06:47,398.75,paid
14012,336143,2025-12-07 17:01:55,26.12,paid
1021711,597746,2025-09-10 21:50:36,70.77,paid
1995342,302066,2025-04-03 10:08:25,80.58,paid
4906089,359178,2025-10-04 14:45:00,463.4,paid
9912859,203860,2025-04-16 02:38:07,564.55,paid
5275514,673856,2025-08-04 16:18:17,63.54,paid
5120273,381513,2025-01-21 00:56:45,39.3,paid
5584264,909740,2025-09-09 09:28:54,263.42,paid
6649533,333795,2025-07-26 11:06:00,657.51,paid
2775091,861636,2025-11-06 10:16:43,440.75,paid
2853189,943223,2025-09-18 13:36:04,427.75,paid
1884303,213004,2025-05-29 10:27:36,75.8,paid
2434597,989410,2025-05-22 07:59:10,11.96,paid
6218762,280034,2025-07-12 22:04:35,93.02,paid
4128342,554320,2025-09-01 14:39:58,3646.83,paid
347687,258458,2025-12-13 07:50:22,3175.15,paid
2104471,189198,2025-11-30 07:09:05,12.02,paid
8045301,724555,2025-10-07 08:35:10,51.11,paid
4742523,165228,2025-12-08 13:35:47,658.5,paid
9331725,700348,2025-06-24 10:08:19,43.75,void
4810166,812313,2025-04-09 10:07:24,97.27,paid
1027349,436439,2025-12-02 11:43:31,36.9,paid
5358829,190126,2025-02-13 21:32:25,61.44,open
8096265,280961,2025-06-08 10:39:40,315.7,paid
5126386,334270,2025-05-29 09:45:17,2974.67,paid
7730833,394508,2025-05-07 15:56:12,38.67,paid
8760400,142057,2025-02-20 08:24:03,415.91,open
6576731,761986,2025-05-03 18:40:53,2871.17,paid
4244454,358468,2025-09-27 10:15:28,402.49,paid
2980584,301920,2025-03-24 11:08:32,36.05,paid
8144514,692337,2025-08-31 06:53:43,729.98,paid
9776625,943858,2025-10-28 08:24:59,443.26,paid
8881590,418604,2025-08-10 16:48:48,37.48,uncollectible
4508935,831195,2025-12-11 06:28:19,979.39,paid
8601973,724051,2025-12-15 09:18:51,304.26,paid
9965996,155975,2025-05-14 15:48:54,829.3,paid
6823987,645195,2025-06-13 15:06:56,34.0,paid
2345017,381306,2025-07-01 11:55:42,535.73,paid
4331836,892691,2025-12-04 09:52:49,465.48,paid
5248405,895559,2025-02-25 15:11:21,767.66,paid
6032073,412644,2025-04-11 08:02:12,55.23,paid
2904577,620725,2025-08-10 17:08:21,47.72,paid
7489923,135223,2025-12-05 12:14:23,70.84,paid
3669071,136409,2025-08-23 17:26:02,77.33,paid
4987097,548818,2025-10-15 08:44:17,429.93,paid
7888375,290492,2025-10-16 18:52:47,107.54,paid
349086,147538,2025-03-23 07:41:15,66.41,paid
3570144,301353,2025-09-10 16:44:20,72.87,paid
6081253,686916,2025-07-01 18:57:52,3174.09,paid
4241443,165228,2025-01-11 15:09:38,696.05,paid
7767140,284939,2025-09-26 14:23:43,62.7,paid
8382186,216101,2025-10-20 01:39:09,23.85,paid
2906348,213004,2025-04-04 13:32:31,77.52,paid
6919885,170008,2025-12-19 08:31:40,1864.11,paid
1460899,727242,2025-10-01 08:42:23,94.27,paid
9359778,980608,2025-03-17 10:24:56,214.11,paid
7599957,775589,2025-05-23 16:22:24,933.74,paid
2108351,511879,2025-05-19 23:22:11,681.72,paid
1547960,548818,2025-07-28 13:33:00,424.12,paid
8839785,597040,2025-08-10 09:29:54,63.28,paid
417006,931016,2025-11-26 20:12:24,265.48,paid
3301777,695829,2025-01-01 07:25:08,51.73,paid
9856736,393362,2025-08-09 08:22:37,607.61,paid
2702526,491257,2025-12-06 11:43:00,708.12,paid
322427,211058,2025-01-20 08:27:39,468.82,paid
3979477,265516,2025-12-20 12:34:54,163.44,paid
5058072,877086,2025-07-20 14:44:38,558.29,paid
9539119,723768,2025-06-22 16:10:12,424.13,paid
3020630,436439,2025-01-27 06:53:28,36.15,paid
6882402,772806,2025-09-04 09:31:22,82.09,paid
7832855,665974,2025-05-08 15:19:01,36.06,paid
4684332,358134,2025-09-01 15:50:13,1049.7,paid
2341124,731867,2025-06-05 19:32:00,679.97,paid
9393774,888943,2025-09-01 16:00:33,37.52,paid
7160960,580725,2025-02-24 21:12:19,34.41,paid
8436783,237614,2025-11-19 16:31:37,622.63,paid
663935,792694,2025-04-23 23:37:45,1071.82,paid
1278336,341901,2025-10-30 11:59:18,67.15,void
2801675,259373,2025-06-14 15:16:00,65.11,paid
3335678,250089,2025-11-10 01:13:42,34.97,paid
1413692,431648,2025-10-18 17:55:01,135.45,paid
6290628,245051,2025-06-05 12:59:21,322.38,paid
3786490,541269,2025-01-19 20:23:38,225.3,paid
6198214,962615,2025-06-03 14:31:36,855.93,paid
1061604,577783,2025-12-18 05:51:09,708.02,paid
280224,617749,2025-10-14 11:04:29,77.47,paid
2202829,269978,2025-11-23 21:41:00,503.31,paid
5976423,649882,2025-08-03 13:46:59,81.44,paid
4881054,856439,2025-10-04 05:33:38,73.42,paid
6391756,252591,2025-04-09 08:06:55,413.35,paid
9647569,901602,2025-07-06 13:50:07,1004.44,open
8121705,862941,2025-09-22 18:47:17,386.19,paid
4925776,132627,2025-12-17 10:39:38,59.67,paid
5191938,580725,2025-05-22 14:48:50,36.41,paid
1174768,318405,2025-04-11 13:11:24,52.5,paid
3320030,779156,2025-12-13 17:32:19,618.72,paid
994230,831195,2025-04-09 12:32:21,1074.48,paid
2940200,819946,2025-02-10 08:59:56,124.58,paid
358703,241116,2025-01-13 09:15:45,42.03,paid
1735290,810858,2025-06-17 08:55:23,249.83,paid
7511205,488457,2025-05-02 17:33:33,70.3,paid
7703644,142057,2025-06-11 14:16:08,397.18,paid
8467963,759736,2025-02-13 10:26:21,462.52,paid
2192073,985138,2025-10-17 12:55:12,1863.84,paid
5883822,132627,2025-03-16 01:33:45,53.7,paid
855062,481021,2025-08-10 16:55:49,22.49,paid
725903,269054,2025-12-08 09:52:33,93.02,paid
9489393,641276,2025-05-24 07:27:49,200.42,paid
9714957,453260,2025-12-23 08:36:11,544.17,paid
1137408,339830,2025-05-10 12:36:13,3184.93,paid
4337578,392724,2025-01-28 16:49:42,378.56,paid
5690684,894894,2025-06-05 09:12:50,496.31,paid
2924180,241116,2025-05-28 16:13:39,38.32,paid
9350019,284692,2025-05-20 16:07:31,892.43,paid
9589699,133896,2025-09-02 17:09:54,2681.38,paid
7575094,409157,2025-01-28 19:28:17,61.62,paid
7432177,393197,2025-05-04 08:44:47,780.89,paid
9323982,416704,2025-12-12 18:46:48,89.25,paid
2221506,212090,2025-02-05 09:45:47,918.41,paid
1087693,713583,2025-05-22 07:28:49,58.04,paid
4317086,511107,2025-08-04 19:12:13,56.42,paid
5217170,108606,2025-03-11 17:39:06,582.86,paid
8195892,649882,2025-03-07 13:44:09,88.08,paid
1161695,779156,2025-01-07 08:12:37,560.31,paid
7646399,684543,2025-05-10 09:46:36,103.39,paid
8227639,380284,2025-09-04 15:45:27,5289.83,paid
1246663,821114,2025-10-22 10:07:46,455.0,paid
3196218,282217,2025-01-30 17:25:42,5956.39,paid
29338,153122,2025-08-14 15:54:05,49.11,paid
7079561,138819,2025-12-10 06:36:20,67.28,paid
8609950,979522,2025-12-03 09:31:21,85.07,paid
4568585,796619,2025-11-23 13:28:46,433.19,paid
4352196,733368,2025-01-27 17:40:50,49.27,paid
2183134,256035,2025-07-13 23:57:52,35.05,paid
3369525,729499,2025-02-10 18:45:28,433.51,paid
4093680,757526,2025-08-19 07:33:16,47.79,paid
5228905,166599,2025-07-27 07:28:18,743.21,paid
9960658,144659,2025-03-23 09:23:35,542.36,paid
3519066,997844,2025-11-26 20:47:25,5908.14,paid
5616434,775589,2025-06-17 12:10:30,924.41,void
889583,372638,2025-03-01 10:07:18,38.1,paid
3813360,895559,2025-07-26 06:08:27,735.41,paid
9555742,224336,2025-09-17 21:49:54,37.45,paid
9045166,481021,2025-02-22 06:40:36,23.07,paid
6122228,301735,2025-03-07 09:29:37,33.07,paid
6808586,449827,2025-05-13 13:55:24,2813.96,paid
386909,618342,2025-01-14 16:13:13,3766.34,paid
7676455,819790,2025-04-23 10:56:56,624.4,paid
7344664,284692,2025-12-30 16:47:33,856.36,void
6485245,416815,2025-08-05 15:42:33,580.14,paid
7262155,201370,2025-02-09 11:17:11,959.73,paid
3529179,975237,2025-03-05 11:21:52,441.26,paid
8580905,210309,2025-07-30 07:34:03,35.73,paid
520762,988431,2025-12-18 19:59:23,35.71,paid
5710676,874742,2025-02-23 03:03:59,916.54,paid
8036793,828822,2025-03-21 06:27:07,3713.72,paid
4145340,845929,2025-12-10 11:19:31,53.17,paid
9793991,862941,2025-03-24 11:45:39,394.92,paid
9764549,421775,2025-03-11 12:33:36,22.43,paid
9158807,952954,2025-07-14 08:32:49,458.09,paid
629153,684083,2025-06-25 21:00:42,49.66,paid
1947415,516809,2025-07-04 14:04:14,605.77,paid
9401596,893066,2025-09-11 11:51:01,82.34,paid
8587526,466834,2025-04-11 16:08:35,627.4,paid
9053,245051,2025-10-04 06:07:42,306.23,paid
8614636,746335,2025-09-07 12:12:44,51.24,paid
2986392,122331,2025-11-02 17:11:00,36.54,paid
7176065,116787,2025-09-28 14:32:18,346.69,paid
3047295,399545,2025-10-27 13:27:17,95.6,paid
4241043,713583,2025-07-14 15:59:25,60.55,paid
1422800,779156,2025-09-01 09:55:55,553.03,paid
8734052,103319,2025-09-19 14:23:23,86.64,paid
2121297,806501,2025-08-12 12:35:53,379.61,paid
1810785,136425,2025-05-09 08:25:45,49.35,paid
2656501,681503,2025-02-06 17:03:19,61.22,paid
1341204,790797,2025-08-19 07:38:08,22.85,paid
1727417,383211,2025-07-15 07:02:05,852.54,paid
5344690,721049,2025-02-23 12:13:57,104.42,paid
5594913,783281,2025-06-23 14:46:31,35.5,paid
6396005,805850,2025-11-02 15:10:18,412.98,paid
9508642,119663,2025-03-06 20:10:46,3122.68,paid
8737917,769811,2025-08-30 14:54:27,1428.44,uncollectible
3626116,190126,2025-12-23 16:12:48,55.27,paid
3773743,704441,2025-08-18 21:24:43,767.33,paid
8562643,697547,2025-10-14 22:57:44,335.15,paid
2061630,951550,2025-02-09 15:14:47,35.27,paid
8776439,511241,2025-07-09 07:32:31,105.21,void
9486803,108606,2025-07-25 08:15:14,579.41,paid
3277129,492337,2025-10-04 17:41:44,51.87,paid
2353543,553479,2025-03-27 13:41:24,3209.07,void
5379330,493447,2025-06-26 14:55:57,2524.21,paid
4772167,759736,2025-01-03 10:54:26,497.74,paid
2202875,830784,2025-04-02 08:07:48,548.89,paid
5881306,561696,2025-08-27 17:31:00,47.29,paid
7518615,155975,2025-01-10 07:10:34,879.11,paid
662134,575421,2025-08-04 19:44:54,93.19,paid
2168590,112840,2025-11-03 20:31:53,52.49,paid
6393556,141134,2025-05-30 12:33:49,68.07,paid
1427675,554336,2025-06-03 13:44:15,33.51,paid
9524007,529391,2025-08-15 19:03:09,33.42,paid
4756002,104172,2025-07-31 07:20:58,24.31,paid
1571255,566579,2025-09-29 11:22:45,2252.52,paid
5164844,812313,2025-06-13 10:59:57,106.1,paid
7027017,157478,2025-08-06 10:54:55,45.54,paid
6483225,369202,2025-03-02 11:12:31,551.03,paid
8254498,213004,2025-05-01 08:24:08,80.24,paid
2048010,247003,2025-09-14 08:24:40,670.74,paid
6831933,212090,2025-05-13 09:18:19,891.81,paid
54914,188341,2025-05-10 09:39:55,84.61,void
6253250,250471,2025-12-22 13:01:13,103.42,void
62128,782825,2025-02-04 09:09:24,6087.28,paid
3941062,876324,2025-06-19 14:08:39,1935.16,paid
3598687,174010,2025-11-26 08:31:10,98.12,paid
3384054,479242,2025-12-20 18:06:35,242.82,paid
7429526,768839,2025-07-14 18:51:04,11.51,paid
7733912,482349,2025-12-14 22:58:26,87.12,paid
4955050,555768,2025-02-22 14:12:51,598.61,paid
5467184,201370,2025-12-07 10:28:37,980.86,paid
8399212,441792,2025-08-21 07:58:37,632.18,paid
3317890,875061,2025-05-03 13:42:48,115.83,paid
4885100,181128,2025-11-01 08:14:41,606.01,paid
5042662,377997,2025-01-18 14:48:48,303.06,paid
9713675,256035,2025-06-04 16:35:01,32.43,paid
1509341,105131,2025-04-06 13:54:13,33.1,paid
8901951,604126,2025-12-25 12:11:46,55.72,open
8481278,136425,2025-12-28 14:44:38,47.63,paid
9733022,769811,2025-02-02 07:57:53,1337.4,paid
8064492,872118,2025-12-07 13:11:30,8389.78,paid
3665404,105131,2025-11-26 01:47:00,36.96,paid
715010,775696,2025-11-16 20:42:56,63.08,paid
145102,339409,2025-09-20 22:15:16,64.45,paid
8055800,441926,2025-07-15 17:49:08,63.76,paid
2598279,603307,2025-04-13 12:06:19,35.41,paid
5252641,790366,2025-03-25 09:55:29,40.67,paid
7333973,550131,2025-06-28 16:47:12,852.37,paid
5614999,320794,2025-06-01 07:32:06,59.65,paid
559976,686652,2025-02-27 11:23:55,66.77,paid
6906742,834134,2025-11-17 17:23:22,37.35,paid
1586718,944315,2025-08-23 20:59:32,1724.7,paid
3554136,511107,2025-09-13 00:05:43,56.19,open
3080339,799901,2025-06-30 11:26:07,688.46,paid
3102904,103319,2025-06-28 14:29:29,87.08,paid
8520493,519899,2025-11-02 09:53:09,34.64,paid
1289866,440025,2025-12-03 11:33:38,994.66,paid
3965347,304212,2025-08-24 09:05:18,89.33,paid
4516864,789095,2025-12-13 13:42:25,75.06,paid
1244240,369202,2025-03-20 15:49:31,607.03,paid
3633088,431016,2025-09-02 18:30:09,39.15,paid
4115899,706802,2025-01-07 11:53:39,643.35,paid
1291540,729073,2025-09-01 22:48:19,610.43,paid
6641819,613197,2025-09-02 07:34:24,1013.92,paid
9664761,345955,2025-07-17 18:11:45,387.57,paid
6901417,443384,2025-05-01 15:33:41,85.55,paid
185722,166599,2025-01-15 16:42:55,707.48,paid
5777851,747100,2025-08-14 10:55:11,59.75,paid
5954043,181156,2025-04-16 09:09:36,441.93,paid
9317641,793847,2025-08-25 11:15:42,612.04,paid
5196311,675863,2025-03-28 03:36:31,530.16,paid
7786564,176590,2025-04-11 15:57:56,40.63,paid
1573840,704625,2025-02-03 20:27:56,603.73,paid
471583,969635,2025-04-16 03:32:10,93.95,paid
5130598,482349,2025-12-04 21:42:38,83.47,paid
5704704,282947,2025-01-27 14:52:02,65.58,paid
6489545,556479,2025-12-21 16:24:25,66.43,paid
2725960,188341,2025-10-19 14:31:56,82.25,paid
7703594,468400,2025-02-22 10:07:41,4970.61,open
3064939,869256,2025-10-01 11:37:41,68.72,paid
722950,336143,2025-05-13 08:56:01,23.58,paid
8242722,870377,2025-09-27 19:50:06,34.3,paid
3782140,412644,2025-05-29 09:33:34,60.77,paid
6266391,190126,2025-01-11 20:18:20,58.97,uncollectible
9612334,654271,2025-02-13 15:15:55,510.56,paid
2759852,302271,2025-08-17 07:54:19,4196.38,paid
1793966,980608,2025-11-26 08:23:54,252.01,paid
6950917,676397,2025-10-09 21:21:09,1118.21,paid
6088838,662390,2025-01-04 10:31:52,126.0,paid
5794971,961826,2025-12-26 07:04:32,71.18,paid
7885582,817805,2025-12-14 09:28:11,562.76,paid
236007,262565,2025-02-22 12:09:40,512.64,paid
7725886,731867,2025-05-18 14:05:24,780.25,paid
8650651,344893,2025-09-05 15:30:59,2899.01,open
1470983,668250,2025-08-06 10:58:34,4320.44,paid
9267168,118279,2025-07-04 12:15:36,580.97,paid
4668875,359748,2025-03-04 12:47:38,610.99,open
6769410,301410,2025-05-31 07:59:59,244.2,paid
9423198,331311,2025-01-05 19:30:36,793.93,paid
8518791,889010,2025-08-09 17:28:49,231.54,paid
5167030,952233,2025-09-19 19:26:40,503.81,paid
4835213,196472,2025-10-09 08:55:16,576.92,paid
5675447,791209,2025-10-07 05:33:29,79.58,paid
4710370,970221,2025-12-29 14:42:21,42.72,open
5097653,725268,2025-09-02 12:11:47,259.04,paid
1379920,899547,2025-04-24 09:50:24,292.02,paid
8148377,832087,2025-09-29 15:55:13,356.47,paid
2367174,441792,2025-05-09 12:59:09,780.0,paid
3513047,174010,2025-03-06 21:05:18,84.03,paid
1746654,211818,2025-01-18 01:54:15,886.8,paid
2797389,704625,2025-01-03 13:57:08,651.2,paid
5254638,450199,2025-08-05 15:47:03,104.98,paid
5442597,823375,2025-08-05 03:50:31,286.43,paid
3093544,673856,2025-07-12 06:05:46,60.08,paid
1635729,728261,2025-07-26 12:53:00,86.38,paid
4342168,607403,2025-06-15 11:13:55,611.92,paid
4278905,102347,2025-03-03 03:14:42,585.99,paid
8901452,157478,2025-08-05 17:52:46,50.97,paid
3601811,993977,2025-06-07 09:42:48,49.86,paid
730533,650852,2025-10-10 16:48:33,36.03,paid
2589931,684083,2025-09-20 08:34:40,47.9,paid
9370792,487099,2025-03-17 13:45:16,33.18,open
3851001,136409,2025-06-11 16:37:04,84.14,paid
4014097,681503,2025-06-05 16:17:10,64.09,paid
5058173,288393,2025-02-22 12:33:50,411.08,paid
3509665,577783,2025-06-02 15:36:39,686.7,paid
211382,787021,2025-07-25 09:09:41,73.37,paid
4062544,450199,2025-05-09 19:05:10,102.67,paid
2013777,806501,2025-02-17 08:54:01,403.01,uncollectible
583302,498584,2025-07-28 08:04:24,75.91,paid
8816365,603842,2025-06-01 08:38:35,79.53,paid
408931,603307,2025-01-26 15:45:23,32.78,paid
1024585,314260,2025-05-21 05:32:19,2007.74,paid
1148103,139051,2025-07-03 14:49:19,34.63,paid
28283,421775,2025-07-09 11:49:36,22.15,paid
5110415,911125,2025-11-09 23:55:45,896.3,paid
3738504,470492,2025-12-12 10:15:31,820.89,paid
2888076,783281,2025-11-11 09:27:34,32.18,paid
5781424,618342,2025-03-12 06:18:31,3992.82,paid
6690456,996360,2025-02-26 13:56:26,96.68,paid
3648727,873644,2025-08-15 10:32:18,345.37,paid
7317664,874742,2025-02-14 17:17:34,937.06,paid
1445350,604137,2025-02-11 08:58:12,55.99,paid
7263458,549442,2025-02-08 15:49:13,3788.09,open
6121624,874742,2025-05-03 14:23:53,993.08,paid
9842598,108657,2025-07-02 07:26:00,550.46,paid
6785341,938120,2025-11-01 13:09:36,223.4,paid
8617409,119663,2025-12-05 14:27:37,3546.95,paid
9289545,454905,2025-05-08 20:40:07,47.92,paid
9583877,848451,2025-11-12 05:46:07,541.67,paid
7995173,812313,2025-09-04 08:03:56,93.5,paid
3873202,826663,2025-11-26 16:14:19,2415.11,paid
1058721,170417,2025-06-18 15:28:39,918.38,open
5173746,480190,2025-01-23 14:46:41,35.72,paid
3437069,176590,2025-07-09 14:25:09,37.76,paid
4970558,733368,2025-03-12 12:27:45,43.4,uncollectible
531399,632926,2025-08-06 15:21:38,1045.27,paid
8308737,200323,2025-06-18 17:14:41,114.84,paid
3731764,555768,2025-03-11 12:23:36,694.04,paid
9260482,742562,2025-12-19 19:25:24,1862.84,paid
4019664,662010,2025-01-27 13:25:34,49.14,paid
8596352,656283,2025-11-15 11:57:16,851.6,paid
9038302,344893,2025-12-28 15:15:13,2800.59,paid
9822465,723271,2025-08-21 04:13:04,548.14,paid
6671827,173985,2025-12-26 11:17:48,47.36,paid
907378,575346,2025-12-27 11:18:08,596.12,paid
3239792,316254,2025-11-10 10:07:52,720.01,paid
958651,286547,2025-05-19 16:07:24,36.94,paid
3273590,518790,2025-08-01 14:32:10,26.05,paid
8496,911267,2025-11-10 17:47:26,2550.73,open
9422764,620640,2025-04-24 13:06:23,493.16,paid
4811098,668250,2025-07-19 10:26:43,4233.47,paid
7346408,120608,2025-06-01 13:28:12,48.53,paid
6201407,155872,2025-06-17 18:34:06,620.57,paid
946618,883487,2025-11-11 10:02:45,73.35,paid
4189055,739777,2025-03-19 11:25:10,1280.22,paid
1017930,301501,2025-09-07 07:33:32,728.88,paid
7090770,694103,2025-10-17 11:52:34,36.73,paid
9523140,516478,2025-04-03 11:57:49,32.3,paid
8760554,467235,2025-10-28 14:57:17,90.56,paid
8854505,865183,2025-09-23 09:12:57,2935.59,paid
199795,398032,2025-09-22 22:17:37,33.15,paid
2310546,334270,2025-05-11 15:40:33,2704.27,paid
1257879,112651,2025-11-22 11:42:42,36.38,paid
2786347,501273,2025-11-17 16:49:52,56.27,paid
9162797,820426,2025-05-07 08:13:27,57.83,paid
8870166,221118,2025-08-12 13:16:40,39.27,paid
5897259,450199,2025-05-09 14:33:39,98.23,paid
7311779,921303,2025-12-22 18:07:16,586.45,paid
9900476,115359,2025-10-28 13:13:11,35.32,paid
6473049,970778,2025-09-16 08:14:49,534.63,paid
3026022,254108,2025-09-26 09:50:44,136.59,paid
9792658,380513,2025-08-07 16:32:15,80.11,paid
8748500,295167,2025-04-07 14:12:56,50.11,paid
503980,597746,2025-06-09 06:33:11,65.1,paid
8938718,349808,2025-01-02 16:36:58,359.6,open
5029910,249013,2025-04-30 08:43:39,4598.77,paid
2303603,248669,2025-01-01 10:01:58,101.64,paid
5849833,119546,2025-12-05 07:55:59,70.48,open
5018578,686117,2025-08-19 17:09:17,80.89,paid
5137793,371569,2025-12-01 09:20:48,682.25,paid
5515309,450199,2025-09-13 16:33:54,91.2,paid
1966535,217404,2025-06-29 14:12:41,48.37,paid
2332631,958517,2025-12-10 15:01:49,648.59,paid
9596742,566579,2025-05-07 04:38:49,2475.94,paid
3279509,797764,2025-09-20 15:19:10,96.4,paid
1656480,685200,2025-04-19 19:20:30,484.34,paid
8799090,430738,2025-02-11 12:54:46,45.81,open
3120536,133896,2025-08-29 08:58:47,2993.27,paid
8039627,441844,2025-01-22 14:57:27,678.54,paid
6834795,416704,2025-05-31 12:03:41,79.32,paid
646982,841724,2025-09-24 06:08:37,3080.99,uncollectible
7853654,110861,2025-02-26 12:01:54,67.02,open
7368032,471767,2025-11-07 17:08:14,80.45,paid
6775990,968396,2025-12-22 08:45:39,71.93,paid
3299529,822666,2025-07-03 21:08:51,762.91,paid
6449396,676397,2025-06-01 11:04:10,1087.23,paid
8257451,530957,2025-03-17 07:24:52,208.91,paid
8842276,479649,2025-01-24 08:06:27,48.66,paid
9720134,461906,2025-11-15 19:26:22,40.95,paid
9746203,516432,2025-09-05 11:26:05,703.79,uncollectible
6286599,468130,2025-09-20 08:10:25,742.73,paid
8976579,961788,2025-03-16 12:02:58,39.14,paid
2620387,199248,2025-08-23 00:43:58,4520.5,paid
5104587,831303,2025-10-01 08:14:07,221.9,paid
6362410,301959,2025-11-30 14:48:59,846.22,paid
5378394,960588,2025-11-07 10:43:13,46.01,paid
6834238,901602,2025-03-05 14:02:37,1000.1,paid
1044034,995560,2025-05-01 13:54:46,36.3,paid
7868574,254108,2025-07-29 13:38:41,132.77,paid
3050587,565930,2025-12-11 10:17:15,688.08,paid
4644040,870377,2025-11-14 15:36:22,39.78,paid
2749879,129145,2025-10-16 08:17:35,791.12,paid
3828652,171014,2025-08-14 20:36:02,31.96,paid
3581303,453260,2025-10-18 18:25:58,563.77,open
6225685,543184,2025-10-02 08:55:20,44.11,paid
8822355,232216,2025-05-08 16:36:23,39.76,paid
1718641,371884,2025-09-18 14:07:24,76.33,paid
570478,681503,2025-02-04 17:41:38,58.51,paid
7450785,177009,2025-09-10 20:34:09,22.79,paid
1666117,223459,2025-07-07 15:08:50,88.47,paid
4911719,124942,2025-08-29 09:39:33,604.25,paid
7476713,549691,2025-10-31 15:15:34,550.03,paid
454784,826663,2025-10-27 09:42:00,2623.43,paid
1709981,700348,2025-06-29 04:31:02,47.84,paid
9863945,317879,2025-07-30 18:52:44,62.46,paid
3443468,549691,2025-10-20 04:25:54,630.36,paid
2648593,547854,2025-09-14 08:19:00,395.76,paid
3064047,140321,2025-06-25 13:27:35,405.69,open
118723,178553,2025-02-06 11:15:41,37.79,paid
3821619,409157,2025-07-19 20:34:18,65.72,paid
7743491,964514,2025-03-29 11:40:32,566.57,paid
9300028,414766,2025-02-06 13:48:14,59.56,paid
7750302,102220,2025-06-17 16:05:24,295.88,paid
5945406,119727,2025-11-24 15:17:46,326.21,paid
5986111,540115,2025-06-17 19:54:54,847.73,paid
3532739,540382,2025-06-03 00:19:13,519.32,paid
6090781,685200,2025-04-11 15:10:10,472.56,paid
971535,349634,2025-11-07 12:18:32,4199.73,paid
3173238,437273,2025-12-24 14:43:38,34.18,open
919304,682986,2025-10-23 08:17:18,105.97,paid
9601027,623050,2025-07-07 12:59:05,60.0,paid
6383579,772957,2025-06-01 12:31:38,632.29,paid
3138457,295334,2025-02-25 14:36:01,555.2,open
3615950,209357,2025-09-09 18:02:04,32.05,paid
3083696,356856,2025-01-06 09:31:12,80.72,paid
1858005,894894,2025-09-21 15:28:07,537.85,paid
596330,110911,2025-08-07 08:53:41,36.5,paid
8446264,336143,2025-03-30 21:37:46,27.26,paid
6244945,769943,2025-04-13 17:56:59,86.89,paid
6781628,141134,2025-03-23 15:52:19,80.07,paid
6830104,421775,2025-02-01 12:19:46,23.76,open
2432617,793847,2025-07-23 09:31:21,579.67,open
5029582,769811,2025-04-27 21:41:09,1403.63,paid
3395365,516432,2025-05-22 11:23:24,661.48,paid
8699176,872118,2025-04-06 22:10:51,7948.43,paid
6566353,278870,2025-12-30 08:11:47,48.79,paid
2024380,626504,2025-06-17 08:20:01,109.46,paid
6260488,552380,2025-06-22 13:34:57,1520.1,paid
6636593,142057,2025-06-23 11:18:19,428.03,paid
8451179,216864,2025-10-28 10:17:38,23.23,paid
1054441,436439,2025-10-04 09:15:16,36.31,paid
9815722,717660,2025-10-30 12:57:23,86.64,paid
5548722,383211,2025-06-27 16:01:41,810.87,open
1066171,118279,2025-11-01 10:42:48,616.64,paid
7657914,729073,2025-09-01 17:13:30,590.1,paid
6174832,247003,2025-09-26 07:27:16,653.51,paid
6279507,772957,2025-06-02 00:36:00,639.68,paid
6713888,790797,2025-02-24 12:54:16,24.78,open
8664187,287710,2025-06-21 14:14:08,4212.73,paid
5377973,529391,2025-06-14 22:09:09,37.39,paid
2667844,164080,2025-01-25 13:15:34,59.48,paid
9325614,212090,2025-04-08 10:13:57,781.48,paid
9895206,629748,2025-10-23 13:01:51,84.64,paid
5042481,493074,2025-07-27 13:52:51,58.86,paid
4542589,461906,2025-07-09 13:15:13,49.47,paid
4843401,339830,2025-09-03 09:51:22,2800.3,paid
5994673,689786,2025-02-28 08:33:24,45.97,paid
5002493,785078,2025-08-26 12:37:27,73.41,paid
5079380,473607,2025-01-06 13:55:46,36.38,paid
1736108,641276,2025-11-25 12:32:23,165.48,paid
4850759,918351,2025-10-03 13:40:50,74.82,paid
8046904,537253,2025-08-28 21:41:28,34.88,void
2772428,792694,2025-11-17 16:29:27,1131.72,paid
5851135,295334,2025-04-01 12:47:06,538.66,paid
4470003,288798,2025-07-10 18:09:04,79.98,paid
8752123,686916,2025-06-04 11:12:09,3707.01,paid
6479751,171014,2025-08-17 12:52:08,34.44,paid
5883464,147475,2025-03-23 12:44:22,38.93,paid
499172,889010,2025-07-12 13:36:55,242.52,paid
2344727,211058,2025-08-24 15:44:10,466.74,paid
7721555,902347,2025-06-22 15:42:46,3476.86,paid
2493224,676614,2025-10-09 16:44:23,420.92,paid
6036165,557850,2025-05-23 12:57:33,4683.81,paid
2987603,531301,2025-12-23 23:00:23,36.94,paid
1452579,262565,2025-11-12 13:19:05,654.82,paid
9441386,561696,2025-11-15 09:12:08,44.75,paid
3728622,970221,2025-04-03 12:50:26,53.18,paid
6721571,742562,2025-09-26 12:46:29,1914.27,paid
9023700,198781,2025-09-13 06:54:58,84.86,paid
8667595,642899,2025-12-25 10:28:03,73.77,paid
9642978,124942,2025-11-23 16:22:52,635.45,paid
2475874,908690,2025-01-07 15:32:35,893.57,paid
3036999,876549,2025-10-21 19:42:29,751.67,paid
1155191,318162,2025-03-16 07:18:41,239.78,paid
700957,838808,2025-03-29 13:12:43,764.94,paid
2918650,526700,2025-05-09 01:12:37,59.57,paid
9293151,182485,2025-04-05 09:38:02,150.36,paid
581150,287710,2025-08-14 16:25:11,3955.18,paid
2797746,301410,2025-09-21 14:19:27,211.11,paid
8805931,210309,2025-06-10 16:09:46,39.44,void
4631979,166599,2025-04-29 13:15:45,734.68,paid
1770822,665974,2025-01-31 11:40:56,36.57,paid
1389279,216490,2025-06-25 07:37:11,34.65,paid
8814891,247268,2025-10-15 08:24:09,534.84,paid
8914383,820834,2025-09-23 23:13:51,690.73,paid
1635338,641276,2025-03-30 06:27:20,188.91,paid
344671,975237,2025-03-06 12:20:47,497.81,paid
8427155,236797,2025-04-13 02:07:22,44.51,paid
6715826,825599,2025-12-20 08:01:52,91.53,paid
6326807,254564,2025-06-08 05:46:16,4681.96,paid
9629398,517173,2025-09-04 12:26:33,210.4,paid
3614865,282693,2025-02-08 14:28:57,36.84,open
9155503,260118,2025-12-24 16:39:20,3878.73,paid
4967087,597746,2025-05-09 22:23:06,70.45,paid
1610698,284939,2025-01-06 17:33:32,72.62,paid
9344436,108606,2025-07-04 08:04:09,566.58,open
1328077,339409,2025-09-20 21:10:23,64.79,paid
6761974,114026,2025-12-26 14:39:48,90.21,paid
2503536,836465,2025-09-11 13:22:25,223.08,paid
3175065,359748,2025-06-19 07:20:09,572.18,paid
6490545,729499,2025-12-26 14:09:50,382.89,paid
7320670,734926,2025-09-09 11:12:22,105.18,paid
725508,363319,2025-04-27 18:22:59,36.29,paid
2766288,149208,2025-10-31 14:56:06,47.97,paid
7970032,734926,2025-04-01 13:23:37,133.41,paid
2004855,989157,2025-01-20 13:37:19,95.77,paid
2560948,917868,2025-11-30 08:16:47,73.96,paid
1807040,734926,2025-10-11 10:45:15,114.39,paid
5268075,641547,2025-11-21 13:55:17,753.59,paid
5977743,574470,2025-09-15 14:59:32,406.97,paid
1022079,380513,2025-08-07 17:45:51,83.74,paid
2884523,697314,2025-07-22 13:11:15,424.58,paid
3558354,298048,2025-12-22 19:49:49,63.39,paid
5782938,336415,2025-05-17 09:50:25,55.17,paid
4173095,516809,2025-11-23 17:17:42,666.71,paid
1507978,810858,2025-11-18 10:32:35,279.59,paid
9299875,734573,2025-03-16 17:57:34,566.91,paid
2976159,610566,2025-09-03 05:07:55,327.77,paid
827798,269978,2025-01-14 16:43:36,502.99,paid
6551952,728261,2025-08-25 08:09:26,95.31,uncollectible
3581016,775816,2025-03-25 08:21:46,51.07,paid
2456258,427620,2025-02-05 15:48:58,715.53,paid
7796366,714944,2025-05-19 10:15:51,785.9,paid
6810648,870519,2025-03-16 16:08:13,24.65,paid
5127108,751207,2025-09-07 09:36:38,46.55,paid
4698782,975237,2025-12-23 21:25:55,420.46,paid
9598933,390602,2025-10-30 08:06:52,413.32,paid
6523977,942582,2025-11-29 15:22:18,24.55,paid
6495264,205373,2025-12-25 19:33:07,1695.73,paid
2086007,646309,2025-09-16 17:26:03,336.81,paid
2148188,646309,2025-04-24 13:54:41,381.61,paid
3654356,475777,2025-08-10 19:16:54,49.38,paid
6924445,363409,2025-01-09 01:52:14,651.55,paid
6128122,676881,2025-03-22 11:46:49,36.18,paid
3523062,704625,2025-01-09 18:32:02,603.32,paid
9121940,556047,2025-04-15 17:13:22,827.82,paid
443485,471767,2025-05-29 16:06:23,81.53,paid
5513130,309198,2025-07-30 13:50:39,34.99,paid
8899159,668250,2025-12-08 09:46:16,4100.37,paid
5799055,769811,2025-12-11 12:46:18,1444.72,paid
666790,216067,2025-03-22 04:05:44,329.9,paid
5454972,981433,2025-04-27 17:48:53,1547.38,paid
4119280,761571,2025-06-01 16:27:53,61.8,paid
7266108,241202,2025-05-31 14:41:57,981.19,paid
1595804,640065,2025-07-28 09:38:38,44.52,paid
5645508,143122,2025-09-10 09:32:58,36.1,open
1234028,280606,2025-07-04 10:24:36,35.69,paid
8796008,142260,2025-03-23 14:37:10,6333.85,paid
6085700,416704,2025-05-12 20:21:24,88.53,paid
941536,876153,2025-10-12 15:24:54,55.06,paid
6230874,907406,2025-09-17 08:28:17,32.81,paid
9514797,859443,2025-05-04 09:20:10,19934.03,paid
4937857,818654,2025-10-13 08:49:00,95.18,paid
8702210,687117,2025-11-18 09:54:44,43.1,paid
3986408,877086,2025-11-10 07:29:43,516.04,paid
7234559,854467,2025-11-09 08:25:48,711.0,paid
7749052,925203,2025-04-05 07:32:30,37.05,paid
3436405,535256,2025-09-21 12:06:11,482.6,paid
9027110,250471,2025-11-26 09:34:07,122.71,paid
5015697,468400,2025-01-20 16:07:59,4666.15,paid
7992800,619995,2025-09-06 18:58:20,37.22,paid
3569529,892691,2025-11-11 20:53:13,442.62,paid
9344457,295167,2025-09-12 11:01:07,48.7,paid
5752612,470492,2025-08-17 16:14:46,923.61,uncollectible
8533794,415716,2025-06-22 17:02:51,40.36,paid
9537626,436439,2025-06-17 11:17:21,36.86,paid
7684169,742834,2025-03-02 16:28:26,102.66,paid
4669647,911267,2025-11-24 00:11:51,2495.04,paid
6477388,514217,2025-07-28 07:44:52,696.66,open
6592188,676614,2025-07-16 15:42:41,412.96,paid
4164150,110220,2025-05-08 14:05:17,47.75,paid
2891126,513477,2025-03-06 11:10:37,787.41,open
4393223,353158,2025-08-11 15:51:13,1756.9,open
2259879,423101,2025-11-06 10:32:30,4311.2,paid
5554591,647019,2025-04-20 09:54:01,846.08,paid
5503232,517368,2025-05-21 09:45:36,4158.08,paid
3972959,299619,2025-10-17 11:00:44,390.2,paid
9012732,417940,2025-05-14 20:38:34,68.25,paid
2520636,314615,2025-09-15 07:24:39,74.78,paid
4998062,176599,2025-10-24 18:59:36,58.4,paid
8800034,544215,2025-11-09 07:47:08,593.29,paid
190238,108657,2025-04-11 08:50:13,618.22,paid
5521762,967279,2025-02-13 16:49:42,105.4,paid
5650290,681503,2025-09-11 11:45:30,53.06,paid
5021785,724555,2025-06-21 16:44:02,47.99,uncollectible
9235022,870377,2025-07-28 14:30:50,31.9,paid
9878816,381306,2025-08-26 16:16:26,514.04,paid
9051084,363409,2025-06-02 23:22:09,677.63,paid
8636881,209357,2025-09-15 16:31:27,33.5,uncollectible
707304,842517,2025-08-04 14:57:12,931.79,paid
3062929,479390,2025-11-24 10:36:20,35.39,paid
1181806,289564,2025-03-27 09:37:48,278.63,paid
8923902,171084,2025-12-15 19:08:37,1006.3,paid
6594575,631393,2025-04-11 15:50:24,37.99,paid
4666142,424994,2025-08-28 12:35:20,3244.77,paid
535168,865765,2025-04-05 11:08:19,128.13,paid
2447984,592127,2025-07-01 15:38:09,35.85,paid
2154527,973987,2025-04-29 17:01:13,23.43,paid
1087806,224336,2025-01-02 11:23:25,36.94,paid
2004893,479493,2025-01-13 09:18:16,102.71,paid
2590836,774503,2025-09-20 20:36:23,59.51,paid
590498,541269,2025-08-30 12:59:19,221.86,paid
2296619,334270,2025-08-30 14:39:48,2832.4,paid
4080836,335130,2025-07-08 10:23:26,186.2,paid
3822485,136968,2025-03-01 14:46:45,236.06,paid
2531126,629593,2025-06-05 13:36:30,2426.04,paid
652235,209127,2025-07-06 10:56:17,1957.08,paid
632465,713585,2025-03-21 16:55:48,80.32,paid
6914992,902628,2025-10-10 21:09:11,3041.1,paid
5402588,644475,2025-06-06 13:57:55,59.06,paid
4597369,409157,2025-01-10 17:55:55,60.72,paid
5879932,869256,2025-02-12 09:37:54,74.84,paid
1120580,896894,2025-07-08 12:55:46,1596.02,paid
9231356,734926,2025-06-19 15:29:53,110.69,paid
1188544,492564,2025-01-22 12:13:35,367.48,paid
9258800,901636,2025-06-25 13:50:03,450.47,paid
8079950,550912,2025-04-04 11:14:07,55.08,paid
8225057,615864,2025-03-19 22:18:27,589.48,paid
8386124,511497,2025-09-07 18:05:03,859.97,void
7673354,552380,2025-03-18 19:46:34,1749.43,paid
7565553,591806,2025-07-11 06:06:07,415.89,paid
4983970,950543,2025-01-01 14:04:29,39.01,paid
2979340,445138,2025-10-22 16:44:09,144.76,open
7233860,250471,2025-09-13 07:20:35,117.03,paid
8402230,237570,2025-01-03 07:47:29,380.83,paid
1060646,111936,2025-01-05 07:24:25,826.29,paid
1940756,111936,2025-02-10 22:43:44,845.78,paid
6654879,744444,2025-01-27 17:40:52,2155.78,void
1230591,662390,2025-10-29 18:17:44,133.75,paid
7626889,725268,2025-07-29 21:04:06,266.56,paid
6473100,757620,2025-10-01 08:32:54,15680.98,uncollectible
8610329,646915,2025-10-12 10:54:45,478.92,paid
9011491,560307,2025-06-01 08:23:19,35.73,paid
3245294,842517,2025-06-07 07:35:09,1017.79,paid
4750061,951176,2025-02-28 09:52:39,87.05,paid
5158622,952233,2025-01-13 14:41:15,625.59,paid
108702,118948,2025-09-13 15:32:44,112.36,paid
7480213,259373,2025-03-08 09:26:28,72.7,paid
6479355,421775,2025-01-23 17:51:03,23.84,void
5101543,717660,2025-04-07 22:26:54,83.87,paid
1021221,488220,2025-04-18 15:25:23,273.93,open
2766351,548818,2025-11-23 15:50:32,389.55,paid
1977758,768839,2025-11-14 07:13:03,11.95,paid
3911421,262678,2025-02-02 06:51:44,85.13,paid
9092746,333795,2025-11-28 10:02:14,602.16,paid
846190,913140,2025-05-08 13:58:17,129.49,paid
5664085,468130,2025-05-28 18:26:17,726.06,paid
3973825,537536,2025-07-25 11:49:32,330.92,paid
6399118,916616,2025-12-06 16:44:19,1292.17,paid
7672616,440025,2025-10-24 18:13:40,917.53,paid
6412610,871334,2025-07-13 13:07:06,103.23,paid
5984724,479242,2025-11-18 12:29:58,239.58,paid
9404192,241116,2025-12-17 15:18:25,44.59,paid
7286526,182129,2025-04-29 14:16:13,424.64,paid
5908430,155975,2025-11-13 14:40:59,920.4,paid
642170,158251,2025-01-04 06:27:17,712.57,paid
1331628,110861,2025-05-30 14:58:45,72.85,paid
3508762,470193,2025-06-29 10:02:15,71.22,paid
1155951,870010,2025-09-27 13:44:16,303.58,paid
8971418,301410,2025-02-24 20:54:15,231.14,open
2171755,209357,2025-11-17 16:38:28,33.93,paid
629750,225784,2025-12-10 10:25:39,5050.15,paid
6987809,571416,2025-03-31 22:57:00,230.19,paid
955945,579749,2025-05-22 16:20:19,52.56,paid
5224507,250471,2025-07-12 09:21:03,101.49,paid
7182203,997844,2025-12-22 13:01:48,6863.83,paid
7234221,742834,2025-09-27 12:35:35,98.1,paid
9418784,200830,2025-05-09 16:47:15,540.77,paid
1174465,172478,2025-08-12 13:30:57,458.01,paid
3662974,443384,2025-01-22 19:02:27,85.07,paid
4338183,975689,2025-09-30 13:11:13,364.13,paid
8676561,620725,2025-09-09 13:58:59,45.62,paid
9608752,118279,2025-10-10 14:05:15,600.64,paid
1121851,199248,2025-10-31 21:01:01,4101.6,paid
8748263,486582,2025-07-10 16:51:34,69.39,paid
2169250,929449,2025-12-26 18:54:24,918.48,paid
4433723,899024,2025-03-26 10:10:10,74.34,paid
5985779,138819,2025-03-02 13:36:24,70.98,paid
5317474,687595,2025-01-21 11:15:11,2036.46,paid
1450642,295334,2025-07-21 14:54:17,546.95,paid
5682242,985138,2025-06-24 12:19:02,1957.68,paid
3936263,640065,2025-03-22 15:56:19,49.62,paid
193343,812313,2025-05-06 11:10:42,96.51,paid
9090796,177009,2025-09-16 11:05:25,23.51,paid
9920477,399159,2025-12-12 07:05:33,176.48,paid
6743000,907406,2025-06-05 19:19:11,32.47,paid
7586877,124671,2025-04-05 13:41:42,457.65,uncollectible
4135617,782122,2025-07-03 11:44:54,36.15,paid
5529038,687595,2025-01-13 18:36:01,1814.13,paid
5575017,416815,2025-07-16 21:34:04,593.08,paid
7897140,769943,2025-10-31 16:15:31,85.68,void
5547848,989345,2025-08-27 09:53:27,141.23,paid
343150,631003,2025-02-20 08:04:00,303.0,paid
4412734,859443,2025-05-15 09:45:09,19817.57,open
4256811,641328,2025-08-23 11:09:56,23.82,paid
7704392,475777,2025-08-09 17:04:09,46.63,open
3087118,909042,2025-02-09 10:06:03,48.06,paid
3773069,436381,2025-08-26 19:17:13,66.53,paid
7858132,888943,2025-05-07 09:47:30,36.94,paid
7902696,687763,2025-10-14 16:02:03,382.87,paid
1818895,540658,2025-01-21 17:34:19,57.18,void
4762641,832207,2025-11-22 13:42:49,642.71,paid
6699901,379292,2025-04-20 06:20:14,3048.47,paid
2818309,235164,2025-09-25 16:44:28,1371.13,paid
4957794,671372,2025-04-13 08:00:52,73.0,paid
1394630,779156,2025-09-20 12:37:07,589.86,paid
4946330,317879,2025-10-04 11:17:41,54.28,paid
3142007,228567,2025-10-28 11:30:27,671.14,paid
9717582,515718,2025-05-03 09:20:57,381.17,uncollectible
7397728,886365,2025-09-15 14:30:41,2716.21,paid
7418326,223459,2025-06-27 11:47:59,88.2,paid
3074557,602857,2025-08-19 02:31:12,69.09,paid
3612131,111647,2025-01-29 13:18:05,8394.64,paid
3226292,665974,2025-02-27 19:22:38,35.59,paid
2270577,705149,2025-03-02 16:50:14,89.25,paid
6588616,766913,2025-12-05 20:01:41,448.41,paid
3542040,119546,2025-10-22 09:27:07,66.98,paid
3951760,259984,2025-07-13 07:29:36,2039.18,paid
3952706,847537,2025-07-13 14:23:16,16966.92,paid
4417874,298048,2025-05-20 14:37:25,59.69,paid
6979199,617749,2025-04-04 11:31:49,80.91,uncollectible
6328467,775589,2025-05-03 20:40:41,823.13,open
6408336,768193,2025-04-07 21:56:29,713.54,open
6088800,897529,2025-10-20 08:14:49,24.03,paid
1509581,376354,2025-08-16 11:02:32,87.02,paid
7909344,663216,2025-12-29 00:10:58,435.14,paid
7640270,359105,2025-07-03 06:44:12,645.93,paid
9352440,365660,2025-12-09 09:43:27,319.78,paid
1717926,979522,2025-01-11 15:49:57,73.66,paid
9568351,876549,2025-07-26 10:31:18,711.0,paid
4979085,838808,2025-07-04 17:06:11,773.14,paid
9671572,288150,2025-02-12 21:32:52,360.84,paid
8639524,665974,2025-09-02 16:08:54,39.82,paid
8115809,847537,2025-06-16 20:22:48,14952.34,paid
3878144,558167,2025-09-16 10:51:46,1614.71,paid
8725032,232421,2025-09-23 13:20:34,900.16,paid
4285635,441439,2025-07-07 07:13:28,73.2,paid
3637149,259373,2025-01-19 03:20:14,76.57,paid
7755882,872833,2025-12-15 10:36:57,38.48,paid
6613339,515718,2025-03-22 11:22:07,425.52,paid
1710823,761571,2025-03-30 21:47:50,55.74,paid
6395286,815996,2025-04-04 17:14:00,875.75,paid
7295967,646915,2025-12-14 18:03:08,479.03,paid
1632841,125160,2025-09-15 04:27:03,82.14,paid
3690194,298901,2025-05-31 18:15:52,62.03,paid
5823648,621112,2025-03-07 07:44:37,4303.72,paid
2190882,381513,2025-05-23 20:34:32,31.77,paid
6215689,147475,2025-12-23 21:31:55,36.36,paid
2030827,189198,2025-05-06 16:11:48,11.98,paid
99414,750386,2025-02-19 19:50:33,44.52,paid
1747332,765110,2025-06-28 02:58:56,36.24,paid
4517147,603307,2025-06-10 18:26:04,34.71,paid
731900,988431,2025-02-07 17:15:27,34.25,paid
2965291,887991,2025-08-30 08:08:05,72.19,paid
5764366,893855,2025-06-29 15:24:36,33.55,paid
8408937,966960,2025-06-08 15:31:15,682.01,paid
4897090,401402,2025-09-11 05:33:55,230.92,paid
2904806,263552,2025-04-23 14:47:55,39.35,paid
5505246,481016,2025-04-19 04:20:16,728.98,paid
7950825,996819,2025-09-24 23:09:34,1740.68,paid
906823,847537,2025-06-16 14:04:44,15650.34,paid
9147239,250471,2025-02-26 12:35:22,113.92,paid
6195262,619919,2025-06-02 13:19:33,23.81,paid
6921672,619995,2025-09-07 08:39:34,39.98,paid
592235,813618,2025-07-28 22:04:00,24.86,open
6223084,574882,2025-06-28 13:20:25,74.06,paid
3673328,176599,2025-07-23 16:09:10,59.44,paid
4943251,996360,2025-12-05 10:36:13,90.13,paid
6677295,318162,2025-07-24 11:59:36,243.23,paid
6488824,952233,2025-08-09 16:51:23,580.49,open
9367760,241202,2025-06-25 09:14:21,938.04,paid
6732956,430738,2025-12-01 10:36:18,48.11,paid
5236181,656281,2025-05-30 16:02:04,249.49,void
1259222,335302,2025-12-08 15:30:02,24.28,paid
8061846,301631,2025-03-01 11:54:59,445.47,paid
8479380,143805,2025-05-05 00:04:45,515.38,paid
9713804,810060,2025-05-23 13:51:09,51.6,paid
3449696,644920,2025-06-07 11:16:21,569.52,void
623586,753247,2025-10-29 14:14:42,781.03,open
5956853,629593,2025-06-05 21:50:58,2631.35,open
9819784,430826,2025-09-09 11:27:59,4479.41,paid
4603932,694103,2025-07-01 15:28:54,36.1,paid
7327654,156588,2025-09-20 19:02:46,293.7,paid
7448166,870241,2025-03-21 08:26:00,35.52,paid
8374128,216101,2025-12-09 01:00:14,24.77,void
5117477,395913,2025-11-01 18:10:09,346.13,paid
2168711,704625,2025-11-22 22:56:03,594.8,open
9251174,157411,2025-11-07 00:21:54,4973.75,paid
9963896,958517,2025-09-25 17:12:58,699.09,open
2698936,225784,2025-09-14 09:43:50,5113.34,paid
6133378,111936,2025-01-03 14:44:54,816.98,open
2623479,695658,2025-10-29 09:28:21,214.85,paid
3224247,708315,2025-09-17 04:39:08,37.93,paid
4719432,873654,2025-12-06 11:12:03,4131.76,paid
7353636,575421,2025-09-11 21:26:30,98.54,paid
4337536,393542,2025-09-17 04:02:27,40.12,paid
5002994,593883,2025-12-22 11:19:36,33.6,paid
8104801,713907,2025-06-24 08:10:13,44.62,paid
4190540,480190,2025-09-25 04:05:23,34.14,paid
7861438,149930,2025-05-01 22:44:21,970.4,paid
5261795,944315,2025-06-12 23:13:46,1549.14,paid
7253427,372540,2025-06-26 11:58:11,1803.03,paid
2534580,650852,2025-11-19 16:13:30,32.91,paid
3975426,812313,2025-12-09 16:51:30,86.58,paid
5321691,769943,2025-07-28 14:47:02,84.43,paid
6783407,691555,2025-06-01 10:39:01,598.62,open
8720038,218019,2025-07-18 10:07:38,71.08,paid
4931507,606408,2025-07-31 15:01:18,32.94,paid
500357,295334,2025-07-05 19:27:46,550.09,paid
5261723,418604,2025-01-05 16:08:17,32.49,paid
6679294,102347,2025-09-14 13:06:18,640.58,paid
9019299,288393,2025-01-24 09:28:20,399.46,paid
1459069,827874,2025-05-22 20:20:47,57.41,open
3457580,235164,2025-09-10 16:14:07,1264.03,paid
5862096,364738,2025-01-23 10:39:20,892.35,paid
5169483,893855,2025-12-09 12:06:16,37.21,paid
9919567,799901,2025-11-17 16:25:45,751.98,paid
90283,194356,2025-12-28 09:34:14,32.28,paid
7164040,198781,2025-08-24 13:06:13,87.04,paid
4578018,383347,2025-06-12 13:12:07,77.47,paid
9942166,909042,2025-02-24 14:06:57,50.88,paid
2150559,140197,2025-06-19 15:55:34,1568.99,paid
4642324,661510,2025-08-30 15:36:54,527.39,paid
5598828,574470,2025-03-21 07:42:15,431.62,paid
4472154,116787,2025-10-22 15:44:44,360.87,paid
3849476,414766,2025-07-21 10:46:21,56.64,paid
6122409,696918,2025-09-24 07:04:26,308.82,paid
214212,358468,2025-08-15 13:40:20,371.8,paid
4784209,754948,2025-08-28 11:02:59,2897.57,paid
2229252,383348,2025-11-27 11:55:24,173.74,paid
5829630,211818,2025-04-06 14:54:36,940.44,paid
4688618,959623,2025-12-21 09:28:50,69.79,paid
684782,553479,2025-09-29 10:09:16,3002.92,paid
992985,747100,2025-09-18 11:36:37,65.11,paid
8372126,893066,2025-10-06 09:07:17,74.74,paid
1049200,754948,2025-03-20 14:06:15,2945.27,paid
6047562,206528,2025-09-10 23:23:20,93.05,paid
1303185,646309,2025-12-13 16:44:00,363.36,paid
6630726,918643,2025-09-07 22:34:24,611.89,paid
8045803,832722,2025-07-05 21:07:45,1806.03,paid
9661151,313943,2025-04-21 16:18:35,1023.93,paid
4727656,661655,2025-05-03 14:30:58,63.11,void
2929055,451238,2025-06-15 08:30:12,789.69,paid
3114302,721049,2025-04-18 13:08:19,114.77,paid
2213039,316254,2025-02-28 10:10:45,713.68,paid
6354977,371884,2025-12-02 10:55:22,66.55,paid
4065545,269978,2025-09-14 16:48:14,502.03,paid
8373686,875381,2025-07-05 13:10:52,830.95,paid
8171739,170008,2025-02-20 18:56:48,2298.23,paid
91640,668250,2025-12-02 17:54:52,4438.71,paid
2313739,108657,2025-04-11 11:16:59,610.15,open
6091034,157315,2025-10-25 06:31:59,35.7,paid
2265534,672009,2025-06-21 10:44:01,1237.41,paid
432079,787646,2025-07-24 16:39:29,662.14,paid
8031712,858507,2025-08-28 12:28:41,2743.58,open
2533722,265989,2025-01-16 11:45:00,49.9,paid
2119587,943067,2025-07-10 14:26:59,426.55,paid
2283651,800274,2025-04-16 15:18:31,678.18,paid
7465962,441844,2025-09-23 08:32:15,695.52,open
35683,364738,2025-08-08 19:32:18,804.01,paid
5970573,540382,2025-06-02 21:51:21,474.75,paid
2524438,669720,2025-04-07 08:22:12,5596.6,paid
4514066,189198,2025-02-09 17:35:55,12.05,paid
6031740,997844,2025-01-16 07:44:19,6321.17,paid
8203341,518790,2025-10-02 14:50:56,24.73,open
2396823,417896,2025-08-02 10:15:10,575.84,open
8456789,724051,2025-10-13 11:55:55,322.77,paid
1503179,620725,2025-12-11 10:54:41,49.74,paid
7926900,746335,2025-08-28 08:15:15,48.0,paid
6046146,486520,2025-07-27 17:13:58,36.64,paid
1770959,914996,2025-08-14 10:49:24,768.98,paid
4422643,946742,2025-12-20 05:00:53,51.59,paid
564666,177009,2025-03-24 10:49:59,24.13,paid
3674170,610566,2025-04-02 00:00:57,340.18,paid
1335873,136409,2025-06-10 14:21:40,87.73,paid
339669,105266,2025-03-21 11:41:22,74.68,paid
9443664,441792,2025-10-04 13:51:26,671.0,paid
6859051,590704,2025-10-13 07:06:42,560.8,paid
256232,499701,2025-01-19 08:06:38,254.42,paid
8351003,301453,2025-07-05 07:05:31,61.08,paid
2732756,288393,2025-10-22 12:53:32,378.89,uncollectible
25846,508782,2025-04-21 08:12:45,73.01,paid
892061,833504,2025-06-24 09:42:37,3530.49,paid
4996826,832207,2025-11-15 09:07:19,611.93,paid
4494731,975237,2025-01-26 15:44:06,492.3,paid
9554243,603307,2025-02-13 09:01:08,37.51,paid
5901098,592265,2025-09-24 20:54:52,65.58,paid
8536626,833504,2025-03-17 00:48:08,3436.53,paid
6663315,197488,2025-06-01 01:36:59,393.34,paid
7711084,980971,2025-04-16 14:38:23,477.44,paid
5355550,260951,2025-10-09 09:54:22,2922.31,paid
5211741,353738,2025-07-15 12:04:48,794.96,open
6308648,555768,2025-05-29 09:02:19,628.57,paid
9882484,782122,2025-11-09 12:10:07,33.61,paid
1266040,392724,2025-10-14 11:24:50,366.92,paid
8428133,259373,2025-05-31 20:53:25,73.34,paid
8533637,537253,2025-08-27 21:23:07,34.41,paid
5887077,822380,2025-08-02 11:14:44,257.92,paid
8206897,150235,2025-11-07 11:43:27,47.21,paid
4572150,196847,2025-12-20 13:24:28,2868.5,paid
4428086,430826,2025-09-09 03:05:17,4757.99,paid
4965687,697314,2025-08-18 07:49:19,401.06,paid
516415,820426,2025-10-28 09:22:13,64.04,paid
253989,561622,2025-03-13 06:11:39,36.46,paid
3928284,970778,2025-03-05 08:16:08,600.08,paid
1439313,540382,2025-06-03 14:57:28,525.9,paid
8622902,691555,2025-03-25 08:22:11,619.56,paid
4610800,557985,2025-05-20 06:29:05,50.87,paid
1523755,982749,2025-07-21 18:09:23,66.16,paid
2669108,110220,2025-01-07 15:38:31,59.79,paid
4925966,647019,2025-03-06 11:56:40,780.42,paid
6135926,682986,2025-08-16 14:51:09,138.78,paid
1853706,810060,2025-04-17 19:35:59,50.8,paid
7740063,498799,2025-01-25 12:37:51,390.92,paid
9474461,406745,2025-09-15 14:39:44,38.32,paid
5791611,511107,2025-09-25 10:08:17,62.63,paid
3087408,723271,2025-08-20 18:49:18,514.07,paid
1346558,928274,2025-10-07 11:47:48,507.68,paid
8619929,301735,2025-06-26 11:57:28,35.0,uncollectible
8933453,136425,2025-08-05 11:23:56,49.04,open
2942017,479242,2025-08-30 14:08:36,233.64,paid
3230338,209680,2025-06-01 08:05:30,35.1,paid
7603344,580435,2025-02-06 16:13:59,612.58,paid
5536091,474120,2025-10-03 13:37:53,677.02,paid
7963423,656283,2025-08-18 18:57:35,830.47,paid
4224853,511241,2025-07-10 17:46:12,98.24,paid
1363710,114026,2025-10-14 14:14:03,73.59,paid
4253667,350292,2025-10-24 15:39:49,95.36,paid
2232601,835797,2025-04-27 12:39:07,624.9,paid
1808046,129145,2025-08-27 09:52:15,713.41,paid
4613758,498584,2025-05-03 06:16:13,82.72,open
5521329,175483,2025-01-23 07:22:15,3581.49,paid
6956290,391958,2025-10-26 11:05:07,31.92,paid
9950748,656281,2025-07-22 11:45:35,228.83,paid
2344538,672009,2025-05-17 13:05:01,1096.75,uncollectible
7816640,430826,2025-09-08 09:23:16,4215.39,paid
1588364,641328,2025-01-18 18:19:06,23.18,paid
8069486,989157,2025-02-07 14:43:40,102.05,paid
9921837,699272,2025-05-24 08:08:00,86.95,paid
6830304,809176,2025-10-03 20:18:42,622.68,paid
4052081,887991,2025-10-17 16:31:58,72.9,paid
8449504,135223,2025-08-26 01:09:23,60.86,paid
7727954,531456,2025-06-10 16:02:18,78.56,open
7142943,836507,2025-08-06 06:35:14,106.15,paid
6801572,895559,2025-02-25 10:35:14,754.08,paid
2152429,637831,2025-07-06 13:37:52,383.56,paid
7236917,190126,2025-08-26 08:51:59,55.26,paid
1490669,784693,2025-08-11 18:05:21,315.6,paid
696427,744444,2025-10-19 09:29:27,2647.43,paid
5114932,671372,2025-01-13 09:22:06,76.73,paid
3917575,443866,2025-11-29 12:18:19,33.64,open
8364313,729073,2025-09-02 02:32:42,575.34,paid
3825962,504637,2025-10-03 05:24:10,46.22,paid
9657916,695658,2025-09-01 10:52:15,200.37,paid
8164693,859443,2025-04-09 10:49:34,20244.13,void
2564029,954668,2025-06-01 17:29:20,438.08,paid
559693,896132,2025-09-06 12:45:27,96.18,paid
1803735,911125,2025-08-18 19:51:54,884.68,open
5445035,157411,2025-10-28 17:36:12,5405.5,paid
3251,686117,2025-06-23 10:10:33,93.57,paid
8707878,822666,2025-07-04 07:54:57,702.36,paid
2513891,412093,2025-11-29 09:57:31,34.83,paid
7629513,519899,2025-07-15 13:50:17,34.59,paid
5659051,278077,2025-03-24 09:10:37,212.99,paid
567289,785078,2025-07-11 06:30:05,71.99,paid
5047570,468130,2025-02-20 13:32:15,757.88,paid
1535209,950959,2025-12-16 16:25:51,1297.21,paid
7141337,256231,2025-08-30 16:16:19,865.86,paid
9003042,741646,2025-10-06 11:51:36,799.86,paid
5129401,258458,2025-03-13 10:59:57,2815.03,paid
8488447,411362,2025-08-30 07:22:52,81.47,paid
4435799,150235,2025-12-08 13:09:42,39.88,open
8091618,574768,2025-07-28 11:45:11,860.96,paid
329912,881378,2025-12-08 09:39:06,12.45,paid
4039911,301453,2025-12-09 23:10:42,65.99,paid
9208763,563161,2025-04-12 11:54:09,622.29,paid
4379158,787021,2025-08-01 14:02:16,67.0,paid
1115312,495640,2025-11-18 11:40:12,92.45,paid
5951000,560307,2025-10-06 10:05:47,36.3,paid
5997054,757526,2025-05-16 11:15:10,47.34,paid
6627726,468130,2025-04-14 15:16:17,786.06,paid
5073178,701732,2025-07-06 08:37:44,33.09,paid
6222967,574768,2025-03-29 17:22:22,923.7,paid
2052491,314615,2025-11-23 10:45:53,73.26,paid
1164254,395913,2025-09-07 14:48:27,345.29,void
8456607,775527,2025-10-24 14:35:05,2098.04,open
4778781,693667,2025-05-28 19:14:56,544.41,paid
9748807,644920,2025-02-16 06:46:03,697.83,paid
2716734,968396,2025-05-09 09:18:01,72.0,paid
8228859,165982,2025-09-20 11:33:47,359.7,paid
3694774,647876,2025-12-09 09:10:48,239.49,paid
4378031,289564,2025-10-24 19:20:16,272.39,paid
5153217,872118,2025-06-26 11:19:53,9388.51,paid
3463454,609487,2025-05-20 10:45:05,1928.62,paid
410260,466834,2025-10-02 08:03:38,676.93,paid
160779,412093,2025-01-23 12:38:30,34.59,paid
3103914,339830,2025-09-05 09:02:37,2879.12,paid
412999,613449,2025-04-01 13:00:34,233.98,paid
11577,129145,2025-06-21 16:16:01,765.17,paid
1077478,152728,2025-03-31 10:26:07,10299.48,paid
4768419,827874,2025-02-16 07:31:07,54.18,paid
6692600,876549,2025-05-04 10:00:31,726.44,paid
82002,468400,2025-04-15 07:40:06,5414.35,paid
2093716,206528,2025-09-10 22:07:07,97.96,open
5200287,640065,2025-07-23 08:30:54,47.88,paid
5331612,722037,2025-05-30 14:45:17,150.44,paid
6005208,181156,2025-11-03 19:39:32,505.65,paid
9622804,600507,2025-09-08 13:24:16,383.44,paid
2450096,531456,2025-05-11 11:09:23,76.15,paid
3682051,342116,2025-08-24 17:36:52,59.41,paid
1704469,572896,2025-06-29 12:14:51,45.73,paid
7590375,479242,2025-10-08 05:00:13,240.91,paid
7452972,102347,2025-07-30 14:24:37,566.89,paid
7929811,921303,2025-09-03 18:58:39,578.11,paid
8444486,917868,2025-09-23 19:10:07,70.36,paid
7595910,141893,2025-08-07 14:28:32,60.03,paid
4789033,467325,2025-01-12 22:10:37,173.97,paid
8709940,646333,2025-04-13 13:49:08,55.51,paid
7303222,597040,2025-11-01 14:34:04,72.03,paid
4169690,371569,2025-08-03 14:50:11,793.58,paid
1167088,511879,2025-12-08 15:56:50,612.01,paid
7200681,685576,2025-12-15 08:58:30,233.29,paid
8724063,700790,2025-10-19 16:53:09,47.3,paid
4551523,775527,2025-09-01 11:00:54,2392.84,open
7352452,765110,2025-06-28 06:13:39,36.42,open
5368436,689717,2025-06-30 11:43:31,48.96,paid
9813960,567592,2025-12-06 08:29:57,690.98,open
3988962,988431,2025-03-23 13:44:36,41.08,paid
8045273,886365,2025-07-06 07:51:49,2545.75,paid
7150439,259984,2025-06-03 13:22:24,2220.38,paid
567129,149930,2025-08-05 10:24:24,933.19,open
9372669,253221,2025-05-31 17:59:29,116.9,paid
3373667,527428,2025-08-22 02:18:50,5803.94,paid
3608029,644920,2025-11-11 10:27:09,574.77,paid
4140245,244780,2025-04-19 16:32:14,5941.02,paid
4479133,144659,2025-03-14 12:48:36,522.86,paid
709354,797764,2025-05-29 18:50:40,90.96,paid
5560094,959623,2025-09-26 10:03:51,76.56,uncollectible
2242670,470492,2025-06-19 12:31:54,842.89,paid
579346,371569,2025-01-27 10:37:38,800.27,paid
2257074,119546,2025-09-07 10:43:47,71.53,paid
2276857,411362,2025-07-25 05:43:50,88.48,paid
8190084,901602,2025-02-07 16:34:43,961.22,paid
5788623,313943,2025-04-21 16:52:51,956.75,uncollectible
5524398,241116,2025-11-20 12:16:44,52.23,paid
1680913,603307,2025-04-19 07:10:14,38.25,paid
4065798,556047,2025-12-27 16:10:40,848.16,paid
674169,404631,2025-10-19 16:06:50,340.95,paid
3506794,917801,2025-05-21 08:00:08,3923.97,paid
4013363,679810,2025-04-20 09:25:30,548.13,paid
6460381,597746,2025-08-21 10:09:57,79.5,paid
1493220,735377,2025-01-07 12:16:28,22.89,paid
8812770,826663,2025-08-03 17:54:15,2411.14,paid
1580365,656281,2025-05-30 16:36:45,228.06,void
8571648,634053,2025-06-13 10:56:43,2571.38,void
456499,863793,2025-12-06 15:57:04,96.5,paid
3186630,301353,2025-01-21 20:40:19,74.49,paid
9938063,549691,2025-09-09 11:46:08,625.48,paid
7576810,474008,2025-04-18 11:26:20,796.87,paid
8933964,650852,2025-07-26 15:29:50,31.83,paid
1123672,142978,2025-06-07 21:57:41,227.47,paid
9451315,358468,2025-03-24 16:35:45,410.92,paid
7643481,247268,2025-09-21 15:57:35,562.24,paid
4300580,142978,2025-05-27 11:52:12,236.41,paid
8265000,554336,2025-03-27 03:31:54,40.2,paid
5474647,519323,2025-12-19 12:53:07,36.45,paid
8201044,507445,2025-12-06 13:48:01,751.95,paid
1127807,776288,2025-09-07 19:21:21,534.55,paid
3230828,225448,2025-02-18 23:35:59,3473.61,paid
285607,604137,2025-12-22 09:55:14,61.64,paid
9263817,791209,2025-07-19 07:08:17,78.98,paid
3412342,395222,2025-03-19 13:08:28,188.08,paid
5728189,540658,2025-05-20 15:09:21,62.7,paid
7736119,451436,2025-11-29 13:59:31,33.35,paid
1695665,404963,2025-12-04 15:32:49,632.73,paid
2552929,841724,2025-12-27 13:26:33,2774.44,paid
2378566,901636,2025-10-22 16:14:04,457.44,paid
5903471,230161,2025-05-03 07:44:04,481.75,paid
8285878,634053,2025-12-13 07:27:19,2908.32,paid
3384219,304212,2025-02-04 14:53:32,88.34,open
6772072,211963,2025-04-21 15:24:53,456.71,paid
6406415,430738,2025-02-08 16:24:55,44.34,paid
369912,615864,2025-02-13 18:47:17,640.52,paid
5216782,395913,2025-12-21 07:33:47,362.16,paid
117436,858507,2025-05-03 07:01:26,2407.23,open
9831606,377902,2025-07-06 12:26:54,3880.65,paid
7953005,819199,2025-09-14 15:32:56,42.06,paid
5677114,511107,2025-07-02 10:01:06,64.5,paid
9934887,543184,2025-08-27 20:41:58,50.34,paid
4170938,727242,2025-04-03 14:11:18,108.9,paid
7958540,124942,2025-06-04 08:21:25,617.23,paid
9983507,106212,2025-08-29 14:40:04,3066.65,open
7258740,705149,2025-05-01 09:46:04,87.93,paid
3149820,706802,2025-12-02 16:56:14,701.15,paid
1950459,685576,2025-11-29 18:41:09,248.24,paid
792353,641328,2025-04-20 11:51:07,23.98,paid
7360462,530957,2025-05-29 07:48:28,212.2,paid
639146,523028,2025-11-04 18:44:00,67.28,paid
8725736,619995,2025-09-11 10:04:34,36.94,paid
948703,217404,2025-04-18 07:34:37,52.32,paid
6879708,526700,2025-01-29 07:30:55,61.09,paid
9644825,650852,2025-06-18 17:36:30,37.01,paid
7190353,826663,2025-06-10 14:24:14,2279.9,paid
2102051,332026,2025-05-07 11:24:41,35.63,paid
6015037,557850,2025-06-03 06:16:23,4025.84,paid
9989607,606408,2025-12-14 12:23:34,38.66,void
6220086,917868,2025-11-09 21:19:16,75.91,open
7917586,440025,2025-06-18 11:52:19,888.69,paid
1052247,964514,2025-01-21 06:13:04,501.97,paid
8080442,449827,2025-09-18 14:58:30,3371.35,paid
960689,208561,2025-10-17 09:10:47,99.67,paid
6925259,260951,2025-06-05 09:22:57,2885.13,paid
996411,255136,2025-11-25 15:35:23,88.0,paid
1670707,871334,2025-04-01 12:08:02,93.34,paid
2064452,700790,2025-10-13 15:07:26,49.87,paid
408522,543184,2025-05-13 14:07:26,46.96,paid
2091978,225784,2025-12-23 09:53:43,4802.96,paid
9194698,696918,2025-09-09 19:19:59,310.72,uncollectible
6886702,636784,2025-09-01 13:45:37,437.51,void
9649444,318214,2025-04-06 13:57:29,79.62,paid
2708978,105131,2025-04-04 17:57:25,35.29,paid
9274670,791209,2025-11-01 16:26:47,85.75,paid
8349603,259726,2025-08-13 23:23:35,47.56,paid
8633361,398864,2025-12-24 05:57:53,628.42,paid
9631495,499802,2025-02-23 15:52:37,85.71,paid
8321682,261774,2025-06-15 10:50:56,185.56,paid
1226563,613449,2025-04-01 15:16:44,260.1,paid
8812461,323646,2025-05-23 10:25:00,689.75,paid
6101905,631003,2025-11-26 15:04:05,307.25,paid
1003025,765110,2025-06-30 12:46:02,36.09,paid
7869593,351475,2025-12-21 08:26:50,87.24,paid
5240417,948864,2025-05-31 07:44:52,531.69,paid
894320,954668,2025-05-29 17:57:30,435.62,paid
8325412,232421,2025-10-09 10:42:57,831.28,paid
6939099,256019,2025-08-11 11:41:00,649.01,paid
7176959,346678,2025-06-27 09:40:35,383.98,paid
4349422,288393,2025-10-06 11:22:08,398.86,paid
2739002,551545,2025-09-11 22:37:22,34.76,paid
9960338,647876,2025-06-17 10:22:25,268.71,paid
6549167,530957,2025-09-02 10:33:50,204.52,uncollectible
4972189,170008,2025-12-20 15:00:29,2017.86,paid
1285475,282947,2025-08-15 15:01:32,57.89,paid
3686152,732615,2025-03-08 14:23:21,48.34,paid
8976505,517173,2025-03-09 14:03:33,189.98,paid
794541,565218,2025-01-24 09:45:19,2749.69,paid
9308793,256019,2025-07-15 08:36:25,665.92,paid
3986282,552380,2025-03-15 16:41:01,1685.11,paid
7024592,262565,2025-09-27 18:20:10,538.39,paid
1092298,644920,2025-08-26 10:32:44,540.78,paid
8034092,708315,2025-10-29 20:33:29,34.78,paid
1078164,118279,2025-10-30 13:45:39,592.75,paid
8086100,700790,2025-04-07 08:08:36,46.17,paid
7357381,430826,2025-09-08 10:45:56,4509.25,paid
5926316,211963,2025-05-24 11:50:28,476.57,paid
7497463,473607,2025-05-30 16:11:59,35.53,paid
9068930,365660,2025-01-30 05:12:12,336.23,paid
9662112,618509,2025-08-23 10:18:35,530.54,paid
1137970,550912,2025-05-27 11:32:20,61.1,paid
6415712,441844,2025-08-23 14:56:46,685.33,paid
221403,872833,2025-04-28 09:47:29,36.02,paid
4393182,440806,2025-05-12 12:03:11,25.52,paid
9594592,660322,2025-07-21 02:54:29,463.71,paid
1435941,544215,2025-07-07 13:04:01,577.85,paid
5720502,344893,2025-04-23 15:32:46,2988.81,paid
2483373,479390,2025-03-22 13:13:09,37.22,paid
2379357,856439,2025-03-29 11:16:40,74.14,paid
6304926,428057,2025-08-03 00:34:39,46.68,paid
6731793,516432,2025-10-20 19:48:57,700.49,paid
977664,591806,2025-07-08 07:15:44,429.77,paid
9665914,919775,2025-12-22 15:40:06,616.47,paid
5724805,150144,2025-06-29 15:45:38,134.37,paid
2436968,244208,2025-10-02 08:04:56,37.24,paid
3463132,622939,2025-11-14 09:16:29,501.25,paid
7071803,679810,2025-12-12 10:54:45,569.6,paid
2961888,874496,2025-08-26 15:39:44,1490.31,paid
5229247,428057,2025-10-11 09:24:16,49.93,paid
4372086,316254,2025-04-26 16:19:04,672.08,paid
8786107,206528,2025-09-10 19:23:17,98.82,paid
1700856,539755,2025-08-30 10:45:52,22.8,paid
3581726,133440,2025-11-27 08:24:45,97.44,paid
7473835,966960,2025-07-20 23:24:31,703.44,paid
2513992,424994,2025-08-27 14:44:02,3165.97,paid
8629199,661816,2025-08-24 09:23:22,383.68,paid
7573876,586292,2025-09-08 20:33:11,34.23,paid
2462993,216864,2025-11-16 04:17:54,24.23,paid
5100044,441439,2025-02-06 21:38:32,77.35,paid
847697,345589,2025-03-23 10:49:29,823.45,paid
6118548,885767,2025-04-11 06:19:13,290.08,open
9832463,480190,2025-04-02 12:49:38,36.17,paid
5205744,245218,2025-02-28 10:55:10,1531.16,paid
6270128,375756,2025-05-18 15:16:09,646.83,open
1248407,692863,2025-04-06 16:26:23,99.19,paid
8937207,479242,2025-08-28 18:14:55,241.64,paid
1612995,236797,2025-11-16 12:21:25,45.05,paid
5367410,704625,2025-06-28 19:55:43,590.57,paid
2932194,170417,2025-06-27 10:03:52,1021.32,paid
1492408,606408,2025-11-01 06:29:54,35.54,paid
2467076,355983,2025-09-01 09:14:13,295.04,paid
9972620,897529,2025-10-12 17:00:35,23.03,paid
5739289,914996,2025-10-09 09:10:27,715.12,paid
5033876,799789,2025-05-30 19:39:09,86.75,paid
5620014,647116,2025-09-22 07:56:03,806.84,paid
6152871,641276,2025-11-13 08:57:31,164.07,paid
3745253,574882,2025-06-06 09:57:29,73.06,paid
7179898,310258,2025-09-08 11:46:19,46.78,paid
2616160,943223,2025-08-08 12:19:49,399.57,paid
6388572,861107,2025-09-04 14:31:06,530.71,paid
5114174,392724,2025-11-21 10:09:54,364.3,uncollectible
2670518,133243,2025-09-21 22:28:28,24.29,paid
7412301,253647,2025-11-12 14:56:40,64.79,paid
7889841,110840,2025-01-02 12:28:17,3082.14,paid
6331221,124161,2025-10-20 07:43:29,132.21,paid
6257897,312337,2025-04-19 14:10:04,77.3,paid
8518626,435506,2025-08-05 00:29:16,468.3,paid
945020,164080,2025-04-18 11:18:42,62.12,paid
7554582,704625,2025-02-28 11:26:16,653.06,paid
123370,672009,2025-12-29 10:56:12,1046.93,paid
611654,105266,2025-08-09 10:00:19,71.78,open
8161153,255136,2025-01-21 07:16:02,99.02,uncollectible
1837240,310019,2025-09-17 02:12:50,2520.16,paid
3671931,978965,2025-05-27 12:32:16,709.66,paid
877436,935611,2025-03-29 13:09:03,37.13,paid
6172803,993977,2025-09-06 09:56:30,44.57,paid
4867418,886365,2025-03-15 21:00:48,2417.78,paid
9175053,400614,2025-09-21 12:39:53,84.83,paid
5621335,102220,2025-05-06 15:08:29,271.68,paid
1752544,989157,2025-11-20 17:30:05,95.85,paid
2252723,572896,2025-08-29 16:40:08,45.57,paid
9324650,105052,2025-11-19 13:51:05,886.97,paid
8554053,461906,2025-07-17 14:19:57,48.34,paid
133591,609487,2025-12-10 14:15:57,2087.32,paid
7123524,761571,2025-07-10 14:26:17,59.63,void
9758732,962759,2025-05-26 12:57:55,76.5,paid
1600006,269555,2025-11-05 11:02:29,242.52,paid
8609742,757349,2025-12-07 13:40:54,14109.15,paid
9854169,362499,2025-12-27 16:28:35,603.55,paid
651827,142057,2025-07-15 17:09:56,415.98,uncollectible
6550633,189189,2025-03-05 12:27:03,397.01,paid
5241614,627691,2025-09-10 18:17:56,4033.92,open
1046973,629748,2025-09-19 13:01:55,83.65,paid
5788631,270148,2025-07-02 08:12:22,831.85,paid
3084873,245218,2025-12-11 11:15:49,1524.63,paid
4965268,928274,2025-05-10 14:33:17,484.58,paid
4599275,627691,2025-06-08 10:06:59,4201.03,paid
1817424,832087,2025-06-01 17:53:11,357.91,paid
5026128,975101,2025-01-18 19:19:16,60.63,paid
8772211,138819,2025-08-07 16:26:28,72.67,open
7789550,124161,2025-02-08 20:07:58,146.75,paid
280035,181156,2025-02-02 12:41:20,499.08,paid
3387548,806501,2025-04-10 12:20:41,401.51,paid
1612356,515718,2025-06-17 14:34:51,406.31,paid
4541834,682864,2025-06-08 23:35:53,1300.97,uncollectible
4945956,806501,2025-05-23 16:43:40,394.2,paid
5789979,902347,2025-04-10 11:00:11,3287.12,paid
9841404,183180,2025-12-11 07:44:45,351.92,paid
4403962,734573,2025-10-24 15:17:21,652.33,paid
4959556,210309,2025-06-07 11:41:23,37.46,paid
1453686,653379,2025-02-02 09:13:27,323.04,paid
9523926,479390,2025-12-21 11:18:38,39.03,open
1976556,250471,2025-06-07 15:33:57,112.16,void
191636,990741,2025-07-31 11:11:38,54.39,paid
6163806,565218,2025-12-09 08:52:14,2785.17,paid
3379439,139085,2025-10-11 11:22:16,36.88,paid
8866158,416221,2025-03-29 09:08:41,4237.09,uncollectible
2152330,975101,2025-10-19 16:15:42,56.08,paid
7201126,894894,2025-08-21 18:02:10,538.73,paid
9939483,364714,2025-07-03 08:05:23,101.32,paid
460060,210552,2025-11-26 15:17:03,3157.9,paid
9544715,333795,2025-12-23 12:49:02,598.43,paid
2422754,772957,2025-09-23 09:14:33,551.78,paid
7287848,989345,2025-05-21 07:45:41,173.06,paid
4281535,104172,2025-09-10 03:18:02,23.03,void
4116310,661510,2025-08-30 04:44:49,518.23,paid
7525331,260885,2025-11-08 14:29:43,32.89,paid
2206160,662390,2025-03-23 13:48:11,149.64,paid
8060992,400628,2025-12-16 13:57:12,35.89,paid
3147111,622939,2025-11-25 11:25:17,495.24,paid
8664398,942582,2025-03-21 14:15:35,26.61,paid
50278,539755,2025-04-12 19:41:23,23.71,paid
6983718,571416,2025-05-14 12:45:55,206.91,paid
9886263,839821,2025-08-13 05:30:30,653.21,paid
7692043,948864,2025-05-09 01:35:20,483.97,paid
1569441,164239,2025-08-30 14:42:19,35.63,paid
4533923,620446,2025-05-13 19:55:55,35.49,paid
445120,364714,2025-04-26 06:16:58,90.94,open
8308038,111647,2025-03-03 15:37:54,7433.52,paid
5310785,310258,2025-08-10 10:17:43,50.42,uncollectible
7445859,615864,2025-08-25 07:48:32,650.81,paid
807824,647876,2025-11-26 09:21:49,258.35,paid
6738697,514217,2025-07-27 18:47:08,613.73,paid
4960462,729499,2025-09-16 14:47:45,407.88,paid
933427,331341,2025-09-11 11:55:48,49.23,paid
5328532,318405,2025-10-24 10:51:10,46.51,paid
6395410,731506,2025-07-19 18:36:21,11.48,paid
9344960,861636,2025-02-04 17:15:09,455.59,paid
1890598,723768,2025-04-17 20:25:00,401.01,paid
9057988,196847,2025-10-05 09:48:47,2765.05,paid
4641740,213004,2025-02-09 12:30:37,80.14,paid
3771607,201117,2025-12-27 19:16:25,679.59,paid
1428330,213004,2025-11-25 08:45:30,85.35,paid
2506952,490866,2025-04-30 17:34:11,346.64,paid
3140498,318405,2025-11-09 09:13:05,46.84,paid
4535529,868446,2025-06-25 15:57:08,787.26,paid
1120536,539755,2025-04-13 15:55:50,20.67,uncollectible
5208339,749734,2025-12-23 09:38:55,59.73,paid
1556563,815996,2025-07-03 14:32:41,888.59,open
5776182,248542,2025-07-17 13:35:51,33.65,paid
7610414,290736,2025-12-07 10:58:19,16464.95,paid
8386101,361379,2025-07-09 10:11:42,840.63,paid
3584500,588070,2025-12-02 11:10:52,262.24,paid
5588710,931016,2025-09-05 09:37:59,269.99,paid
4663814,361379,2025-11-30 09:22:03,818.11,paid
5479646,395222,2025-07-11 13:35:00,207.24,void
5067402,424962,2025-03-26 14:11:40,738.62,paid
8890732,732615,2025-01-14 08:09:33,50.24,open
9840066,516809,2025-04-09 16:33:55,653.09,paid
9436274,686117,2025-01-31 12:44:18,77.03,paid
399167,678569,2025-12-27 14:13:19,730.84,paid
6295947,449827,2025-05-13 17:23:47,3049.91,paid
514604,414105,2025-01-19 09:18:55,75.94,paid
8360383,985162,2025-07-17 09:14:00,146.29,paid
8958155,259984,2025-02-08 14:06:15,1874.52,paid
621212,774503,2025-07-14 13:15:52,57.07,paid
3413178,641328,2025-06-29 14:04:38,21.98,paid
6404418,175483,2025-03-16 20:24:15,3731.26,paid
5853998,885767,2025-08-12 12:53:36,298.68,paid
7192161,189189,2025-07-14 13:23:27,457.99,paid
6903311,286547,2025-03-11 15:11:51,35.81,paid
3631491,768193,2025-06-14 08:38:26,699.73,paid
7683132,824578,2025-07-30 09:24:21,626.52,paid
5475908,893855,2025-08-13 11:03:34,32.75,paid
794102,387432,2025-09-15 18:45:59,439.54,paid
2024139,292435,2025-03-10 14:18:58,845.54,paid
7649095,216101,2025-04-05 09:00:11,23.54,open
2804369,301501,2025-10-22 17:26:01,731.7,paid
9558950,352867,2025-02-09 10:39:02,753.35,paid
4999724,684083,2025-09-11 10:08:41,43.56,paid
5915968,331341,2025-09-18 08:05:37,46.25,paid
6749363,358134,2025-10-22 12:38:46,927.93,paid
6150421,241116,2025-06-21 09:59:33,43.83,paid
100639,575382,2025-08-13 14:41:45,839.58,paid
684621,345589,2025-10-17 11:39:04,723.54,paid
6504079,269054,2025-03-04 13:34:34,75.87,paid
9042989,549691,2025-07-28 15:42:43,607.52,paid
753182,983167,2025-03-30 12:01:32,870.03,paid
9233412,347163,2025-04-29 09:38:50,304.9,paid
2192614,240194,2025-03-30 16:00:35,108.91,paid
5393799,872833,2025-11-19 12:04:59,37.28,paid
3677559,169258,2025-02-20 13:05:29,497.69,paid
1249958,676881,2025-03-03 15:33:45,35.78,paid
8265801,696751,2025-06-01 03:12:51,65.71,void
4840835,581789,2025-06-03 15:08:52,124.13,paid
7021111,504080,2025-03-24 09:53:16,73.93,void
7028953,713834,2025-12-07 15:17:50,48.61,paid
22204,830784,2025-07-24 07:12:36,576.4,paid
3090944,757620,2025-04-11 16:05:02,15868.99,paid
1610188,252079,2025-11-09 14:55:50,67.39,paid
2621481,313943,2025-07-08 15:54:25,1039.17,paid
1177637,312337,2025-02-08 12:22:15,74.22,paid
2451652,436439,2025-05-22 05:43:07,35.71,open
7931982,870519,2025-05-23 10:47:56,23.0,paid
8868016,441926,2025-09-23 15:19:44,60.63,paid
8815029,155872,2025-06-17 16:40:56,638.24,paid
346490,848451,2025-08-19 07:08:55,541.69,paid
2148653,610566,2025-04-01 15:15:23,338.1,paid
9250925,210552,2025-09-11 17:40:19,3519.42,uncollectible
789148,316635,2025-05-07 16:11:17,692.76,paid
213805,450789,2025-03-18 14:57:44,2486.72,paid
717521,600864,2025-03-11 12:43:00,50.01,paid
2288937,468400,2025-09-21 05:23:44,4986.28,uncollectible
7483648,550331,2025-06-23 20:25:25,61.12,paid
3744067,312337,2025-04-26 14:05:25,65.31,paid
4312444,282947,2025-05-09 16:00:35,61.42,paid
4553587,383347,2025-08-13 19:20:30,78.18,paid
6953875,975101,2025-09-08 08:43:33,60.34,open
7266406,871334,2025-12-25 07:10:54,99.93,paid
1389617,629748,2025-05-02 18:01:21,86.6,paid
292958,778013,2025-11-05 04:47:56,104.21,paid
6244698,893855,2025-08-11 11:24:03,36.31,paid
3713396,133243,2025-09-21 22:58:22,23.83,paid
4286004,471767,2025-11-02 10:23:25,75.88,paid
6161432,716836,2025-06-28 08:49:10,94.82,paid
4276978,200830,2025-03-08 13:47:07,543.34,paid
4342760,590704,2025-05-12 13:07:08,628.62,open
9850,501273,2025-09-04 08:01:58,56.22,paid
9851954,259373,2025-12-14 17:15:39,70.14,paid
9910362,862941,2025-05-10 13:14:08,410.67,paid
8441335,653379,2025-11-14 09:37:22,320.26,paid
171883,544215,2025-09-07 16:36:23,592.72,paid
202977,301453,2025-07-08 13:19:53,67.92,paid
861837,402163,2025-11-21 18:11:02,65.58,paid
3554110,634053,2025-06-26 10:20:46,2861.22,paid
799362,380513,2025-08-09 14:59:42,84.22,paid
599064,925364,2025-06-17 18:11:08,592.11,paid
832855,723271,2025-08-20 19:05:07,540.68,paid
8751844,876324,2025-05-05 07:09:11,1871.25,paid
4227115,599218,2025-05-23 09:47:05,5866.05,paid
1966065,865573,2025-03-09 11:21:39,108.27,paid
3211000,192010,2025-11-02 10:32:13,2971.64,paid
3515801,663857,2025-09-06 09:26:06,2638.61,paid
4151958,279735,2025-12-21 05:46:55,103.17,paid
8999390,980971,2025-04-04 12:33:15,548.16,open
2995956,636784,2025-10-19 19:45:54,466.59,paid
5195312,832087,2025-07-23 20:36:49,367.81,paid
159907,390602,2025-05-24 13:57:28,425.64,paid
8013870,451700,2025-01-15 12:15:57,97.94,paid
7402462,359909,2025-02-23 14:04:10,603.05,paid
4265004,817805,2025-04-22 17:56:59,584.69,paid
1190011,806120,2025-10-22 11:43:07,51.19,paid
9480762,259984,2025-09-26 19:31:17,2050.08,paid
3756388,318405,2025-04-13 12:31:37,48.11,paid
8697477,200830,2025-02-09 13:16:52,458.35,paid
4848164,540749,2025-12-06 14:24:05,20.15,paid
5154980,196541,2025-03-16 18:40:59,33.97,paid
9506292,825599,2025-03-16 09:37:28,84.27,paid
8789968,398864,2025-12-10 14:10:29,571.8,paid
728784,399545,2025-04-17 15:45:37,95.28,paid
9068287,925203,2025-06-16 18:48:41,34.18,paid
9018393,228499,2025-11-23 08:39:49,32.39,uncollectible
6175575,516809,2025-01-03 19:39:58,562.23,paid
5846087,902662,2025-09-08 01:46:47,33.41,paid
49613,669363,2025-06-27 15:18:11,46.03,paid
935427,383348,2025-11-26 08:20:05,181.97,paid
8445682,440025,2025-10-14 08:39:45,893.06,paid
7372364,557850,2025-02-24 14:42:44,4479.63,paid
1268211,742518,2025-12-04 12:39:51,838.9,paid
797953,815996,2025-10-06 06:26:34,840.29,paid
2077224,245051,2025-06-05 11:23:57,330.44,paid
197163,618152,2025-08-29 22:08:09,1779.58,paid
8592974,912127,2025-05-04 03:40:04,1768.62,paid
4766532,613197,2025-09-26 14:22:41,914.79,paid
3544864,295167,2025-11-15 06:08:38,44.03,uncollectible
7777273,289564,2025-03-22 09:46:18,263.22,paid
5232266,253221,2025-07-31 08:19:40,136.3,paid
1502871,992229,2025-02-11 12:33:13,2428.51,paid
8966631,596031,2025-10-20 21:33:50,294.63,open
7329825,454905,2025-11-22 10:22:44,50.11,paid
6941380,114128,2025-07-16 15:02:02,37.03,paid
8424682,381306,2025-08-28 20:37:20,478.73,paid
3295256,991572,2025-04-18 14:50:18,340.41,paid
7243420,298901,2025-04-02 10:36:04,59.97,paid
7299403,985162,2025-03-14 05:11:34,134.8,paid
4953192,241202,2025-12-27 16:04:59,1032.9,paid
5087697,530957,2025-06-09 13:11:01,222.78,paid
1927859,893484,2025-03-11 08:00:36,438.34,open
9933587,900536,2025-11-13 11:18:38,47.07,paid
6646521,149930,2025-10-09 08:04:01,894.21,paid
9298079,391164,2025-03-16 08:58:39,24.5,paid
5632752,526874,2025-08-04 18:50:05,965.83,paid
9432775,205204,2025-02-20 07:53:55,130.77,paid
9003167,980971,2025-07-31 08:05:23,527.37,paid
2579314,139506,2025-05-06 11:23:02,48.8,paid
5416505,530957,2025-04-26 08:47:06,190.83,paid
1404608,349808,2025-11-18 19:06:02,457.02,paid
7827559,375756,2025-07-04 19:50:14,616.16,paid
698202,183180,2025-03-10 15:41:52,355.1,paid
7642139,260118,2025-04-04 13:12:09,3791.39,paid
1937919,201572,2025-09-23 00:59:45,933.97,paid
9321307,504080,2025-01-12 12:17:12,74.54,paid
7914124,406745,2025-05-23 05:09:36,47.66,paid
1435748,561622,2025-10-03 13:10:28,34.71,open
8271056,716836,2025-05-14 09:12:20,105.36,paid
6580075,343808,2025-12-14 18:24:39,72.63,paid
877139,810858,2025-12-11 14:08:33,270.18,paid
3550709,278618,2025-06-03 07:15:11,641.7,paid
7955514,380284,2025-05-21 13:52:46,5431.71,paid
4742853,662010,2025-02-06 14:22:35,45.15,open
8060067,662747,2025-05-16 16:48:10,18174.18,paid
744324,436439,2025-06-08 13:51:47,33.33,paid
2790551,656281,2025-05-30 15:20:02,255.54,paid
9524402,895559,2025-05-14 14:17:54,707.14,paid
9134650,705149,2025-12-10 09:02:31,107.59,paid
1286795,444888,2025-05-12 11:50:29,736.79,paid
1793399,640065,2025-07-06 15:58:53,48.35,paid
3854910,768839,2025-07-15 08:04:53,11.96,paid
3185622,556479,2025-02-11 10:06:57,76.92,paid
3402997,600774,2025-12-06 10:26:31,3315.68,open
1576551,153452,2025-03-08 13:10:30,85.1,open
6569223,797764,2025-06-23 23:46:10,93.78,open
1616755,479242,2025-08-28 22:37:36,239.76,paid
3936159,929449,2025-08-05 12:36:05,985.01,uncollectible
9848639,378343,2025-06-13 07:42:15,584.93,paid
5603311,247268,2025-01-23 14:55:12,515.86,paid
5840722,387432,2025-09-17 03:07:24,488.99,open
8927478,221118,2025-07-23 11:50:09,39.52,open
81130,991572,2025-02-15 19:21:16,369.05,paid
4714679,353738,2025-10-01 09:22:42,844.17,paid
6513,301631,2025-07-27 13:50:46,432.12,paid
6429048,142978,2025-11-17 17:59:46,255.94,paid
3189015,402163,2025-11-18 02:48:49,63.68,paid
4274007,901636,2025-03-08 15:17:18,402.73,paid
4974021,379610,2025-08-11 05:02:04,22.82,paid
6566503,278077,2025-10-11 10:45:42,242.77,open
5256568,943067,2025-08-23 16:06:24,470.14,paid
5298324,451436,2025-04-13 10:49:45,34.78,uncollectible
7196119,141134,2025-09-17 10:38:12,72.06,paid
1635466,480190,2025-05-11 15:53:32,33.16,paid
8897168,960588,2025-12-28 18:00:43,48.7,paid
9084929,209357,2025-09-17 22:14:34,36.16,paid
4518681,717660,2025-08-26 07:30:41,87.95,paid
5455512,989410,2025-09-23 09:03:07,12.44,paid
9348683,847327,2025-01-17 14:12:13,815.54,paid
1018871,227569,2025-06-24 07:53:56,322.13,paid
4372327,631096,2025-06-22 15:18:44,38.05,paid
8106009,173985,2025-12-13 15:59:48,44.5,paid
7797057,757349,2025-02-19 11:41:53,13157.74,paid
6877005,883487,2025-12-27 20:10:07,79.04,paid
3709420,836507,2025-08-14 17:15:43,105.07,paid
3619435,850797,2025-09-12 09:05:56,86.07,paid
6710911,114026,2025-10-14 13:46:57,77.42,open
3531716,688496,2025-09-28 09:07:38,340.61,paid
2493982,951176,2025-03-25 21:48:17,82.39,open
9162753,793847,2025-07-06 17:32:52,567.76,paid
863820,676603,2025-05-31 05:03:49,271.92,paid
1791882,418604,2025-05-26 10:52:01,39.14,paid
2238209,713866,2025-04-02 17:21:57,771.4,paid
9991694,883487,2025-06-10 09:53:58,89.34,paid
8873893,872833,2025-01-05 13:13:28,37.57,paid
7145459,166599,2025-06-15 15:23:34,699.49,paid
8008663,504080,2025-08-19 10:43:33,60.96,paid
5113996,823165,2025-06-13 07:00:41,68.17,open
1392906,345955,2025-11-01 18:09:13,355.88,paid
2277667,952114,2025-02-07 10:09:17,3272.31,paid
8579675,265989,2025-10-27 06:02:03,49.01,paid
6746155,921303,2025-12-03 15:39:14,551.63,paid
2834072,966960,2025-05-16 18:56:34,753.4,void
8866228,346678,2025-10-27 15:31:21,393.51,paid
9836709,907406,2025-01-20 12:06:38,36.2,paid
3906625,810858,2025-03-29 20:05:42,277.6,paid
8370820,992229,2025-07-14 18:50:04,2452.89,paid
3268263,995264,2025-05-01 15:25:57,69.63,paid
9199761,925364,2025-09-08 09:10:47,678.26,paid
1275823,153122,2025-01-08 08:20:40,47.53,paid
8386811,129289,2025-08-04 20:34:45,21.98,paid
5244351,577783,2025-05-05 13:04:44,726.3,paid
2218013,713834,2025-12-05 10:14:34,54.01,paid
7395624,200323,2025-06-23 16:57:22,133.72,paid
7193801,466834,2025-04-22 12:06:59,661.64,paid
3155254,156588,2025-07-10 14:00:55,334.83,paid
4423080,166599,2025-10-01 10:51:33,695.33,paid
5905429,365756,2025-06-01 23:30:14,49.13,paid
9667186,205204,2025-09-12 15:51:40,139.93,open
5615993,946742,2025-10-13 10:41:03,60.24,void
693079,950959,2025-12-26 07:29:24,1276.89,paid
3918598,575382,2025-08-15 05:09:01,754.09,paid
3033947,278870,2025-05-17 16:51:19,48.74,paid
8982124,363409,2025-03-15 10:53:00,650.8,paid
849682,301353,2025-12-09 17:43:13,73.9,paid
6495542,917868,2025-09-23 14:25:09,73.37,open
4843016,799789,2025-05-30 09:28:00,85.5,open
4036515,518790,2025-12-17 09:37:59,25.71,uncollectible
8399804,256019,2025-02-23 12:57:07,671.19,paid
866174,454905,2025-10-19 14:34:04,49.83,paid
6038765,961788,2025-04-12 11:07:43,37.61,paid
7878402,212090,2025-08-23 13:08:07,886.85,paid
8676058,713866,2025-02-07 16:54:06,669.44,paid
7499416,556047,2025-02-25 07:40:04,840.42,paid
4737776,387432,2025-09-15 22:38:38,493.45,paid
5349464,833504,2025-10-08 15:44:30,3587.11,paid
6076697,958517,2025-12-23 13:54:54,741.08,paid
5283108,153122,2025-05-18 11:55:25,49.37,paid
4099865,713866,2025-02-08 14:10:36,750.28,paid
3654911,370589,2025-12-09 10:07:23,586.43,paid
640336,828822,2025-01-12 10:32:07,3453.92,open
865499,886365,2025-07-03 17:46:55,2472.36,paid
7913368,697314,2025-11-14 12:55:25,381.31,paid
1349940,647116,2025-10-18 09:35:30,778.08,paid
654174,969783,2025-08-16 01:50:14,592.56,paid
6976598,557985,2025-09-16 14:03:47,48.66,paid
5244331,445354,2025-07-21 09:19:11,69.56,paid
1163484,729499,2025-02-23 06:43:04,400.66,paid
3149195,150144,2025-03-09 13:16:59,138.69,paid
1154380,197488,2025-08-30 12:39:47,365.6,paid
7180207,499701,2025-09-06 13:14:58,259.1,paid
3183785,244780,2025-06-24 07:50:34,5769.13,paid
4278891,487420,2025-12-27 16:56:51,590.07,paid
5290808,284686,2025-09-29 13:48:28,50.46,paid
8444746,356711,2025-05-11 10:14:21,1847.64,paid
727093,353158,2025-07-21 13:35:27,1748.5,void
7716726,339409,2025-12-29 09:38:46,72.02,paid
5109165,394508,2025-09-28 19:12:36,35.41,paid
55014,378343,2025-09-07 23:24:17,540.23,paid
1185214,285164,2025-05-24 14:36:14,93.43,paid
8409620,613197,2025-03-15 09:16:11,967.75,open
369001,620725,2025-08-09 14:39:38,53.32,paid
6298688,103319,2025-07-23 06:59:56,74.23,paid
2915273,888943,2025-12-26 14:31:01,31.96,paid
8672104,893855,2025-02-22 08:34:05,36.04,paid
3203762,987167,2025-03-02 09:15:51,506.65,paid
8892334,918643,2025-11-23 15:14:55,574.6,paid
918097,294902,2025-12-23 12:50:21,753.04,paid
3371957,445138,2025-06-23 15:39:32,131.14,paid
5903314,980971,2025-09-22 14:48:41,500.89,paid
2410079,105266,2025-11-08 07:44:36,73.73,paid
8950320,125160,2025-12-21 11:24:21,89.64,paid
6126978,479649,2025-03-31 12:54:38,48.01,paid
9571680,474120,2025-09-08 20:12:09,656.65,paid
4221949,810968,2025-07-07 13:20:28,320.32,paid
7194573,825599,2025-12-28 11:33:15,89.76,paid
2889875,313943,2025-12-27 12:37:11,941.88,paid
2905607,640065,2025-07-15 15:32:36,42.37,open
3681788,869256,2025-08-04 18:25:06,74.04,paid
7441105,574768,2025-12-11 14:19:43,894.22,paid
9548628,890103,2025-08-10 12:13:14,91.06,paid
3703528,792694,2025-04-23 19:28:18,1068.65,open
134434,443866,2025-03-13 09:34:43,37.76,open
6000288,314615,2025-07-01 19:42:00,73.48,paid
7114291,665391,2025-02-23 18:09:37,24.51,paid
2204020,723768,2025-12-10 16:44:37,434.95,paid
487835,991572,2025-03-28 12:29:58,372.95,paid
7929116,740262,2025-08-05 13:41:57,60.18,uncollectible
5348466,197488,2025-09-13 07:38:32,436.23,paid
1308212,230161,2025-06-24 08:44:47,477.83,void
5776452,211818,2025-01-11 16:01:45,996.06,paid
1515172,975101,2025-08-08 05:54:05,63.52,paid
8893204,383347,2025-04-06 08:49:21,85.2,open
7879702,705867,2025-05-11 11:31:26,3885.74,paid
5030610,391958,2025-11-20 19:06:24,39.58,paid
1902484,125807,2025-08-21 14:49:59,664.38,paid
8124219,625558,2025-12-07 20:33:25,69.65,paid
874422,621013,2025-09-26 10:33:54,35.67,paid
4734928,727732,2025-07-04 18:56:16,48.29,paid
963697,642899,2025-02-10 14:28:05,68.49,paid
868390,189189,2025-03-25 16:34:10,421.17,paid
1644164,290736,2025-02-10 11:42:54,15199.25,paid
8132987,686117,2025-01-16 03:44:03,84.88,paid
1144457,423101,2025-02-01 13:57:54,4777.69,paid
1263970,912127,2025-09-20 07:30:44,1825.6,paid
7854407,170008,2025-06-01 11:57:36,2012.25,paid
5481934,412093,2025-09-12 12:16:05,31.55,paid
7853913,254564,2025-11-24 07:32:04,4081.15,paid
9186905,232159,2025-06-04 22:32:50,2911.66,paid
4785816,819199,2025-10-23 09:12:34,34.81,paid
3986436,188341,2025-09-30 08:09:39,84.01,paid
1257758,372638,2025-09-19 14:04:35,36.44,paid
1895613,326211,2025-07-09 08:11:40,760.69,paid
4104539,331341,2025-11-15 12:34:45,48.23,paid
2914856,667992,2025-09-02 14:17:10,4964.84,paid
4508273,205373,2025-08-25 09:17:31,1547.82,paid
2821075,241116,2025-07-18 17:54:16,47.42,paid
6087743,417896,2025-01-19 15:05:43,627.73,paid
4244040,869256,2025-12-02 16:34:05,75.29,paid
2537098,554320,2025-12-07 11:03:54,3451.73,paid
7784620,118279,2025-11-15 21:49:20,576.43,paid
7120873,412093,2025-10-31 13:41:36,34.93,paid
5707407,474120,2025-04-17 11:05:47,619.4,paid
3805564,165039,2025-06-05 08:46:21,3591.01,paid
1756877,723768,2025-07-09 13:30:48,391.36,paid
9132296,304962,2025-07-02 14:01:01,5106.42,paid
7345903,351485,2025-06-24 17:26:33,12.51,open
5809728,318405,2025-11-24 06:43:54,48.7,paid
8100651,565930,2025-07-30 13:25:35,693.5,paid
3550062,907406,2025-05-11 09:32:47,33.08,paid
614007,211963,2025-04-27 14:12:54,507.38,paid
990446,298048,2025-08-10 11:47:36,59.82,paid
8120417,412468,2025-04-08 16:10:15,46.89,paid
442755,613197,2025-09-20 16:26:28,927.66,paid
5420249,265516,2025-09-28 15:39:39,177.73,paid
2188011,591371,2025-08-31 00:31:55,275.45,paid
2292734,889010,2025-11-20 07:28:47,266.3,void
8080439,706802,2025-06-04 14:07:33,653.39,paid
9690058,358134,2025-06-16 09:52:16,1054.13,paid
8342556,663216,2025-05-30 19:21:51,400.5,paid
8559646,620640,2025-09-07 14:24:36,488.31,paid
1022032,749734,2025-01-06 09:36:54,57.62,paid
1894719,260118,2025-09-27 21:52:47,3676.36,paid
4217634,847561,2025-01-17 10:17:36,81.97,paid
5619352,600507,2025-09-22 16:43:25,387.68,paid
3907666,591806,2025-11-08 12:42:08,412.34,open
1895456,364714,2025-04-14 07:54:17,95.2,paid
5824141,662023,2025-09-28 16:26:19,123.92,paid
8961233,694103,2025-02-17 17:31:48,35.57,paid
8478868,914996,2025-12-20 15:40:21,704.47,paid
7242990,713834,2025-08-05 07:35:44,45.32,paid
8401549,887991,2025-08-31 15:51:08,65.68,paid
1231766,772957,2025-04-02 17:56:50,622.31,paid
5624959,519323,2025-05-31 18:34:55,33.88,paid
4817889,615864,2025-12-27 19:38:58,630.1,paid
9292850,144659,2025-04-15 11:58:37,498.46,paid
5869094,820834,2025-11-08 10:54:45,668.35,uncollectible
982443,176599,2025-12-18 14:50:29,64.99,paid
3925909,669720,2025-08-17 08:13:44,4970.04,void
9382007,505397,2025-02-02 06:09:50,113.68,paid
5852540,241202,2025-09-29 19:29:45,1035.45,paid
3203944,950873,2025-04-20 15:47:26,592.83,paid
9764251,692089,2025-07-11 14:38:58,691.33,paid
5311970,356711,2025-04-27 06:59:13,1832.71,paid
4039904,120608,2025-08-21 11:31:48,45.04,paid
2468136,919775,2025-09-07 12:07:29,588.08,paid
4637439,692337,2025-08-17 09:45:55,637.18,paid
2146454,865765,2025-11-30 09:58:28,116.48,paid
8822056,925364,2025-11-30 14:22:44,609.97,paid
4732203,695829,2025-06-19 03:02:06,48.04,paid
11690,624691,2025-01-17 15:00:14,601.71,paid
9059802,372180,2025-05-17 13:38:42,48.6,paid
3204124,188341,2025-03-04 13:17:42,87.19,paid
3388887,848451,2025-04-28 07:02:52,504.05,paid
4645500,116787,2025-08-16 18:39:11,362.08,paid
2843551,563394,2025-01-20 00:00:59,990.89,paid
2478673,145787,2025-07-03 10:58:14,617.92,paid
2179596,362956,2025-02-23 15:21:03,47.73,open
3466821,511241,2025-09-25 16:14:13,109.2,paid
1837307,228280,2025-03-20 06:27:49,562.09,paid
8259310,380513,2025-08-07 16:14:41,79.12,paid
8392169,295860,2025-04-18 09:12:44,68.24,paid
6232724,597040,2025-05-30 19:17:31,69.2,paid
7831176,374056,2025-09-07 16:25:53,493.4,open
754294,912387,2025-03-14 16:55:05,45.96,open
6426816,445354,2025-02-27 14:41:01,74.77,paid
659001,753247,2025-06-04 12:38:12,734.17,paid
740895,143529,2025-05-26 09:07:05,90.16,paid
4071449,792694,2025-04-23 15:58:24,939.1,paid
4985771,260885,2025-09-10 11:38:02,36.22,paid
6461460,149920,2025-04-03 12:53:27,42.58,open
5397887,822380,2025-08-16 03:28:32,289.68,open
8237712,819790,2025-08-06 13:53:15,603.89,paid
8578907,669720,2025-08-11 11:22:07,5503.58,paid
3202870,119727,2025-01-11 00:53:57,323.67,paid
8765030,218565,2025-06-15 17:54:28,49.13,paid
9942940,692735,2025-07-31 12:48:23,100.37,paid
1013682,487099,2025-06-26 14:10:02,37.78,paid
418553,475777,2025-08-09 18:26:22,49.83,paid
6181752,449827,2025-05-13 12:47:19,3188.54,paid
6919238,751454,2025-06-24 17:19:56,3077.45,paid
1829943,148986,2025-03-10 22:43:04,161.18,paid
6013858,992229,2025-09-18 22:19:38,2570.88,paid
8252264,642899,2025-08-26 08:33:53,74.31,paid
5455369,814957,2025-06-02 07:15:17,469.71,paid
1377652,255136,2025-02-21 12:43:55,97.05,paid
801620,304113,2025-03-18 08:18:22,456.31,paid
8765763,983961,2025-12-04 07:36:11,502.28,paid
2651969,182129,2025-05-10 15:41:34,469.57,paid
2149271,212090,2025-09-15 17:31:44,797.4,paid
1428695,929449,2025-03-29 04:34:35,1001.9,uncollectible
3157489,642899,2025-01-13 12:20:02,73.89,paid
2634256,686117,2025-06-14 07:05:46,78.89,paid
3014420,136409,2025-06-10 18:01:42,79.31,paid
6708343,424962,2025-03-28 14:06:48,722.16,paid
3887353,810968,2025-03-07 07:28:49,304.32,paid
8543955,200830,2025-06-11 10:36:16,543.6,paid
8288796,201572,2025-09-24 19:33:35,942.81,paid
8499266,600774,2025-08-20 07:31:18,3210.35,paid
7425380,145787,2025-05-31 16:40:25,653.37,paid
9942004,742518,2025-06-23 12:17:27,755.67,paid
9613210,383211,2025-09-12 10:55:48,824.48,paid
5301340,550131,2025-02-07 13:38:21,795.99,paid
2034316,930679,2025-06-09 11:05:19,60.82,open
1407775,516677,2025-12-01 08:52:41,227.41,open
963997,682864,2025-06-10 08:36:06,1242.33,paid
5357806,423101,2025-02-26 19:25:32,4823.51,paid
5712958,574768,2025-10-22 14:21:57,915.83,paid
368327,278870,2025-02-13 11:18:08,48.45,uncollectible
3031541,842517,2025-08-01 10:26:39,991.24,paid
1652650,819790,2025-08-18 12:47:15,640.98,paid
9910545,474120,2025-05-28 10:10:24,690.85,uncollectible
3061563,501273,2025-04-27 10:56:44,60.02,paid
13438,832207,2025-05-17 06:35:48,671.12,paid
7172391,769811,2025-12-26 18:57:21,1514.29,paid
7231336,343808,2025-04-14 07:38:51,70.16,paid
4372924,275252,2025-08-20 14:38:13,459.22,paid
8906127,346678,2025-08-11 13:08:01,379.23,paid
3222070,868446,2025-10-17 16:46:09,682.22,paid
253550,695703,2025-05-10 05:59:09,76.53,paid
2684025,358368,2025-03-23 09:32:16,46.83,paid
178287,505397,2025-01-07 12:24:08,115.4,open
5474589,120608,2025-12-25 16:39:48,51.09,paid
9533644,259726,2025-12-03 08:35:08,53.27,paid
9730496,451634,2025-03-10 22:33:43,204.3,uncollectible
862526,468130,2025-02-20 08:04:03,752.56,paid
380599,701732,2025-11-18 10:00:53,41.14,paid
1611555,663216,2025-02-14 13:17:39,361.84,paid
3809028,142057,2025-02-21 10:23:21,368.32,paid
121145,169880,2025-09-02 17:50:57,94.02,paid
1571758,493447,2025-07-21 17:52:26,2131.12,paid
1944287,918212,2025-06-21 22:44:54,4782.3,paid
5745857,265989,2025-12-29 07:30:19,45.46,paid
718081,717660,2025-10-24 14:02:10,86.49,paid
3954901,943223,2025-12-13 16:13:10,416.47,paid
8420847,248542,2025-03-03 11:27:04,33.95,paid
1169625,393007,2025-01-06 11:47:11,37.68,paid
1551600,291292,2025-10-29 10:29:49,523.39,paid
8718881,951550,2025-12-22 07:14:42,37.27,paid
1642474,669363,2025-07-01 08:30:49,45.71,paid
7177119,435506,2025-05-20 15:19:13,433.8,paid
616146,201572,2025-09-23 00:06:51,954.23,paid
8678481,182564,2025-06-08 13:17:05,62.49,paid
407723,262678,2025-06-23 11:49:48,88.49,paid
7320834,877086,2025-07-20 09:55:52,570.24,uncollectible
3463819,975689,2025-10-22 11:54:06,371.55,paid
1025736,561350,2025-04-25 10:06:56,520.18,paid
5098975,662010,2025-02-23 18:40:09,50.57,paid
2531350,479650,2025-05-24 12:43:46,79.83,paid
4343021,301959,2025-07-12 11:52:11,951.61,open
256762,537263,2025-09-25 15:43:39,691.35,paid
7257054,259984,2025-06-09 17:32:27,2106.99,open
6414668,556479,2025-07-21 09:13:11,69.21,paid
4588017,919065,2025-05-12 10:10:07,622.19,paid
8646609,504080,2025-03-31 11:32:09,79.14,paid
9006168,482349,2025-11-15 13:27:42,83.03,paid
5893377,221118,2025-02-11 07:32:31,33.65,void
51188,674609,2025-02-25 10:59:03,71.91,open
4617233,479242,2025-08-29 00:53:13,232.14,paid
8261162,869256,2025-09-09 14:51:26,76.91,paid
8518796,398032,2025-09-23 03:50:54,34.97,paid
1303467,450199,2025-05-09 18:52:32,92.92,void
939612,346678,2025-05-13 02:57:30,438.7,paid
6364874,815721,2025-06-01 11:16:58,33.25,open
326532,451436,2025-12-17 20:14:46,37.18,uncollectible
7375861,201572,2025-09-22 19:28:39,954.44,paid
9964730,444888,2025-01-21 11:16:50,751.53,paid
672119,940445,2025-05-31 20:31:21,149.81,paid
4337395,440025,2025-02-22 10:02:21,810.24,paid
6578646,558167,2025-09-23 00:48:21,1771.24,paid
7390124,465105,2025-06-23 16:35:34,49.55,paid
3828044,586841,2025-01-02 07:31:53,199.95,paid
9247963,292435,2025-10-09 13:13:42,789.89,paid
5909208,623050,2025-07-07 12:04:20,60.46,paid
2474795,663216,2025-05-07 09:46:57,361.53,paid
1745404,185683,2025-02-03 15:37:40,4934.85,paid
8928353,779884,2025-05-30 14:19:34,5000.35,paid
7564942,695658,2025-09-15 14:18:00,209.06,paid
5667801,812313,2025-08-19 07:19:33,92.49,paid
3176613,344893,2025-10-15 13:25:36,2701.55,paid
9735885,333795,2025-02-07 17:24:46,651.76,paid
2279089,437273,2025-06-27 06:23:41,36.42,paid
7220369,774503,2025-05-29 02:42:34,59.24,uncollectible
7976687,575421,2025-07-25 13:50:05,95.18,paid
9784747,757349,2025-11-25 09:10:58,13648.72,paid
8959800,976274,2025-12-13 19:21:36,873.27,paid
8910978,166599,2025-10-28 10:00:21,727.28,paid
1644764,430826,2025-09-08 19:08:29,4023.92,paid
9005569,399159,2025-12-03 16:18:19,183.01,paid
5043706,861636,2025-07-08 08:34:13,457.15,paid
7672578,479493,2025-11-02 14:34:59,103.6,paid
5451988,877086,2025-07-20 19:07:11,539.43,paid
9854893,451238,2025-04-15 14:23:45,762.73,paid
7756540,176599,2025-07-21 11:56:25,59.12,paid
9227868,809176,2025-11-20 08:14:17,622.35,paid
9843106,877896,2025-05-07 15:30:55,75.17,paid
8132661,156588,2025-10-06 14:54:28,316.73,paid
6158252,540115,2025-02-13 21:00:20,943.62,paid
5682888,414105,2025-11-23 15:29:46,71.72,paid
7428319,252591,2025-09-25 13:42:32,444.67,paid
5714826,650852,2025-02-16 12:29:23,34.49,paid
6672467,656283,2025-06-27 15:36:37,794.89,uncollectible
9079574,901636,2025-07-27 09:36:49,410.54,paid
6469650,250089,2025-12-25 07:06:04,33.78,paid
7253116,693667,2025-10-01 16:57:17,555.5,paid
7738999,663216,2025-11-23 05:03:53,368.86,paid
2786676,316635,2025-02-06 16:34:32,719.26,paid
6533647,640065,2025-01-25 13:07:52,46.99,paid
2523738,119546,2025-07-08 09:48:26,73.44,paid
7205249,952233,2025-06-06 17:05:18,563.82,paid
9884715,377902,2025-12-21 14:37:03,3831.57,paid
9970715,163603,2025-04-06 09:08:28,32.63,paid
2834592,157411,2025-12-23 11:56:11,4871.03,void
8683031,205204,2025-12-08 15:25:54,131.95,paid
8800577,929449,2025-11-20 14:01:36,967.39,paid
8848337,347163,2025-10-16 12:02:03,286.17,paid
9023761,822666,2025-11-08 16:11:03,715.78,paid
89330,537253,2025-08-27 15:57:39,36.56,paid
9110704,668250,2025-06-10 10:28:34,4258.14,paid
3030041,819946,2025-12-07 17:56:28,129.38,paid
5941451,383348,2025-08-11 11:48:28,162.3,paid
4909875,492564,2025-09-12 15:03:14,422.5,paid
5322151,316635,2025-06-23 07:38:19,722.6,open
5704957,409157,2025-09-27 09:07:30,57.74,paid
4770324,377902,2025-10-15 09:33:26,4096.89,paid
1488812,364714,2025-08-31 08:55:01,110.62,paid
1559995,896132,2025-01-01 18:48:59,94.26,paid
2431045,253647,2025-06-23 12:58:00,55.23,paid
7458011,252079,2025-05-16 10:23:49,82.52,paid
610527,577783,2025-09-23 09:48:32,743.34,paid
9524710,962615,2025-12-12 16:34:31,769.98,paid
9348393,236797,2025-05-15 10:57:45,50.97,paid
9653406,350292,2025-08-25 08:13:24,105.42,paid
2645468,847561,2025-01-01 14:28:15,80.43,paid
5295585,381306,2025-07-01 09:00:45,551.65,paid
5161580,540635,2025-05-12 10:45:37,178.65,paid
4110787,341901,2025-06-08 13:43:03,68.23,open
4885144,240194,2025-12-15 10:34:15,100.38,open
4629131,262565,2025-01-25 10:11:39,519.29,paid
5940366,656281,2025-09-23 09:17:59,241.48,paid
3268128,355983,2025-11-23 12:51:14,276.56,paid
9325103,679023,2025-12-15 16:44:39,39.06,void
3442528,277459,2025-09-17 19:41:09,149.95,paid
5538862,644475,2025-01-13 15:11:02,58.19,paid
8681868,509193,2025-02-08 10:54:59,4130.37,paid
4727735,613449,2025-11-08 07:44:32,219.02,paid
7921337,530957,2025-08-29 11:32:17,211.09,paid
7416509,863338,2025-12-30 08:12:21,445.21,paid
5450302,371884,2025-04-28 19:33:19,77.01,paid
6694380,335302,2025-07-15 09:26:03,25.19,paid
7897605,869256,2025-04-10 06:05:31,65.48,paid
1999438,615864,2025-06-28 13:55:01,580.43,paid
6362897,950959,2025-10-29 09:36:05,1164.36,paid
6705574,951176,2025-10-06 07:19:33,86.8,paid
7219201,320794,2025-06-16 14:33:34,66.37,paid
954556,445354,2025-02-17 10:16:36,74.47,open
8877995,640065,2025-02-01 09:16:12,49.24,paid
5963726,728261,2025-01-26 16:29:31,88.59,paid
6404971,985162,2025-04-15 16:20:12,137.61,paid
3204863,457960,2025-12-11 19:02:14,33.76,paid
9380439,172478,2025-04-30 15:37:50,496.44,paid
8220016,178553,2025-11-12 08:05:14,33.8,paid
3533357,818984,2025-08-18 10:49:21,1935.82,open
1280436,663683,2025-06-11 14:14:01,51.17,paid
7162908,451436,2025-04-13 10:10:39,36.73,paid
6914853,838808,2025-03-01 15:27:49,778.59,paid
4363620,975237,2025-09-11 08:39:25,481.38,paid
1522279,819199,2025-09-27 11:01:03,36.02,paid
653673,445354,2025-12-19 06:16:40,75.83,paid
6073114,513477,2025-10-05 00:30:59,818.14,paid
7782569,244780,2025-03-14 15:51:22,5299.56,paid
9870969,537263,2025-09-25 18:26:00,611.87,paid
5593504,606858,2025-11-05 15:37:21,66.48,paid
1586411,686652,2025-05-29 08:22:03,67.62,paid
4429166,954668,2025-11-21 07:24:31,401.09,paid
5944072,686916,2025-08-06 18:51:40,3696.84,uncollectible
5234482,825599,2025-06-03 08:22:34,82.76,paid
4383566,381513,2025-08-17 16:57:57,37.55,paid
1265718,996819,2025-05-04 17:58:57,1744.43,paid
2980817,667992,2025-09-03 10:46:50,4417.55,paid
9930887,805943,2025-12-19 20:18:43,46.58,paid
2964298,379610,2025-05-15 12:20:12,21.66,paid
9208877,245270,2025-08-15 06:27:32,23.7,paid
6302365,245051,2025-06-05 21:29:30,297.14,paid
7250982,746335,2025-10-21 07:40:57,46.25,paid
9392909,620640,2025-11-25 09:06:42,481.93,paid
7758666,225784,2025-08-26 17:59:31,5295.79,paid
4294891,819946,2025-05-07 11:08:42,113.59,paid
9877123,789095,2025-01-22 16:08:01,64.13,paid
6499286,310019,2025-10-22 05:22:12,2335.83,paid
8415342,834134,2025-06-13 10:48:47,38.84,paid
3400940,931016,2025-11-19 06:24:38,279.44,paid
6349993,454905,2025-08-04 10:08:41,47.93,paid
771808,203708,2025-05-03 00:53:50,569.9,paid
6113493,961788,2025-05-13 21:08:48,39.07,paid
9107209,970778,2025-08-25 09:57:45,652.06,paid
7350825,580435,2025-04-23 11:51:47,559.99,uncollectible
1680524,714944,2025-12-19 09:26:35,726.53,paid
4930431,106212,2025-06-23 12:47:43,3209.91,open
3102322,662390,2025-09-20 15:57:10,122.68,paid
6340464,533010,2025-04-14 16:19:26,252.31,paid
3339076,750844,2025-04-29 09:56:23,734.52,paid
9328982,813618,2025-07-28 21:19:24,23.31,paid
4258816,586292,2025-09-09 01:34:11,35.65,paid
7981803,550912,2025-04-23 09:01:41,59.61,paid
1290521,416704,2025-03-08 16:01:12,83.18,paid
5285921,166599,2025-05-12 11:10:37,625.21,paid
4487111,203708,2025-06-22 17:21:06,580.85,paid
6198075,508782,2025-01-26 08:51:21,67.21,paid
3707464,157478,2025-08-05 15:48:35,44.2,paid
7339990,315118,2025-03-02 10:33:27,3779.1,paid
8739754,452579,2025-01-20 09:59:17,102.17,paid
5817641,976274,2025-05-09 17:26:53,875.6,paid
9834675,784693,2025-11-09 15:49:01,306.51,paid
134983,140321,2025-10-30 11:46:26,419.03,paid
2607345,685576,2025-10-25 09:51:39,258.82,paid
6604050,129289,2025-08-10 11:37:52,22.84,paid
6506352,847327,2025-07-08 08:54:08,723.59,paid
4939645,989157,2025-11-10 17:13:37,99.96,paid
971629,339409,2025-09-20 22:47:44,75.57,paid
9599863,684083,2025-12-05 13:50:16,46.7,paid
5457094,820834,2025-09-24 17:26:40,648.83,paid
3508469,240194,2025-04-23 17:56:42,112.62,paid
9606380,668250,2025-01-18 13:22:15,4238.18,paid
5631976,674609,2025-10-18 15:17:24,68.49,paid
6408407,444888,2025-11-16 12:33:59,763.54,paid
8183204,561622,2025-12-19 07:51:49,37.75,paid
5918072,676614,2025-12-08 10:53:56,361.27,paid
5214398,696751,2025-04-24 07:22:31,77.6,uncollectible
7205402,832722,2025-10-19 12:30:20,1787.1,paid
1022769,499802,2025-08-24 18:31:19,85.8,paid
709598,241116,2025-05-12 15:28:22,48.89,paid
2842592,662390,2025-03-30 10:29:27,110.23,paid
1133516,236391,2025-03-27 10:27:28,3850.34,paid
4835601,531301,2025-05-25 15:28:11,37.8,paid
9760457,805850,2025-12-15 16:53:21,389.15,paid
4122308,383347,2025-05-16 07:47:46,82.44,paid
139080,995934,2025-09-26 08:37:45,299.57,paid
5160947,870271,2025-02-05 12:31:49,57.49,paid
2880045,749288,2025-01-08 11:05:02,2035.57,paid
4576308,675863,2025-06-14 15:36:02,464.8,paid
1378785,686652,2025-08-07 15:58:57,71.99,paid
5355683,572896,2025-11-12 13:09:18,51.98,paid
9948772,424962,2025-05-22 10:19:33,824.79,paid
2675972,734042,2025-01-28 13:51:49,54.95,paid
2986133,540115,2025-01-21 13:32:05,946.08,paid
8254813,761986,2025-04-25 14:23:40,3422.4,paid
8395820,203860,2025-04-15 16:16:59,611.18,paid
3070892,175177,2025-02-07 23:23:55,31.98,paid
5516329,967030,2025-05-25 12:49:56,536.61,paid
2268290,660322,2025-11-10 16:22:16,521.94,paid
9178916,495640,2025-03-21 09:55:45,103.34,open
6149584,439406,2025-05-26 09:42:27,110.92,paid
3958590,343808,2025-06-16 15:36:07,65.04,paid
8801795,301959,2025-01-04 18:53:41,824.28,paid
3827296,708315,2025-09-16 09:25:38,36.87,paid
415875,626504,2025-05-14 08:29:03,121.76,open
316168,785078,2025-04-14 14:57:50,71.93,paid
1639121,645195,2025-08-10 07:08:53,34.17,paid
4767710,523028,2025-02-07 19:10:58,64.91,paid
5144858,833504,2025-03-17 07:41:20,3686.06,paid
3794897,316635,2025-10-26 12:17:57,823.85,paid
8778568,811779,2025-11-02 14:50:31,87.4,paid
1182163,313943,2025-04-22 01:11:55,1020.06,paid
7357247,822666,2025-07-04 02:21:56,730.58,paid
9462809,956011,2025-12-30 18:15:27,486.24,paid
1738529,723768,2025-12-03 22:01:00,435.31,paid
2296733,164080,2025-12-22 14:06:08,55.34,paid
8924772,731867,2025-06-06 09:17:20,742.18,paid
29105,739777,2025-07-30 13:57:31,1187.33,paid
2617761,775527,2025-05-28 21:21:39,2308.17,paid
3908291,537536,2025-05-21 08:51:00,331.4,paid
8564628,133896,2025-03-03 04:18:04,2680.85,paid
1932113,897529,2025-05-21 08:51:05,23.08,paid
4340196,642899,2025-07-15 08:15:05,70.56,void
4418197,793847,2025-10-31 12:51:59,622.63,paid
8117016,970221,2025-08-06 06:53:44,52.54,paid
5961134,400628,2025-03-06 17:29:12,34.36,paid
5406584,550912,2025-08-19 18:28:39,63.31,paid
3998829,622939,2025-07-04 22:40:11,549.41,paid
613224,611661,2025-10-22 17:05:57,56.64,paid
2150561,962615,2025-01-25 10:47:13,782.06,paid
3184471,269785,2025-04-28 18:43:35,677.83,paid
9003882,791209,2025-07-08 14:45:35,80.67,paid
9147205,665974,2025-02-16 09:08:28,32.69,paid
1427634,341901,2025-09-06 09:47:53,69.52,paid
4960675,540749,2025-01-05 21:09:20,21.69,paid
1640243,656281,2025-08-23 17:50:48,236.3,paid
3005535,667992,2025-09-02 21:56:14,4928.58,paid
8595280,423101,2025-05-13 17:03:46,4448.88,paid
7007063,983167,2025-08-31 09:22:00,918.59,paid
4125101,818654,2025-07-22 12:07:47,86.72,paid
1870003,400628,2025-03-19 16:34:15,39.98,paid
312764,505397,2025-05-07 16:01:18,106.19,paid
3456922,600525,2025-08-23 18:47:24,1199.42,paid
3736447,640065,2025-07-25 17:57:14,43.07,paid
2685183,938137,2025-11-17 09:54:10,702.43,paid
93952,189198,2025-05-20 07:41:22,12.35,paid
4701029,203860,2025-05-14 10:40:23,550.75,uncollectible
324830,185683,2025-01-19 00:11:49,5371.64,paid
5341001,862228,2025-10-19 17:54:06,22.09,paid
9733230,742834,2025-03-05 13:47:39,98.48,paid
5314053,141893,2025-09-22 08:27:37,54.54,paid
2793421,832087,2025-05-19 23:34:33,344.98,paid
5602082,746335,2025-08-02 10:04:11,49.56,paid
9443828,726509,2025-01-20 05:06:30,85.52,paid
2616254,558269,2025-08-25 05:28:11,14067.16,paid
1528312,919974,2025-08-15 13:36:18,2857.09,paid
9838597,359748,2025-03-19 00:38:02,631.95,paid
8822874,870241,2025-06-24 14:09:46,35.93,paid
4749373,288393,2025-11-30 13:07:05,409.33,paid
4881987,819199,2025-01-24 13:40:10,37.0,paid
7631818,888943,2025-08-23 23:32:01,38.94,paid
2484060,260444,2025-07-30 15:45:02,699.2,paid
988077,713866,2025-01-05 12:20:31,647.36,paid
4244339,713834,2025-03-13 17:42:26,41.36,paid
344619,992844,2025-07-20 08:57:02,306.51,paid
2427670,213004,2025-09-03 15:13:49,75.79,paid
5791168,150144,2025-02-08 18:34:31,153.12,paid
8220252,580435,2025-02-14 11:24:23,596.09,paid
3756591,557850,2025-03-06 21:01:47,4635.52,paid
5770315,468400,2025-12-30 13:45:52,4564.95,paid
9958523,692089,2025-12-09 14:52:20,798.38,paid
3471628,988184,2025-07-12 00:02:43,1629.24,open
7973592,368540,2025-08-23 17:21:10,77.01,paid
8821129,511470,2025-08-26 13:17:10,4242.36,paid
8739616,363319,2025-02-27 09:10:39,32.23,paid
9626692,968396,2025-06-10 06:04:14,65.77,paid
360952,866791,2025-06-08 17:34:09,33.24,paid
4140720,424962,2025-09-24 12:16:57,701.32,paid
293765,473607,2025-04-05 14:52:30,34.8,paid
6466039,593883,2025-07-06 12:01:19,31.62,paid
1149764,341901,2025-02-24 11:41:16,74.32,open
4314929,619995,2025-09-10 12:02:22,36.09,paid
7954921,641276,2025-08-29 14:50:43,176.22,paid
1220724,282693,2025-02-09 01:35:06,35.35,paid
6031836,751178,2025-09-25 08:25:18,2116.57,paid
2742532,708315,2025-04-26 10:59:39,32.81,paid
508788,262644,2025-04-01 15:09:28,1197.1,paid
2249549,653379,2025-09-11 06:26:05,332.62,paid
219934,877086,2025-07-20 15:40:06,583.65,paid
2013265,436381,2025-10-08 09:52:09,58.73,paid
3932413,228499,2025-07-23 09:09:16,37.69,paid
3737807,575382,2025-11-23 02:02:37,896.39,paid
9392489,660322,2025-02-13 08:03:08,408.46,paid
828499,847327,2025-02-17 14:58:26,816.97,paid
7580630,734042,2025-02-21 09:03:34,54.12,paid
6855320,989157,2025-06-03 10:25:07,98.28,paid
2665791,809176,2025-04-20 01:36:05,649.03,paid
416249,629593,2025-11-21 13:16:16,2722.26,paid
8205090,661816,2025-06-14 12:56:17,424.29,paid
6153548,416704,2025-03-04 15:35:19,89.28,paid
1877022,185683,2025-09-27 11:48:04,4749.19,paid
1893568,629593,2025-06-06 01:53:24,2322.33,paid
6085506,116626,2025-07-08 07:54:16,3638.31,paid
8183518,909042,2025-03-11 15:38:29,51.65,paid
9196472,908690,2025-12-14 17:31:01,805.11,paid
3947627,543184,2025-05-02 16:34:12,46.48,paid
2900813,704441,2025-08-19 01:32:29,800.02,open
3606590,499802,2025-02-19 09:40:11,89.92,paid
5564411,646333,2025-09-16 10:21:17,58.75,paid
9036958,370589,2025-03-11 20:45:48,595.01,paid
9735500,992844,2025-10-19 08:13:07,310.68,paid
3361769,270148,2025-02-17 18:27:49,923.21,paid
4608382,511879,2025-10-22 07:14:01,670.0,paid
9301376,863793,2025-05-29 07:38:55,95.37,paid
2455825,693667,2025-04-26 08:45:27,547.26,paid
2857376,744158,2025-07-15 14:23:56,999.82,paid
3496844,320794,2025-04-17 15:37:40,59.02,paid
3989264,611661,2025-02-14 08:41:09,52.81,paid
8518146,196331,2025-07-08 09:43:58,1094.34,paid
8041882,333840,2025-03-18 02:41:33,3215.89,paid
2174343,105052,2025-11-26 11:21:06,1076.53,paid
2842981,181128,2025-10-11 11:35:21,522.86,paid
3804129,749288,2025-12-04 11:35:06,1814.32,paid
125065,700790,2025-05-09 15:57:41,45.63,paid
1523429,125807,2025-11-04 07:52:36,600.75,paid
7978037,196847,2025-07-21 10:44:03,2828.94,paid
8769689,140321,2025-09-01 09:04:11,414.41,paid
6073752,353158,2025-05-16 08:42:24,1827.41,paid
2449581,779156,2025-09-15 15:19:09,556.82,paid
4727160,119727,2025-01-11 09:45:03,315.71,paid
1714608,379610,2025-01-29 17:13:35,24.74,paid
5787346,515718,2025-02-11 16:40:39,388.83,paid
8904979,172596,2025-12-04 19:04:08,324.2,paid
2764129,772957,2025-11-27 14:32:26,534.98,paid
8393038,620725,2025-08-17 09:35:47,45.55,paid
5641602,203708,2025-08-29 16:40:37,577.35,paid
9806585,839782,2025-03-06 19:23:59,1717.32,uncollectible
7561269,969783,2025-08-16 08:41:36,573.74,paid
5272091,157478,2025-08-07 09:08:52,47.0,paid
8669296,574768,2025-06-22 15:41:22,913.76,open
1733954,726509,2025-03-12 21:09:42,81.59,paid
1997972,196541,2025-01-25 08:31:01,35.95,paid
5952313,269054,2025-06-03 12:00:39,77.15,paid
748912,706802,2025-08-13 11:55:01,628.37,paid
5106609,992844,2025-10-22 15:23:53,277.76,paid
1813109,343808,2025-06-20 13:14:20,69.36,paid
9715792,983961,2025-06-10 01:19:36,499.22,paid
221902,262644,2025-03-09 13:11:03,1215.46,paid
5518702,298901,2025-01-01 12:26:55,68.04,paid
6749693,143529,2025-03-21 01:34:23,89.1,void
4402242,232159,2025-07-09 14:04:22,2737.19,paid
1385379,373043,2025-11-02 08:48:50,38.4,paid
2095029,907406,2025-04-11 07:19:38,35.28,paid
6842870,383211,2025-08-19 10:16:44,775.98,void
9606253,713907,2025-06-22 16:09:30,45.31,paid
670348,301631,2025-03-18 05:13:31,403.79,paid
2276780,676881,2025-11-20 10:31:11,34.64,paid
7253775,872118,2025-03-15 17:14:29,8135.25,paid
7948515,427620,2025-07-24 16:30:08,738.86,paid
7943810,944315,2025-12-19 08:40:14,1807.73,paid
8937573,914996,2025-05-02 15:17:50,765.83,paid
334517,278618,2025-10-19 07:27:40,686.32,paid
1608630,473143,2025-10-08 17:58:08,117.05,paid
6195428,474008,2025-03-04 15:34:53,911.9,paid
6538057,912127,2025-12-20 05:07:01,1882.68,paid
8501597,618509,2025-06-28 12:13:39,600.52,paid
9335639,530957,2025-01-07 08:20:14,200.55,paid
8940130,727732,2025-11-10 09:08:48,53.66,paid
446883,445354,2025-07-17 16:14:17,74.16,paid
778736,139506,2025-05-06 14:16:11,47.96,paid
4450849,511879,2025-10-20 05:13:16,745.27,paid
1498596,644920,2025-10-27 18:09:12,537.52,paid
397614,789095,2025-07-23 09:08:35,69.82,open
1405584,865183,2025-06-10 11:04:48,2932.11,paid
1193587,288150,2025-08-23 09:38:37,306.71,paid
2565879,182485,2025-09-12 14:02:25,155.89,paid
9414813,250089,2025-07-05 08:20:51,37.31,open
7171914,901636,2025-04-05 09:24:11,401.05,paid
2548743,351485,2025-09-15 12:21:32,12.27,paid
7007973,848871,2025-10-04 19:18:02,71.1,paid
150281,142260,2025-06-21 13:34:58,6009.29,paid
6612319,938205,2025-03-08 09:40:45,117.88,paid
2696431,593883,2025-10-18 09:07:31,33.88,paid
3966464,277459,2025-08-24 09:13:57,139.2,paid
6102652,129145,2025-07-25 07:36:17,697.56,paid
9146218,479650,2025-05-09 09:34:48,80.82,paid
1008030,772806,2025-05-18 15:05:03,81.87,paid
6859989,301501,2025-03-13 15:34:05,649.59,void
6032763,317879,2025-08-31 09:57:39,63.14,paid
3040627,457960,2025-12-15 16:23:58,34.08,paid
8376765,861024,2025-05-26 09:27:24,835.34,paid
3622636,625558,2025-07-26 11:08:14,69.29,paid
6006382,902628,2025-07-18 13:41:02,3263.35,paid
160349,942582,2025-01-04 08:56:58,22.26,paid
5405867,597746,2025-04-24 14:15:09,73.28,open
2809285,278077,2025-07-03 08:52:47,232.27,paid
869092,177341,2025-08-10 08:27:39,106.82,paid
3045147,428057,2025-09-22 08:20:20,48.58,paid
3339535,866791,2025-07-27 09:32:36,35.39,paid
9511636,269728,2025-09-15 09:26:40,3591.71,paid
7465863,387432,2025-09-16 10:13:36,493.49,open
1758671,105131,2025-01-11 08:38:35,40.41,paid
2397389,726509,2025-03-29 14:11:58,75.37,paid
5623149,454905,2025-03-07 16:15:10,49.01,paid
276397,662010,2025-02-23 17:25:22,53.59,paid
6368187,334270,2025-10-08 17:05:31,2927.23,paid
4210946,997844,2025-11-15 14:38:59,6634.04,paid
2810042,511879,2025-11-03 11:00:22,727.8,paid
7189115,444888,2025-05-23 09:39:53,795.9,paid
4191779,895559,2025-08-03 03:53:23,644.21,paid
254491,863338,2025-06-15 15:38:13,356.39,paid
7310345,805099,2025-09-05 09:06:26,35.35,paid
9671876,597592,2025-02-04 01:56:32,398.95,paid
8724819,133896,2025-12-07 09:17:18,2296.97,paid
5696738,198116,2025-07-22 11:03:22,865.27,paid
5126048,245218,2025-08-29 00:49:51,1565.98,paid
4730698,196472,2025-05-08 10:53:29,556.11,paid
7943523,110911,2025-02-05 09:50:40,36.15,paid
9222904,381306,2025-09-28 11:54:28,515.92,paid
9008873,997844,2025-08-12 13:05:16,6106.77,paid
9936963,419173,2025-09-18 12:02:12,4077.58,paid
8929109,416221,2025-03-31 14:12:34,4337.72,paid
2535613,370589,2025-06-18 10:54:03,623.48,paid
9513128,425690,2025-07-11 15:48:30,34.89,paid
3290463,211956,2025-05-07 11:43:24,299.16,paid
8164981,430826,2025-09-08 11:33:14,4121.33,paid
9145361,153122,2025-09-06 16:27:25,50.92,paid
777617,751454,2025-11-25 13:58:07,2766.61,paid
2272423,942304,2025-05-14 10:12:00,5217.5,paid
1353344,219926,2025-04-16 07:16:46,3340.8,paid
295230,633095,2025-03-30 06:34:54,1166.19,paid
79882,684083,2025-06-26 03:36:27,45.56,paid
8650716,391164,2025-05-12 19:53:08,22.67,paid
2587692,908690,2025-04-19 18:07:25,859.72,paid
7996820,391958,2025-05-14 09:57:21,37.35,paid
2019318,216530,2025-02-10 07:21:37,82.02,paid
1110695,991768,2025-08-01 00:54:23,66.32,paid
3295969,817805,2025-06-30 21:51:35,546.66,paid
1778882,383211,2025-06-24 19:45:55,852.25,open
7369872,908690,2025-10-26 07:22:29,865.74,paid
8048555,645195,2025-11-23 23:52:22,32.88,paid
5058200,751207,2025-05-22 16:58:12,46.73,paid
1357678,428057,2025-08-02 20:51:11,57.19,paid
6945603,116626,2025-02-21 12:58:01,3651.75,paid
5208202,353111,2025-04-08 13:05:43,642.58,paid
2496926,108606,2025-08-17 09:55:45,543.03,paid
8272665,772957,2025-01-14 13:07:28,600.78,paid
8591007,361379,2025-07-29 07:24:17,941.41,paid
2977156,686916,2025-06-14 14:36:57,3874.58,paid
6209070,761571,2025-10-03 07:12:19,57.82,paid
483328,729073,2025-11-07 15:54:44,583.43,void
8957101,172596,2025-10-24 19:10:12,320.85,paid
8330662,539755,2025-04-13 05:44:45,23.81,paid
8322104,370589,2025-08-21 11:05:41,579.07,open
6939178,951550,2025-12-27 14:23:44,34.25,paid
263987,406504,2025-12-08 16:42:51,3131.2,paid
3708636,395222,2025-08-09 09:41:09,203.21,open
640325,290492,2025-08-22 08:02:24,105.01,paid
9001655,142057,2025-04-17 09:53:30,395.21,paid
1593627,672009,2025-03-06 14:48:34,1169.84,paid
7185171,516432,2025-12-29 18:17:41,620.54,paid
9776928,351485,2025-02-02 12:54:54,11.56,paid
505382,826663,2025-05-15 13:31:29,2432.88,paid
3342859,565930,2025-07-29 16:32:29,720.98,paid
4914154,919775,2025-07-10 15:30:52,603.03,paid
9080007,962759,2025-11-20 12:10:29,83.17,paid
5398663,566579,2025-10-14 18:30:21,2389.38,paid
441134,554336,2025-06-06 09:52:10,37.67,paid
2212476,499802,2025-05-27 15:00:11,92.3,paid
2603838,736270,2025-02-13 07:47:35,5066.59,paid
2455571,975101,2025-06-19 16:49:29,55.28,paid
7461162,865765,2025-10-06 06:33:44,118.26,paid
594825,232421,2025-07-20 15:18:15,827.63,paid
1440062,938120,2025-03-14 07:14:56,213.38,paid
5505123,391958,2025-02-26 10:21:30,39.74,paid
9163104,424962,2025-09-18 17:34:03,696.53,paid
4251727,783281,2025-01-23 15:33:21,32.83,paid
4974822,265516,2025-04-25 19:38:02,153.1,paid
1656758,549691,2025-08-31 12:17:14,579.4,paid
8021170,253221,2025-12-30 09:23:04,122.34,paid
6033467,912127,2025-05-04 07:00:46,1907.26,paid
7241186,577783,2025-06-12 08:42:15,722.42,paid
1755385,761986,2025-07-19 22:37:04,3528.72,paid
1800515,852560,2025-08-10 11:37:03,629.62,paid
3869467,209680,2025-09-09 11:31:11,40.64,paid
3740796,676397,2025-04-18 08:42:58,1080.46,paid
7813427,634053,2025-04-14 18:45:05,2613.6,paid
1469927,133896,2025-06-28 14:58:29,2717.36,paid
9103050,806501,2025-09-14 13:06:37,401.41,paid
4441434,591895,2025-07-16 22:33:05,111.46,paid
418034,383347,2025-12-16 16:37:00,84.34,paid
4426812,250089,2025-03-24 08:49:21,35.64,paid
5668986,679825,2025-09-18 13:30:14,3030.56,paid
2207928,759736,2025-05-20 20:39:15,498.65,paid
1321010,902347,2025-10-16 22:49:40,3145.67,paid
7042679,441792,2025-11-25 12:44:31,679.75,paid
269160,896894,2025-07-08 18:15:51,1684.62,paid
9647371,252591,2025-04-09 09:41:26,446.91,paid
624973,574768,2025-06-11 13:46:42,847.26,paid
4735131,925203,2025-04-17 16:58:03,38.39,paid
6541845,201572,2025-10-01 10:57:08,926.55,paid
4541474,799901,2025-08-15 14:40:13,682.59,paid
9190612,706802,2025-01-13 13:59:03,631.64,paid
6437915,440025,2025-02-13 12:13:22,885.69,paid
9620826,526874,2025-07-11 11:34:11,1013.48,paid
1746785,250471,2025-06-09 21:18:11,104.99,paid
1550341,870271,2025-05-10 13:02:16,61.43,paid
3237772,402163,2025-06-15 17:30:58,65.83,paid
3025425,554336,2025-10-02 22:52:55,34.68,paid
4344256,110861,2025-04-28 12:35:11,71.58,paid
4427181,744158,2025-11-20 08:53:56,1024.75,paid
8326362,692735,2025-02-13 00:37:03,89.15,open
8551031,479649,2025-02-13 18:33:29,46.88,open
7710323,275252,2025-07-31 17:22:28,503.22,paid
1753695,662390,2025-07-12 14:41:12,136.75,paid
4473946,902662,2025-09-07 21:50:42,39.67,open
9147624,988184,2025-11-07 16:55:38,1692.62,paid
5867590,119727,2025-09-23 08:49:36,318.08,paid
8876636,423101,2025-05-02 15:14:00,5323.09,paid
1203539,499701,2025-07-15 10:05:59,254.22,paid
3974960,140321,2025-07-04 14:08:05,424.78,paid
2449701,599502,2025-03-19 14:10:32,60.62,paid
9815173,620446,2025-05-13 12:06:00,36.23,paid
563686,176018,2025-10-08 08:39:54,588.41,paid
3039556,395913,2025-11-20 13:58:52,313.21,paid
7704456,676881,2025-03-29 21:28:42,35.43,paid
4390875,417940,2025-07-07 23:12:53,70.7,paid
9305055,341901,2025-01-25 04:25:51,71.04,paid
71564,406504,2025-07-24 21:30:49,2818.29,open
1114203,462638,2025-03-24 12:38:57,5860.68,paid
4741109,301631,2025-12-17 13:17:09,444.99,paid
1963950,779156,2025-11-14 11:05:22,659.51,paid
9205532,928274,2025-01-18 12:17:16,507.7,paid
4456513,283866,2025-09-23 18:58:45,3224.89,paid
9064754,201117,2025-06-19 16:47:55,721.65,paid
3657020,487420,2025-11-07 07:31:39,604.74,paid
7261770,646309,2025-10-11 21:12:23,352.34,void
8236010,232216,2025-05-07 20:24:52,39.76,paid
7993006,466636,2025-01-15 10:19:41,127.63,paid
8081613,649882,2025-03-10 11:11:57,86.08,paid
3688137,363409,2025-08-23 06:25:13,720.46,paid
9740371,575382,2025-08-13 14:39:52,860.48,paid
2860334,859443,2025-08-24 18:12:51,19208.46,paid
378520,649261,2025-02-11 10:15:56,544.06,paid
2010201,740262,2025-11-25 14:14:42,63.04,paid
2033118,789095,2025-03-24 15:12:36,78.42,paid
3937100,366471,2025-06-01 14:45:31,500.23,open
6238111,278077,2025-10-06 12:44:46,240.49,paid
6912812,705149,2025-07-10 02:41:27,105.28,paid
6524339,642899,2025-09-21 11:38:58,69.23,paid
2327794,321951,2025-04-25 14:35:31,34.92,paid
6166753,621112,2025-02-27 14:56:50,4233.5,paid
7803043,753247,2025-12-21 13:24:06,716.62,paid
278685,441844,2025-04-23 13:46:28,656.96,paid
3205867,613197,2025-07-25 15:20:19,951.22,paid
3159442,873654,2025-08-01 21:01:43,3888.04,paid
5205609,213004,2025-03-09 15:55:59,84.47,paid
5941712,517368,2025-10-02 08:24:51,4988.87,paid
383379,372540,2025-10-09 12:11:11,1457.52,paid
1371273,440025,2025-12-09 13:56:03,838.65,paid
7017025,271150,2025-06-24 21:50:55,307.06,paid
3958401,141893,2025-02-21 14:41:23,58.49,paid
5475695,179746,2025-04-06 16:05:10,38.77,paid
9504742,515850,2025-07-07 08:46:18,65.76,paid
825763,523028,2025-03-29 10:53:31,56.83,paid
483458,269785,2025-11-19 08:28:49,601.37,paid
7607913,713834,2025-12-24 16:11:59,45.14,paid
936267,821114,2025-10-07 10:40:03,446.47,paid
8188637,796619,2025-01-31 19:38:49,474.64,paid
5982236,110840,2025-04-21 07:53:55,2634.89,paid
6426110,450789,2025-10-31 10:51:38,2648.24,paid
4069601,516677,2025-11-07 07:24:18,240.34,paid
9269242,179049,2025-04-22 10:28:51,362.13,paid
6053086,424962,2025-11-28 10:01:03,725.53,paid
4361203,417896,2025-09-08 09:07:06,603.9,paid
6440099,910761,2025-09-29 09:04:36,3103.87,open
2959633,729870,2025-10-25 15:40:29,277.38,paid
695647,684543,2025-07-29 00:59:58,93.68,open
3734403,909042,2025-08-30 17:27:40,47.53,paid
6706161,549442,2025-01-17 11:52:01,3815.98,paid
2368524,235164,2025-07-26 15:13:10,1114.66,paid
8474957,507445,2025-08-12 15:31:12,632.73,paid
8184471,617646,2025-12-03 09:49:06,357.27,paid
8234274,669363,2025-08-08 09:47:58,49.56,paid
2276764,205373,2025-03-26 18:09:08,1459.07,paid
9949801,505397,2025-08-17 15:49:23,99.68,paid
5203550,572896,2025-12-18 12:38:12,52.22,uncollectible
7075291,291292,2025-06-26 10:47:49,544.9,paid
2632969,171014,2025-03-20 18:06:30,38.23,paid
3444944,339830,2025-01-28 16:46:56,3085.95,paid
48390,284686,2025-06-29 19:15:06,49.65,paid
820529,119663,2025-10-15 14:53:08,3653.75,paid
1830893,692863,2025-04-02 15:08:12,89.94,paid
161741,845929,2025-11-09 16:17:15,49.6,paid
3446887,787646,2025-09-24 06:36:56,682.05,paid
319641,680171,2025-01-20 08:31:17,70.19,paid
4360041,284939,2025-10-21 19:02:23,77.81,paid
3753920,232421,2025-06-13 14:48:22,821.46,void
2861137,329586,2025-10-17 18:26:23,645.43,paid
7168074,951550,2025-10-05 14:39:23,36.52,paid
8040112,451436,2025-12-10 14:26:58,37.68,paid
2385349,486582,2025-11-08 14:45:32,73.97,uncollectible
7764108,406504,2025-07-24 21:35:17,2786.77,paid
5191633,726509,2025-09-28 16:24:10,91.35,paid
9066704,192010,2025-09-20 21:25:41,3122.15,paid
5250409,284692,2025-05-20 12:49:10,858.52,paid
3301610,695703,2025-02-24 07:31:41,71.3,paid
7972677,145787,2025-08-19 11:54:53,599.02,paid
4832316,395222,2025-09-05 13:02:09,208.2,paid
6271448,917868,2025-11-15 18:59:12,75.61,paid
3329419,985138,2025-09-26 10:11:27,1828.8,paid
1568443,228567,2025-06-09 10:24:30,652.81,paid
4369864,526700,2025-04-23 15:55:40,63.99,paid
4646031,983167,2025-09-09 17:37:26,885.67,paid
8554670,176018,2025-10-27 16:02:00,691.78,paid
3822351,189198,2025-10-24 18:41:41,11.77,paid
6281393,558918,2025-12-21 08:39:00,927.96,paid
3108050,216530,2025-01-27 13:34:45,86.88,paid
2024776,358468,2025-05-23 21:10:46,361.03,paid
692787,291773,2025-12-30 05:49:58,75.3,paid
8115056,498799,2025-02-13 10:45:46,420.12,paid
1145092,271313,2025-04-26 09:12:32,901.53,paid
1033416,560307,2025-11-08 21:17:24,35.81,paid
5757012,985138,2025-07-16 16:13:05,2037.9,paid
2737048,176018,2025-04-02 21:48:12,688.95,paid
5096330,302066,2025-08-09 00:02:03,85.53,paid
1405217,179049,2025-09-27 10:51:58,345.39,paid
2655872,682986,2025-04-30 14:14:56,138.34,paid
5261415,942582,2025-04-14 08:52:27,23.3,paid
3427427,449827,2025-05-13 14:28:02,2879.63,open
4267147,874742,2025-10-03 12:12:44,1006.7,paid
2762117,731867,2025-09-16 06:57:46,701.84,paid
556025,649882,2025-04-15 10:35:19,78.97,paid
2204123,284692,2025-09-14 16:08:56,842.53,open
492246,197488,2025-09-02 10:27:58,423.93,paid
8799970,733368,2025-12-19 13:14:30,49.42,paid
64765,156588,2025-12-12 18:05:06,314.9,paid
8254913,379248,2025-07-30 09:48:58,3096.48,paid
2091575,318147,2025-08-25 13:08:01,34.72,paid
2653956,182485,2025-11-25 14:48:17,132.37,paid
5174950,125807,2025-11-18 10:51:20,552.32,open
4266801,124671,2025-04-23 16:03:12,438.36,paid
4705373,603842,2025-04-22 12:37:43,73.7,paid
5161446,967030,2025-05-21 13:11:35,493.75,paid
9265762,741646,2025-03-18 12:33:21,775.45,paid
905270,537253,2025-08-27 11:06:57,35.62,open
2239757,363319,2025-01-03 09:10:58,35.08,paid
5010359,757684,2025-07-14 10:32:20,74.94,paid
5725274,349808,2025-12-29 06:26:23,433.04,paid
8245745,632926,2025-08-06 16:47:41,1077.55,paid
799089,876324,2025-11-11 07:44:16,2174.16,paid
9351123,345955,2025-01-11 11:19:05,388.99,paid
5103705,236797,2025-10-08 09:03:36,45.44,open
5816614,424994,2025-11-07 14:51:36,3109.9,open
7549325,854467,2025-11-13 16:59:33,635.83,paid
4953678,139051,2025-08-25 17:48:32,34.98,paid
2165598,636784,2025-03-15 05:02:45,490.48,paid
4796677,877086,2025-09-06 14:52:41,527.17,uncollectible
8384845,874496,2025-02-23 13:50:30,1463.53,paid
4189874,768193,2025-10-10 09:57:51,778.55,paid
4634341,517173,2025-05-31 21:03:09,192.91,paid
3940970,221118,2025-01-09 14:29:42,35.4,paid
439,647116,2025-05-13 14:32:39,841.45,paid
1079305,441792,2025-07-01 20:04:48,674.66,paid
1649002,423101,2025-10-01 13:03:47,4313.78,paid
6052111,914638,2025-06-27 22:16:33,86.07,paid
1542412,618509,2025-10-20 12:03:08,584.56,paid
4469393,930786,2025-01-21 15:18:44,573.93,paid
9546014,875061,2025-08-26 16:15:36,100.48,paid
4934955,336143,2025-10-28 15:57:07,22.29,paid
4450667,118279,2025-11-13 16:08:30,552.45,paid
9682654,102220,2025-09-16 07:28:10,313.45,paid
2903335,613449,2025-11-28 17:41:24,251.5,paid
8049233,491474,2025-06-14 09:59:18,2456.51,paid
5449088,753247,2025-07-16 08:05:04,682.16,paid
4711871,888943,2025-09-19 16:37:43,35.19,paid
6395599,475777,2025-10-20 08:39:48,49.66,paid
2171081,158251,2025-07-15 09:27:30,660.23,paid
7518686,693667,2025-06-06 10:26:21,548.22,paid
4855107,761571,2025-06-24 17:46:32,57.21,paid
1050894,750386,2025-07-04 01:54:16,46.35,paid
6019489,412468,2025-07-15 11:17:03,46.17,paid
1256300,515850,2025-10-05 06:37:18,64.38,paid
2011768,917868,2025-09-24 02:43:09,61.09,paid
6528756,247268,2025-10-19 15:26:39,517.76,paid
1601569,291292,2025-09-29 12:05:29,527.23,paid
2020420,332026,2025-04-12 05:34:56,33.98,open
8022937,491257,2025-02-17 09:25:12,597.0,paid
3796905,181128,2025-01-23 16:04:59,578.67,paid
5307652,487420,2025-01-13 08:15:35,541.33,paid
6692663,831195,2025-02-05 12:43:27,1042.65,paid
7519799,119727,2025-09-08 09:55:37,329.49,paid
4460937,118279,2025-09-25 09:56:03,606.46,open
2638159,144659,2025-01-22 13:54:35,567.48,open
2186915,574882,2025-08-23 13:51:22,70.85,paid
61597,331311,2025-08-20 02:37:09,830.51,paid
7435034,249013,2025-06-22 12:23:23,4320.8,paid
9948562,968217,2025-06-16 09:47:06,81.18,paid
2209616,899024,2025-01-15 12:22:01,66.22,paid
4251974,646333,2025-01-18 14:02:19,60.45,paid
6256330,288798,2025-10-14 14:42:38,69.77,paid
5451059,430826,2025-12-02 11:16:26,4810.74,paid
3369140,699585,2025-08-09 07:31:51,168.42,paid
4295503,479649,2025-10-12 10:18:35,43.74,paid
950915,978965,2025-09-18 09:37:38,607.03,paid
8280272,363409,2025-12-07 03:22:32,636.74,open
7311314,444888,2025-12-02 22:01:38,777.44,paid
3440563,531456,2025-12-29 16:32:58,92.22,paid
6527841,603842,2025-01-13 07:04:47,59.46,paid
9401575,444888,2025-11-12 14:09:34,665.46,paid
1501685,739777,2025-07-24 13:06:18,1227.16,paid
199280,523028,2025-05-29 10:44:13,61.72,paid
6928568,112840,2025-03-10 14:28:42,48.41,open
5462902,451634,2025-05-18 14:12:40,207.56,paid
9630349,759736,2025-02-25 11:04:13,458.18,paid
141334,301353,2025-02-28 08:22:19,76.11,paid
690796,280961,2025-11-25 17:25:19,302.07,paid
8563295,176018,2025-09-16 05:41:23,612.46,void
9445137,207113,2025-06-28 14:28:39,125.45,paid
4662308,729073,2025-09-02 04:32:23,558.72,paid
9009504,441926,2025-02-09 05:35:10,49.31,paid
1591848,967030,2025-09-11 06:26:30,472.46,paid
9346619,245270,2025-02-01 18:29:58,26.28,paid
8603889,796619,2025-06-03 17:34:04,448.42,paid
4583285,952114,2025-02-21 11:13:38,3097.54,paid
4893823,862941,2025-11-30 06:01:36,415.03,paid
991012,471767,2025-01-20 14:34:56,86.28,paid
1076195,441439,2025-09-05 16:21:45,76.91,paid
6829985,136968,2025-07-22 16:27:15,230.29,paid
4828821,263501,2025-04-24 00:20:50,45.4,paid
3340061,139051,2025-09-06 11:23:51,34.85,paid
9609014,544253,2025-05-22 13:06:11,132.34,paid
4903651,260118,2025-01-15 11:44:15,3579.89,paid
8991926,888943,2025-11-15 11:33:58,34.4,paid
642838,219926,2025-06-25 14:49:14,3544.61,paid
7281088,481021,2025-03-19 08:34:44,25.12,paid
2952498,977420,2025-09-02 06:54:05,24.64,paid
5386150,726509,2025-01-07 20:37:08,87.45,paid
893509,775589,2025-09-29 09:54:42,740.42,paid
9376589,604126,2025-06-18 09:53:44,51.54,paid
5632323,139085,2025-09-07 10:08:10,36.71,paid
9563380,798586,2025-08-20 15:06:35,4505.13,paid
9433224,967279,2025-08-24 18:55:28,96.01,paid
8777301,681503,2025-08-01 08:33:52,61.22,paid
443205,499802,2025-08-21 13:16:57,86.49,paid
8685079,802565,2025-08-17 16:22:43,3355.63,paid
9626586,919775,2025-11-23 18:50:27,565.67,paid
2050955,359748,2025-07-20 06:48:32,640.29,paid
1554947,149208,2025-11-18 11:17:01,48.4,paid
5991822,550331,2025-05-25 12:01:31,64.21,paid
7628882,154626,2025-10-23 07:01:47,637.09,paid
8073109,996360,2025-09-06 23:29:12,94.28,paid
8870283,859443,2025-01-10 01:08:51,21348.1,paid
4794060,627910,2025-09-15 07:25:53,87.08,paid
5980910,811779,2025-06-13 08:24:45,85.54,paid
4348960,207113,2025-03-29 08:02:59,110.81,paid
1129714,806501,2025-01-19 09:49:09,410.59,paid
9314662,544215,2025-12-04 16:26:55,629.31,paid
5033862,256019,2025-07-13 19:02:14,641.1,paid
8029406,684083,2025-06-25 14:11:03,47.24,paid
4988699,941144,2025-10-13 11:31:41,289.85,paid
9787047,646309,2025-09-11 14:27:40,351.36,paid
7126456,886365,2025-04-19 18:24:17,2255.51,paid
9424689,482349,2025-12-30 10:26:41,83.52,paid
8700836,667992,2025-09-26 00:37:41,5285.76,void
8834740,211956,2025-08-23 15:28:12,281.81,paid
6225610,797764,2025-03-19 09:10:50,95.58,paid
3290750,301410,2025-07-19 07:41:09,234.68,paid
1615508,695703,2025-02-24 13:32:16,79.73,paid
2996310,320794,2025-06-27 14:49:41,65.33,uncollectible
1594158,210309,2025-05-01 15:24:07,39.27,paid
643412,684498,2025-02-15 16:06:49,2124.42,void
5564261,549976,2025-05-09 16:12:44,2299.99,paid
344121,209680,2025-06-02 11:34:22,35.43,paid
6816647,310019,2025-09-16 19:37:37,2390.67,paid
3174141,440025,2025-04-09 15:15:46,875.18,paid
7809908,921303,2025-10-02 17:52:14,629.05,paid
5145735,713834,2025-12-10 10:56:04,40.82,paid
3829268,271313,2025-12-30 12:46:06,1012.39,paid
3383642,577783,2025-08-19 16:57:10,713.55,paid
6417925,759736,2025-08-15 15:34:30,552.55,paid
5398700,893066,2025-08-20 09:32:38,88.61,paid
5420721,488220,2025-03-08 13:47:33,264.23,paid
6125371,543184,2025-12-25 09:06:27,52.92,paid
4132636,526874,2025-12-24 12:53:26,1048.9,paid
6037544,558918,2025-01-01 12:20:35,820.7,paid
5908396,896894,2025-07-07 23:49:59,1460.89,paid
995591,176599,2025-12-03 10:12:51,61.2,paid
2589189,364714,2025-12-29 20:32:48,103.09,paid
2629506,416704,2025-11-01 05:15:01,95.99,paid
6025451,556047,2025-03-21 21:52:03,797.45,paid
4483841,241116,2025-03-07 17:00:10,49.67,paid
1010426,312337,2025-11-02 10:28:21,73.61,void
1527278,600774,2025-08-20 16:34:24,3111.87,paid
601107,318162,2025-08-10 10:17:13,240.7,paid
9745435,740617,2025-08-24 13:52:37,1601.95,paid
2995585,604126,2025-09-16 08:52:35,45.45,uncollectible
1918968,290736,2025-06-06 13:41:36,16052.33,paid
2703474,886365,2025-01-21 16:40:41,2429.9,paid
2010616,951550,2025-01-18 13:20:03,37.72,paid
872391,479650,2025-03-30 13:53:31,82.52,paid
8267904,886365,2025-12-05 14:09:12,2370.63,paid
1776751,919775,2025-03-01 18:27:57,551.55,paid
6392875,961918,2025-06-23 08:15:19,49.43,paid
7771145,372180,2025-05-25 08:33:59,49.17,paid
998748,451634,2025-07-06 11:45:30,175.96,paid
7539138,479493,2025-05-30 16:53:20,98.8,paid
4589145,938120,2025-09-13 15:38:02,203.1,paid
4534721,209680,2025-02-27 20:22:08,38.13,paid
1279169,164239,2025-02-12 08:16:40,37.1,paid
89210,207113,2025-03-04 12:01:24,122.99,paid
4793978,393542,2025-05-20 12:27:50,37.66,paid
8661243,734926,2025-06-19 13:39:46,126.15,open
6780801,656283,2025-05-14 20:05:42,778.97,open
1270006,243998,2025-09-28 19:43:43,36.6,paid
2049129,916616,2025-08-16 14:07:39,1135.17,paid
6239339,797764,2025-10-21 07:16:05,97.4,paid
2368699,550131,2025-02-03 10:22:02,956.67,paid
721968,124671,2025-08-25 16:05:55,407.32,paid
626020,102347,2025-12-16 14:25:12,561.03,paid
9723086,181128,2025-07-10 07:30:06,545.35,paid
9888152,600774,2025-08-19 11:30:16,2931.63,paid
3984012,452461,2025-04-24 15:03:52,570.11,paid
861631,315118,2025-08-19 15:46:16,3275.04,paid
622679,675202,2025-05-30 07:59:17,23387.27,paid
179452,989345,2025-06-02 10:20:31,182.83,paid
969870,775816,2025-06-02 11:23:10,48.89,uncollectible
6709350,623050,2025-11-13 18:36:02,59.78,paid
1569246,592127,2025-08-28 09:54:29,32.46,paid
7655985,704101,2025-04-30 13:24:18,630.5,paid
7241526,847537,2025-06-16 16:20:53,16008.91,open
8153995,845929,2025-07-03 00:15:47,47.84,open
8011756,888218,2025-10-20 10:26:36,46.33,paid
7483470,236797,2025-08-19 09:54:58,48.57,paid
4128352,225784,2025-03-27 20:10:10,5103.58,open
7733661,845929,2025-12-25 13:20:18,48.08,paid
716251,929449,2025-08-17 11:02:23,970.68,paid
8854097,200865,2025-01-10 10:21:45,272.6,paid
8050547,209357,2025-09-09 22:46:22,32.55,paid
3560540,249442,2025-12-03 11:10:14,3394.0,open
3002340,451700,2025-05-03 16:16:02,90.62,paid
2439426,237614,2025-09-19 13:46:07,617.41,paid
5934649,966960,2025-04-11 10:25:37,746.02,paid
1129862,717660,2025-08-09 20:13:50,78.05,paid
4728693,917801,2025-11-22 11:13:14,3813.86,paid
3887161,153452,2025-03-02 19:26:40,91.14,paid
6599912,302066,2025-09-10 14:17:59,83.69,paid
5011883,240194,2025-05-09 06:35:31,112.06,paid
948623,111647,2025-01-29 10:11:01,8169.19,paid
6218546,722460,2025-04-05 11:41:44,55.25,uncollectible
9526019,320794,2025-10-03 12:16:56,65.07,paid
8467979,200830,2025-07-02 12:33:36,547.39,paid
7447745,200830,2025-07-16 18:25:23,456.79,paid
8984203,699585,2025-09-29 17:15:20,163.57,paid
9450001,211956,2025-09-14 11:33:34,307.51,paid
7519305,504637,2025-08-13 11:42:50,43.48,paid
1951075,470492,2025-10-07 10:34:35,903.49,paid
4646277,106212,2025-02-19 03:28:21,2818.19,paid
1913098,675202,2025-03-13 22:58:51,23963.11,open
4901755,550131,2025-02-04 19:01:42,802.44,paid
6525255,613449,2025-10-03 08:50:06,242.51,paid
3790358,373043,2025-01-28 14:47:22,35.97,paid
5815946,662368,2025-08-29 08:02:48,58.35,paid
2872540,995560,2025-10-27 14:55:45,33.61,paid
9086855,210552,2025-09-12 11:04:13,3060.57,paid
7849273,289034,2025-08-31 09:15:47,102.82,paid
1776926,252079,2025-02-28 11:22:02,70.9,paid
1008221,486582,2025-10-20 02:10:10,77.44,paid
5019298,282217,2025-05-20 09:58:30,5414.98,paid
7453014,225784,2025-07-18 08:22:14,5001.63,uncollectible
7547243,837734,2025-11-13 12:48:58,1019.8,paid
9400403,553898,2025-03-16 11:31:19,99.53,paid
633598,597746,2025-04-23 11:14:18,66.54,paid
56312,892300,2025-07-28 05:34:05,840.08,paid
1936415,218565,2025-04-07 17:24:21,47.92,paid
2669658,451436,2025-05-14 16:26:40,36.57,paid
6112974,676397,2025-04-23 10:57:03,1200.96,paid
5036289,787646,2025-10-18 09:39:26,690.14,paid
784872,216864,2025-07-25 07:22:02,24.56,paid
742737,113224,2025-01-04 16:08:01,2826.96,paid
2446099,774503,2025-07-16 18:30:59,62.58,paid
7386538,443384,2025-10-20 08:52:49,82.91,open
9854902,379610,2025-03-14 16:43:33,25.56,uncollectible
4516843,989345,2025-05-18 21:41:48,169.38,void
8701410,244780,2025-11-30 11:43:17,5486.32,paid
2689330,412644,2025-03-17 16:37:03,63.96,paid
8295288,143805,2025-09-08 10:16:39,571.32,paid
9433851,902662,2025-09-07 20:25:30,38.27,paid
1934372,775696,2025-04-24 15:27:28,60.52,paid
9519098,256231,2025-02-09 07:34:05,831.64,paid
7774268,211818,2025-06-27 12:49:42,946.15,paid
7553288,713834,2025-06-12 10:26:38,51.59,paid
2465198,869256,2025-03-06 19:55:17,75.06,paid
7480286,200865,2025-09-05 16:34:03,283.04,paid
9849462,309198,2025-07-09 08:19:10,35.08,paid
7976126,761571,2025-12-26 06:12:40,58.93,open
5161715,902347,2025-10-23 19:27:48,3266.52,open
6971246,663857,2025-01-31 17:09:33,2473.16,paid
8189335,499701,2025-10-22 14:24:28,294.18,paid
7309039,125160,2025-09-13 20:46:05,72.92,paid
9552452,751178,2025-11-08 15:06:19,2197.29,paid
9057826,656281,2025-08-31 12:37:01,233.57,paid
7208880,950873,2025-07-24 22:21:41,585.27,paid
7177993,833504,2025-05-11 01:59:30,3462.09,paid
7003265,224336,2025-08-08 17:18:59,33.69,paid
945807,139506,2025-07-02 08:02:56,44.7,paid
9249830,798586,2025-05-26 08:03:04,4414.2,paid
699492,636784,2025-05-22 11:29:19,429.75,paid
6572739,211818,2025-10-14 18:58:38,965.98,paid
4941969,938205,2025-04-15 08:27:33,126.85,paid
9136324,968217,2025-09-29 18:41:52,82.17,paid
3138079,316254,2025-06-28 20:24:22,678.35,paid
9574129,122331,2025-08-12 19:25:45,36.63,paid
1832693,699272,2025-08-12 18:26:07,81.71,paid
976079,836507,2025-08-17 15:14:18,116.38,paid
6808038,143529,2025-03-25 10:24:21,77.37,paid
2685797,680171,2025-02-26 11:39:59,74.07,paid
284763,511470,2025-06-28 10:44:35,4411.93,paid
7535917,359178,2025-10-21 13:25:50,475.35,paid
1267445,269555,2025-01-19 19:41:06,230.17,paid
2059199,142057,2025-05-31 09:24:32,382.41,paid
3726495,701732,2025-02-05 20:56:52,39.32,paid
3091096,551545,2025-10-30 19:15:15,39.08,paid
2798353,633095,2025-03-30 06:50:44,1256.44,paid
3021657,581789,2025-05-10 10:39:48,134.53,paid
8850706,531301,2025-01-30 08:44:58,34.52,paid
8086395,290492,2025-06-27 16:43:02,107.47,paid
207724,157315,2025-01-11 09:50:43,33.62,paid
3946391,419173,2025-03-16 10:33:07,3479.93,paid
4133189,479650,2025-12-04 22:48:41,85.21,paid
7703801,693331,2025-06-09 07:02:51,34.63,paid
1798804,481016,2025-10-12 03:38:20,787.86,paid
8485549,339409,2025-09-20 17:42:24,78.3,paid
6978670,647019,2025-05-29 20:16:30,809.63,paid
7295559,617646,2025-06-02 10:46:04,327.28,paid
7552453,356856,2025-04-23 04:43:46,85.31,paid
1159867,516432,2025-06-16 10:33:36,689.79,paid
6226354,111936,2025-08-05 13:38:30,785.16,paid
3817292,620446,2025-05-13 23:49:32,34.45,paid
5414916,282217,2025-05-23 12:20:08,5230.11,paid
5357676,672009,2025-01-24 09:33:03,1261.97,paid
2578281,450199,2025-05-09 19:56:18,93.02,paid
8649694,290620,2025-07-18 08:28:07,81.78,paid
1899829,865765,2025-08-03 15:38:51,119.54,paid
3434881,428057,2025-12-03 16:19:06,48.79,paid
8380854,662747,2025-05-22 10:36:39,18568.13,paid
7310833,145314,2025-10-02 02:08:29,49.4,paid
5408896,952233,2025-04-05 12:27:19,590.09,paid
4800933,211963,2025-07-13 11:33:19,429.45,paid
7590438,823375,2025-11-14 13:21:59,322.29,paid
3366569,691462,2025-07-04 11:27:59,115.02,paid
4891725,467325,2025-10-13 19:56:29,181.27,paid
1297555,815721,2025-06-22 08:40:04,37.7,paid
7625444,604137,2025-02-11 08:53:17,57.08,paid
9708951,805943,2025-07-15 11:59:32,50.72,paid
867635,111647,2025-09-29 08:03:17,7742.15,paid
9664209,649882,2025-08-19 15:26:19,80.7,paid
6878170,393362,2025-02-18 10:19:10,575.03,paid
2301958,591371,2025-09-26 06:35:46,263.24,paid
2784728,115359,2025-11-20 09:32:52,39.68,paid
6559219,409157,2025-08-10 09:30:33,58.62,paid
6419483,244780,2025-03-20 15:35:14,5707.56,paid
7995042,866791,2025-09-26 14:57:46,38.08,void
3674672,269054,2025-05-21 16:14:20,90.53,paid
6787705,600806,2025-06-10 12:41:04,72.44,paid
3457677,395744,2025-08-02 14:43:11,62.84,paid
7503685,363409,2025-12-11 09:09:42,681.15,paid
2814166,218019,2025-08-08 19:50:04,67.5,paid
2822347,817805,2025-06-16 10:23:48,509.84,paid
4211441,335302,2025-06-01 10:17:09,21.84,paid
9414134,911267,2025-06-03 06:07:51,2887.99,paid
6711988,557608,2025-08-13 14:59:45,798.84,paid
2323724,734042,2025-02-11 13:07:29,64.89,paid
8190687,425690,2025-07-07 12:31:25,34.6,paid
3628934,419173,2025-02-20 10:59:58,3656.56,open
5090906,253221,2025-09-09 13:24:37,113.61,paid
7568829,150235,2025-05-26 12:11:24,44.29,paid
752937,757620,2025-07-18 11:44:41,16519.33,paid
5796904,479493,2025-12-06 12:14:19,101.35,paid
964550,129145,2025-06-08 09:39:10,718.97,paid
7324756,318214,2025-06-29 15:01:49,71.03,void
3441943,669720,2025-06-07 07:56:53,5452.41,paid
8428419,424994,2025-08-27 16:49:03,3338.13,uncollectible
2426224,452461,2025-11-01 06:11:34,584.01,paid
7111890,952954,2025-11-13 04:59:27,506.68,paid
1587515,265516,2025-11-17 11:44:24,170.98,paid
9421753,970221,2025-05-06 17:08:43,49.99,paid
3775694,681503,2025-12-22 13:42:57,55.94,paid
2773206,397763,2025-08-26 18:15:43,329.13,paid
2337657,451436,2025-09-15 22:07:51,34.51,paid
7687231,580725,2025-02-28 16:10:58,35.59,paid
4322066,414105,2025-09-10 14:26:27,73.43,paid
8652574,142978,2025-05-15 20:44:22,259.7,paid
8591268,813618,2025-08-20 07:28:53,24.78,paid
5976385,196472,2025-07-02 20:49:44,529.71,open
501635,669720,2025-06-17 10:36:43,5274.57,paid
6040005,604851,2025-08-21 08:20:27,32.66,paid
1504090,196331,2025-10-01 11:34:36,1143.45,paid
5247939,812313,2025-07-12 13:49:43,93.05,paid
341480,564516,2025-07-05 05:49:20,665.85,paid
9161296,705149,2025-11-08 10:33:47,85.56,paid
247236,104172,2025-12-07 10:15:41,24.33,paid
6396672,679825,2025-06-24 10:27:28,3030.5,paid
228581,907943,2025-09-13 01:17:07,38.8,paid
7252766,395744,2025-10-06 08:56:16,58.6,paid
9122912,317879,2025-06-10 14:39:06,61.01,paid
1052593,938120,2025-03-15 13:29:47,223.98,paid
2573416,421775,2025-05-09 16:39:01,23.55,paid
5149942,320794,2025-12-28 22:14:41,63.58,paid
1132280,716836,2025-07-11 10:44:28,98.31,paid
1548846,661510,2025-08-29 23:36:23,558.59,paid
6812128,110911,2025-01-05 11:45:42,35.7,paid
69437,359748,2025-03-06 03:42:24,571.59,open
1706561,895559,2025-02-27 14:47:04,731.6,paid
4616345,695658,2025-03-11 15:51:18,214.3,uncollectible
1977347,556047,2025-03-27 11:19:37,749.44,paid
3150423,236797,2025-05-15 11:48:24,42.22,paid
9616216,907943,2025-02-11 12:28:23,34.37,paid
1710692,466834,2025-06-18 10:55:35,689.23,paid
3293338,424994,2025-10-22 19:17:48,3144.81,paid
962838,342116,2025-12-29 14:55:17,64.46,paid
8643702,997844,2025-08-08 20:47:29,5922.56,paid
6758589,508782,2025-12-27 11:37:13,66.05,paid
4162092,225784,2025-12-26 11:14:47,5318.83,paid
7604445,139051,2025-04-30 10:00:04,36.81,paid
8444743,757349,2025-06-06 21:56:17,12906.72,paid
7773099,288150,2025-07-31 02:23:32,327.46,paid
5719209,179049,2025-09-07 08:30:56,313.64,paid
2909285,679810,2025-10-03 13:26:43,595.01,paid
1139036,315175,2025-07-31 14:09:18,55.41,open
1385751,838808,2025-08-17 13:58:22,718.67,paid
8576405,452461,2025-12-21 13:07:53,535.49,paid
8158143,515850,2025-08-30 10:31:17,64.3,paid
7278042,676603,2025-12-02 11:10:47,269.82,paid
4112331,201370,2025-05-09 14:17:48,1073.01,paid
3771462,242324,2025-01-16 08:31:02,40.13,uncollectible
6646310,301735,2025-10-16 14:44:20,36.39,paid
1923203,482349,2025-09-06 13:00:24,79.2,paid
6276623,705867,2025-08-18 18:25:14,4336.05,paid
4295364,290736,2025-11-30 13:01:03,14531.02,paid
2493078,807582,2025-12-07 10:30:26,350.24,paid
3453325,744444,2025-12-13 11:06:57,2620.41,paid
4250913,505397,2025-05-29 11:20:16,121.5,paid
1299635,125160,2025-09-13 19:54:26,87.75,paid
4314212,645195,2025-01-30 15:54:57,33.23,paid
7212428,654271,2025-07-11 08:04:15,610.76,paid
243986,304113,2025-12-09 16:11:31,469.42,paid
9681186,791209,2025-10-19 17:49:54,83.62,paid
6997460,836507,2025-08-23 05:34:44,114.44,paid
106100,875381,2025-01-24 14:40:57,835.88,paid
8190307,235164,2025-02-27 18:33:27,1347.69,paid
4638062,938205,2025-02-19 15:39:37,130.12,paid
5750555,700790,2025-06-29 15:30:51,49.12,uncollectible
8377298,237570,2025-02-15 08:33:25,343.27,paid
2906911,479242,2025-08-28 16:47:20,225.85,open
9155106,722037,2025-05-07 07:07:08,139.73,paid
3814392,714944,2025-02-18 15:29:06,733.64,paid
615313,414766,2025-10-30 12:47:24,60.32,paid
4967793,566579,2025-08-20 16:09:28,2224.3,paid
6825562,558918,2025-08-25 10:19:52,791.59,paid
1361651,911267,2025-12-18 10:41:47,2707.91,paid
9443392,436381,2025-08-12 06:41:32,60.56,paid
2232178,991572,2025-03-02 09:20:26,361.98,paid
4847114,217404,2025-04-21 14:22:25,48.87,paid
7182749,393542,2025-06-30 20:15:07,36.37,paid
8994338,345589,2025-12-23 00:02:12,748.01,paid
5012533,591371,2025-08-30 17:29:32,254.32,paid
9537353,676397,2025-10-23 18:13:52,1154.72,paid
6741348,304212,2025-01-26 19:19:10,78.87,paid
9198139,662023,2025-11-22 21:09:05,132.54,paid
8924240,958517,2025-05-18 10:29:47,721.16,paid
323253,996360,2025-02-26 09:33:07,103.56,paid
3833120,393626,2025-02-19 23:41:25,664.46,paid
5572858,802565,2025-08-17 14:39:32,2636.89,uncollectible
9568517,871334,2025-02-09 09:03:48,108.32,paid
5409337,471767,2025-08-31 10:04:51,87.08,paid
8895219,824578,2025-07-29 23:42:34,563.67,paid
6116037,629593,2025-06-06 23:44:37,2599.2,paid
1677603,217404,2025-01-24 14:37:17,46.01,paid
3167732,893484,2025-09-03 16:20:20,513.92,paid
8620973,790364,2025-08-14 08:16:34,205.34,paid
2219617,854166,2025-04-14 16:42:07,534.14,paid
2519127,301410,2025-11-17 13:10:11,222.77,paid
9505419,387432,2025-09-30 17:20:57,510.1,void
9424925,537263,2025-09-25 17:15:42,676.7,paid
5159904,809176,2025-11-22 12:32:43,638.81,open
7191312,580725,2025-02-18 13:49:20,37.21,paid
3859283,731867,2025-09-20 15:04:08,722.81,paid
9241935,205204,2025-04-07 09:57:02,128.04,uncollectible
6893464,667992,2025-09-02 16:26:42,4825.07,paid
6576124,725693,2025-11-11 21:50:11,292.96,paid
7883222,972041,2025-09-11 15:18:59,570.24,paid
7766135,203708,2025-09-08 17:39:55,538.38,paid
8472689,172596,2025-01-29 13:39:44,307.74,uncollectible
9239301,656281,2025-06-28 17:02:07,252.05,paid
6980708,359909,2025-09-07 21:24:38,661.33,open
87502,196541,2025-11-20 13:28:15,32.18,paid
4388857,449270,2025-02-15 22:55:43,93.21,paid
5926674,412644,2025-04-13 02:05:46,58.41,paid
9361774,170417,2025-04-09 00:26:45,848.2,paid
4687195,153452,2025-10-19 13:02:58,95.89,paid
7527181,918351,2025-09-15 08:04:30,81.97,paid
4917257,597592,2025-06-10 07:39:24,447.37,open
240265,492337,2025-11-02 08:53:09,49.49,paid
8776407,511241,2025-03-07 11:25:29,122.83,paid
9722746,824578,2025-07-29 21:51:25,600.15,paid
6694159,663683,2025-08-07 14:13:05,52.2,open
3418333,700348,2025-06-23 17:41:21,48.19,paid
3719605,149930,2025-02-05 13:32:42,980.57,void
597893,682864,2025-09-29 09:30:27,1000.87,paid
9236092,540233,2025-05-03 19:34:49,26.6,paid
3023243,909042,2025-01-26 16:40:25,52.44,paid
2455707,664655,2025-03-03 01:16:07,70.49,paid
4336342,557985,2025-02-21 10:48:24,51.53,paid
793986,862941,2025-03-29 02:17:10,358.35,paid
2089939,244780,2025-05-26 15:15:30,5387.29,paid
3852993,216864,2025-09-23 10:22:44,22.66,paid
241431,336143,2025-11-07 20:12:11,26.09,paid
9260847,914638,2025-12-12 16:05:03,81.02,paid
1225383,475777,2025-08-10 04:00:32,49.29,paid
3916292,259726,2025-12-15 13:49:43,49.47,paid
3410517,893066,2025-01-17 19:03:05,85.93,paid
6736196,842629,2025-11-09 14:53:16,450.48,paid
5909923,353738,2025-03-08 14:19:09,884.63,paid
7843265,817805,2025-10-30 09:41:43,540.57,open
6840480,378702,2025-08-28 07:55:01,82.78,paid
4997808,732615,2025-04-04 11:29:54,49.33,paid
661807,802565,2025-08-17 14:32:39,3310.17,paid
6804213,473607,2025-04-22 16:52:00,35.19,paid
6861554,310258,2025-03-18 09:42:49,47.75,paid
202400,508782,2025-04-01 09:45:13,73.83,paid
6366365,691620,2025-10-17 07:09:17,36.1,paid
8122851,876153,2025-03-14 15:32:02,56.15,paid
8877296,513019,2025-12-22 16:04:18,250.9,paid
8698826,742562,2025-12-01 15:31:49,1985.99,paid
6428760,175483,2025-06-28 19:56:12,3580.65,paid
3877758,999282,2025-10-15 10:45:31,37.01,paid
645695,358134,2025-08-08 17:33:40,1036.68,paid
4330948,629748,2025-06-18 17:53:59,82.8,void
4792524,831303,2025-10-11 10:48:14,193.35,paid
744758,960588,2025-02-12 07:49:20,48.65,paid
9368226,554336,2025-04-19 16:20:47,36.29,paid
2013891,700348,2025-11-06 07:09:17,45.06,paid
9886418,729499,2025-01-22 12:46:25,382.32,paid
9574463,940445,2025-06-06 14:30:49,146.8,open
7832194,769811,2025-12-05 22:36:32,1537.89,uncollectible
8205755,171014,2025-11-22 15:54:35,34.34,uncollectible
2291665,865573,2025-12-27 09:43:44,105.21,paid
830643,199248,2025-08-22 17:26:38,4166.37,paid
4048951,600507,2025-12-21 17:21:43,391.17,open
6270559,750844,2025-09-27 10:08:05,633.71,paid
8739802,726509,2025-06-12 19:42:01,82.54,paid
5487001,465105,2025-07-08 09:13:27,47.95,paid
635999,713834,2025-05-13 01:42:46,52.33,open
7719701,800274,2025-12-28 09:21:25,668.84,paid
2166895,765110,2025-06-28 09:51:28,36.09,paid
1748190,299619,2025-02-11 05:29:19,382.41,paid
8023264,511241,2025-04-19 14:04:04,108.8,void
4020307,216067,2025-06-30 15:45:48,335.67,paid
885491,243998,2025-01-20 16:25:25,38.44,paid
3447037,540382,2025-06-02 20:29:01,468.24,open
6560268,488220,2025-07-26 13:33:08,232.35,paid
4380305,663683,2025-08-27 10:34:56,44.77,open
7774166,995264,2025-01-02 15:46:32,74.39,paid
984118,751207,2025-11-18 13:46:52,48.27,paid
600042,155975,2025-11-03 17:42:06,893.72,paid
3686759,131876,2025-12-09 08:28:12,95.17,paid
5503220,992229,2025-08-18 14:51:33,2413.52,paid
6021672,280961,2025-01-11 00:23:41,299.45,paid
2764629,363409,2025-01-09 06:10:58,595.31,paid
6940055,173985,2025-07-27 08:39:26,51.06,uncollectible
3339543,284686,2025-05-02 06:58:59,47.67,paid
6203242,260951,2025-07-05 10:37:42,2726.61,paid
1768716,433844,2025-07-11 15:53:27,33.96,paid
139853,876549,2025-10-19 13:49:52,723.42,paid
9346058,333795,2025-08-10 18:28:52,582.12,open
8854207,790366,2025-02-18 10:51:41,36.24,paid
7143477,611661,2025-01-20 08:00:17,61.76,paid
9752419,619995,2025-09-06 22:08:33,37.45,paid
9765476,641547,2025-02-25 09:11:46,722.84,paid
6016419,668059,2025-05-10 11:57:09,60.35,paid
1678154,625558,2025-02-20 06:46:15,70.73,paid
9930095,350292,2025-07-24 12:56:43,101.13,paid
6570337,246475,2025-11-15 20:47:43,83.97,open
6901347,533010,2025-07-13 16:39:35,251.51,paid
4626711,428057,2025-08-02 15:04:00,48.35,paid
9586907,893855,2025-06-26 14:33:08,34.92,paid
1273637,554320,2025-09-03 13:26:24,3463.71,paid
9006867,118279,2025-08-27 22:54:03,571.27,paid
6013912,825599,2025-01-09 09:50:14,85.53,paid
8561729,617749,2025-05-19 13:55:44,88.42,paid
2029873,318405,2025-08-06 15:34:49,44.05,paid
9598310,872118,2025-02-26 07:15:43,8395.54,paid
7428205,647019,2025-04-11 07:35:13,869.31,paid
1451229,349808,2025-06-27 10:30:36,432.99,paid
4167266,691555,2025-09-02 13:13:32,581.57,paid
488687,136425,2025-10-08 10:29:54,50.87,paid
9411953,292475,2025-05-26 13:55:47,2474.18,paid
3072382,198781,2025-03-15 16:04:40,81.62,paid
9369932,253647,2025-12-26 14:21:36,58.0,paid
9017802,448227,2025-06-10 14:46:33,766.23,paid
6337200,177009,2025-06-12 09:13:28,24.13,paid
5229722,782122,2025-05-07 17:00:57,35.29,paid
1833433,744444,2025-12-16 14:32:26,2628.52,paid
1267417,978965,2025-11-05 14:14:23,610.48,paid
9338703,757684,2025-07-19 07:24:34,75.42,paid
1993065,490866,2025-05-24 09:37:10,389.31,paid
7910819,744444,2025-05-14 01:45:56,2516.43,paid
998021,692863,2025-03-04 22:43:54,98.84,paid
2524215,378343,2025-01-04 08:49:34,603.78,paid
6140933,641328,2025-08-30 11:19:40,25.34,paid
2712392,316635,2025-01-25 10:11:33,658.86,paid
7332389,271150,2025-06-25 07:46:06,314.57,paid
2094151,339409,2025-09-20 22:57:33,70.32,paid
6366722,356856,2025-09-10 14:42:59,84.63,paid
2121993,917801,2025-09-10 17:29:12,3818.65,paid
3935707,331311,2025-11-24 14:38:39,715.9,open
442263,547854,2025-04-01 10:50:59,390.21,paid
94548,627691,2025-07-21 15:55:36,4377.5,paid
2407070,256035,2025-03-05 09:47:15,32.1,paid
2240403,586841,2025-01-23 11:48:07,200.65,paid
1991338,499701,2025-02-24 05:49:06,283.03,paid
3695210,692735,2025-01-04 20:28:28,96.39,paid
3175607,216101,2025-05-19 16:20:46,23.84,paid
1481230,377997,2025-10-31 09:32:40,286.18,paid
7356076,365660,2025-07-22 16:41:17,303.28,paid
8653344,759736,2025-02-22 15:27:12,514.99,paid
2876078,183180,2025-04-07 07:07:00,363.61,paid
3551812,165982,2025-09-16 18:59:29,392.61,paid
1069760,501273,2025-03-27 01:30:54,64.63,paid
1116241,263501,2025-04-23 23:57:21,53.78,paid
4411994,448227,2025-09-06 12:22:49,807.48,paid
5882580,618342,2025-07-02 10:15:35,3586.18,void
7755602,815996,2025-04-04 18:34:33,932.8,paid
3764374,375756,2025-08-04 21:32:38,606.93,paid
6721035,515718,2025-11-28 12:48:57,429.72,paid
360381,248358,2025-09-05 14:51:12,572.05,paid
5282593,351485,2025-01-31 14:57:16,12.39,paid
3886194,820834,2025-11-11 07:44:31,692.56,paid
3213678,668250,2025-03-24 15:00:51,4631.37,paid
9458650,991768,2025-07-15 15:28:17,69.36,paid
2384189,806501,2025-08-17 03:45:26,388.24,paid
9313729,809176,2025-09-26 12:31:21,653.64,paid
8533791,912127,2025-09-18 12:05:26,1669.53,paid
8844031,439406,2025-07-22 14:23:13,115.59,paid
2104282,200631,2025-10-15 16:31:41,223.07,paid
3770598,356856,2025-01-13 19:14:42,87.15,paid
623596,216530,2025-11-01 19:15:47,79.5,paid
1448834,175483,2025-01-09 15:18:21,3705.19,open
3509927,278618,2025-05-05 13:01:36,673.35,paid
4318155,992229,2025-03-25 13:58:16,2860.93,paid
7822063,620446,2025-05-13 13:24:35,35.83,paid
4902375,669363,2025-07-21 19:27:29,53.13,paid
2748784,836507,2025-06-21 09:29:27,111.33,paid
9184396,350292,2025-08-21 14:28:48,99.52,open
9766715,415716,2025-06-20 13:41:09,39.85,paid
8471932,207113,2025-03-26 14:23:31,120.53,paid
1317199,739777,2025-11-24 17:42:27,1289.86,uncollectible
5173612,832207,2025-07-09 03:01:25,671.52,paid
8501318,516432,2025-10-30 16:26:45,658.65,paid
869380,196541,2025-01-08 10:54:37,40.86,paid
1124257,832087,2025-05-18 05:15:53,360.23,paid
7578801,301453,2025-08-25 18:43:31,59.6,paid
304178,734042,2025-07-03 18:08:49,53.82,paid
3553655,640065,2025-02-16 11:46:54,47.04,paid
522409,443866,2025-10-31 11:57:13,37.4,paid
2172935,269054,2025-03-18 08:21:47,84.53,paid
9175778,142057,2025-11-12 14:10:01,411.65,paid
8439422,729499,2025-04-30 08:02:42,391.61,paid
4717744,747100,2025-10-23 12:38:12,56.97,paid
4155944,467325,2025-06-14 14:08:05,201.81,void
4286471,875061,2025-07-30 16:11:16,105.23,paid
2892551,170417,2025-12-08 17:51:10,854.94,paid
4015084,390602,2025-05-09 07:02:24,470.13,paid
5085791,154626,2025-12-03 21:34:47,601.3,paid
6937477,236797,2025-04-11 21:25:39,45.25,paid
5168810,271150,2025-11-27 22:39:37,307.7,paid
8881889,650871,2025-05-28 20:21:30,507.16,paid
5523559,602857,2025-10-25 23:26:21,71.87,paid
7607441,930679,2025-07-11 19:11:57,61.8,paid
7217434,886365,2025-10-03 12:07:29,2527.42,paid
8881366,695044,2025-08-18 08:02:52,4034.78,paid
3553957,491474,2025-07-27 10:58:48,2868.62,paid
78767,729499,2025-10-01 15:16:31,399.94,paid
656872,693667,2025-04-27 06:47:37,595.06,paid
1845595,553479,2025-06-14 19:05:06,3193.48,paid
716449,931016,2025-02-07 10:47:01,253.42,paid
3947558,769811,2025-08-16 15:18:09,1313.68,paid
6210966,670699,2025-09-02 17:51:59,695.31,open
3165474,105266,2025-03-13 14:03:05,65.86,paid
6709955,800274,2025-08-03 10:57:20,593.55,paid
46220,488220,2025-04-08 12:05:24,221.75,paid
157352,919974,2025-07-03 06:46:35,2355.87,uncollectible
8812708,620640,2025-06-27 15:24:16,435.46,paid
196120,694103,2025-02-15 18:30:21,33.37,paid
3809985,866791,2025-02-03 11:30:42,35.2,paid
9237742,302271,2025-05-23 14:01:24,4363.86,paid
7781080,501273,2025-02-04 09:06:40,60.17,paid
8464624,613449,2025-07-23 14:12:15,250.09,paid
8521495,217404,2025-02-13 17:05:26,48.52,open
1015795,699272,2025-07-25 15:12:55,80.75,paid
4626460,258458,2025-02-14 15:21:17,3161.67,paid
9203393,950959,2025-05-25 08:27:31,1261.11,open
8614730,281254,2025-11-29 12:18:18,364.87,paid
7103714,280961,2025-01-20 14:08:37,277.66,paid
8376871,380358,2025-03-26 07:42:16,82.02,paid
4551654,749734,2025-01-08 05:21:24,56.47,paid
1928668,498584,2025-06-17 15:11:44,67.9,paid
7336217,129145,2025-11-01 16:13:48,782.04,paid
1199280,665974,2025-07-03 22:22:25,32.67,open
434953,119727,2025-08-15 11:51:15,311.18,paid
1136238,358134,2025-11-01 09:41:12,943.07,uncollectible
3800119,190126,2025-07-24 21:39:27,66.25,paid
1541426,749734,2025-07-17 13:02:36,58.09,paid
7026796,990741,2025-09-14 07:49:29,62.77,paid
4032547,379248,2025-02-19 09:49:07,3212.44,paid
4147835,800274,2025-10-26 13:00:02,614.71,paid
6946445,449827,2025-10-15 18:16:58,3100.33,paid
1810857,469600,2025-05-30 07:44:22,690.22,paid
6933383,993977,2025-09-11 15:35:17,48.18,uncollectible
262757,980971,2025-07-23 09:00:03,465.27,paid
7823333,253647,2025-12-12 00:02:27,61.93,paid
9607521,886365,2025-01-06 11:27:01,2231.25,paid
1417878,227569,2025-01-17 16:51:44,266.78,paid
2966587,365756,2025-07-21 16:29:33,47.03,open
5157921,157315,2025-03-24 09:34:55,37.87,paid
3277912,394508,2025-12-01 08:30:54,36.69,void
4853675,393362,2025-04-12 07:02:07,545.65,paid
6017906,284692,2025-05-20 20:41:13,946.73,paid
8066024,550331,2025-03-17 09:16:39,62.17,paid
4313902,479390,2025-10-21 15:36:56,36.89,paid
6168013,486582,2025-08-29 07:27:31,72.98,paid
4990450,244780,2025-09-07 16:49:34,5429.27,paid
1811243,995264,2025-06-22 12:28:12,74.01,paid
8328096,412468,2025-08-01 09:58:41,43.83,paid
9079431,526700,2025-06-10 15:45:55,60.01,uncollectible
1577933,129289,2025-01-25 21:48:03,24.91,paid
1403075,112840,2025-07-27 15:47:49,47.94,paid
6707045,192010,2025-08-22 16:14:00,3031.2,paid
8431321,155975,2025-11-28 17:16:10,854.53,paid
5099640,629593,2025-11-13 11:50:32,2718.35,paid
4234212,662023,2025-10-08 12:29:51,119.62,paid
8600566,775589,2025-10-20 08:06:11,789.81,paid
7661068,561696,2025-08-27 18:48:45,44.46,uncollectible
9600599,301959,2025-09-30 13:32:34,862.95,paid
7161609,190126,2025-01-16 15:47:18,61.08,paid
4489515,820834,2025-09-23 19:25:54,665.97,paid
4562345,236391,2025-05-27 11:59:19,3845.06,paid
4788384,627910,2025-05-05 14:46:40,86.17,paid
5909093,662368,2025-10-21 17:08:01,58.15,paid
5377493,412093,2025-08-29 07:00:27,38.49,paid
8020068,301410,2025-04-02 14:41:35,251.46,paid
3519698,412093,2025-12-20 15:16:07,32.94,paid
667371,991572,2025-07-13 20:22:08,346.4,open
5475791,987167,2025-05-15 16:12:10,466.9,paid
8203235,831303,2025-11-19 09:05:31,225.79,paid
320465,452579,2025-08-03 08:05:24,97.11,paid
7339317,138819,2025-10-15 08:24:55,68.27,uncollectible
4039523,383348,2025-08-11 11:59:13,168.92,paid
3816367,511241,2025-08-11 17:34:42,105.06,paid
4375579,147538,2025-08-07 09:54:49,63.93,paid
4968944,116787,2025-09-09 09:28:44,406.74,paid
9042650,712131,2025-02-15 15:32:11,1000.28,paid
2281456,836465,2025-11-30 12:17:07,259.2,paid
9269765,145314,2025-12-17 17:11:08,43.33,paid
623600,196331,2025-11-02 03:14:51,1117.31,paid
6368912,441926,2025-05-30 11:36:27,62.08,paid
5929210,645195,2025-12-20 07:24:49,36.58,paid
320268,176590,2025-09-19 15:20:18,36.62,paid
17227,199248,2025-08-23 09:07:05,4079.84,paid
1046033,782825,2025-10-11 10:16:22,6602.19,paid
9892246,492564,2025-03-27 14:42:13,379.44,paid
571594,400614,2025-09-21 21:24:20,87.64,paid
7037991,411362,2025-05-26 13:58:24,74.88,paid
220045,549976,2025-09-29 15:07:14,2050.75,paid
7016192,468130,2025-12-18 15:11:42,733.42,paid
2052295,872833,2025-01-07 19:52:35,40.51,paid
5429555,485273,2025-11-09 09:19:28,388.84,paid
8204686,275252,2025-03-27 14:35:41,513.99,paid
8555064,815996,2025-05-10 07:25:03,792.58,paid
8187392,791336,2025-12-30 11:51:56,506.07,paid
9144434,265516,2025-07-22 09:48:45,165.28,paid
6276725,611661,2025-05-16 13:22:21,62.46,paid
551368,149208,2025-11-15 16:14:56,49.8,paid
286460,431016,2025-09-02 21:45:11,35.87,paid
4681001,514217,2025-11-17 12:40:58,743.48,uncollectible
3751410,252591,2025-04-09 07:29:14,423.25,paid
1538375,759736,2025-02-13 10:31:10,507.17,paid
9859933,526700,2025-10-22 15:26:30,64.13,paid
4193201,830784,2025-04-04 13:55:14,567.98,paid
4729013,398032,2025-12-05 16:02:08,36.49,paid
8838735,917868,2025-09-23 16:46:39,65.64,paid
1400597,825599,2025-03-22 10:40:49,87.97,uncollectible
4377156,174373,2025-01-29 10:31:24,450.69,paid
9134781,203708,2025-09-13 16:28:24,510.5,paid
4027883,284692,2025-10-23 09:56:59,809.01,paid
9985320,482349,2025-07-09 12:34:48,88.34,paid
1847955,740262,2025-09-05 07:40:58,60.08,paid
7961569,580725,2025-10-22 07:02:21,33.64,paid
4009195,143805,2025-05-04 23:06:32,512.92,paid
313349,200830,2025-04-10 05:42:14,506.17,paid
3599262,832722,2025-07-04 14:39:19,1765.13,open
5497610,596031,2025-10-26 06:33:16,293.79,paid
9350970,143805,2025-12-06 14:10:57,488.47,paid
7743576,278618,2025-08-12 15:57:33,682.34,paid
2633872,199248,2025-08-22 15:49:23,3715.36,paid
7454544,832722,2025-07-17 10:37:46,1649.17,paid
7007510,321951,2025-12-27 19:37:03,33.13,paid
7565907,366471,2025-06-13 18:15:58,476.35,paid
8807900,143122,2025-09-09 20:33:50,33.31,paid
9850507,739777,2025-08-30 12:47:25,1247.34,paid
8542789,157315,2025-02-26 04:42:40,38.97,uncollectible
2118651,790364,2025-10-30 10:19:58,190.53,paid
7185665,679023,2025-04-18 16:16:17,34.42,paid
4454310,302066,2025-06-15 06:19:16,83.05,paid
9391028,805099,2025-02-04 07:04:56,36.78,paid
9232259,320794,2025-08-08 09:20:37,64.43,paid
7398856,288798,2025-06-09 10:41:57,75.0,paid
4913584,671372,2025-06-15 05:36:40,70.24,paid
5387217,189189,2025-10-29 07:53:06,406.76,paid
7311493,791209,2025-05-10 02:43:36,80.55,paid
2061472,270148,2025-03-09 11:51:49,939.97,paid
2700238,445138,2025-04-17 07:21:32,120.34,paid
1923442,688496,2025-07-12 13:59:58,340.45,paid
2373737,381306,2025-09-08 16:26:16,569.87,paid
2422163,921303,2025-06-20 13:29:55,619.24,paid
9250145,370589,2025-12-16 14:54:36,638.0,open
2438783,917868,2025-09-23 13:39:19,73.2,paid
578259,369202,2025-07-02 09:30:36,560.34,paid
7520963,228567,2025-01-18 15:11:35,621.44,paid
493142,600806,2025-08-22 08:18:18,72.61,paid
7063114,135223,2025-04-16 19:50:30,70.34,paid
839659,516677,2025-08-24 18:25:35,230.69,paid
8350165,451700,2025-12-22 18:50:58,97.31,paid
9776350,165982,2025-09-17 14:00:35,323.13,paid
8328025,613197,2025-12-05 19:19:47,895.89,paid
790472,452579,2025-12-29 11:21:29,102.0,paid
9065815,870271,2025-09-25 09:24:03,56.05,open
8897454,792694,2025-06-08 08:12:38,1249.75,paid
5163773,892691,2025-08-19 06:45:17,471.91,paid
7704780,227254,2025-09-09 08:00:20,70.06,paid
6198840,369202,2025-06-20 18:04:37,566.58,paid
2895573,676614,2025-10-10 15:48:57,396.73,paid
5825195,724555,2025-02-21 15:24:07,49.25,paid
9098358,271695,2025-03-26 11:17:14,41.99,paid
2593301,170254,2025-10-16 17:51:43,606.65,paid
1717957,631393,2025-07-08 11:09:31,33.98,paid
5278000,558269,2025-04-12 13:32:17,14518.48,paid
4224942,350292,2025-06-11 10:26:54,87.18,paid
4598270,759736,2025-07-09 18:19:37,500.86,paid
1995574,136425,2025-07-21 19:39:47,46.31,paid
4151626,378343,2025-03-11 20:12:41,651.55,open
3982529,296755,2025-09-05 08:58:44,145.35,paid
8314016,969635,2025-08-23 17:16:24,87.68,paid
3307025,416221,2025-05-11 14:49:44,3760.34,open
6619636,649261,2025-02-06 11:24:56,579.56,paid
8514867,254564,2025-11-07 07:35:19,4460.01,paid
589194,892691,2025-07-30 08:13:36,466.97,paid
4893958,713583,2025-06-18 14:43:19,61.91,paid
6308344,724555,2025-01-21 14:44:05,47.26,paid
337325,967030,2025-01-04 07:48:59,533.67,paid
6987981,154252,2025-05-14 16:33:51,25.65,paid
6977110,514217,2025-07-27 13:15:39,696.48,paid
5092474,620725,2025-11-26 13:03:34,50.84,open
3134188,211956,2025-06-16 15:34:40,303.22,paid
2194348,691462,2025-04-11 21:26:13,114.97,paid
2018752,697547,2025-07-27 11:15:25,358.73,paid
5408157,780194,2025-09-02 09:41:56,1260.61,paid
8581261,258458,2025-12-27 12:42:20,2864.06,paid
6430512,451436,2025-04-13 11:54:08,38.57,paid
4130206,892300,2025-09-17 10:02:01,768.03,paid
3509962,292435,2025-06-25 07:06:57,919.26,paid
2210937,727242,2025-10-13 12:45:45,123.83,paid
4246953,641547,2025-04-30 07:25:53,618.02,paid
6258539,706802,2025-06-18 11:12:05,691.24,paid
7293475,210552,2025-10-02 07:57:15,3140.89,paid
3202791,891033,2025-06-05 08:57:18,101.5,paid
4560421,798586,2025-09-06 11:39:35,4618.31,paid
607230,862941,2025-12-10 10:54:37,382.71,paid
5187241,729499,2025-10-23 08:30:17,388.02,paid
8481096,870271,2025-05-15 08:50:18,58.54,paid
6906534,414105,2025-10-18 09:56:06,76.98,paid
2359045,185683,2025-04-18 09:59:02,4690.14,paid
9309581,511879,2025-05-21 09:08:35,629.23,paid
1929521,301453,2025-06-06 08:23:35,57.73,paid
8318380,603274,2025-10-28 14:33:48,36.39,paid
4691447,548818,2025-07-28 14:41:39,423.69,paid
3452514,902628,2025-05-23 09:57:38,2835.03,paid
3027527,235164,2025-04-14 14:43:36,1402.99,uncollectible
6934945,477382,2025-07-22 01:12:28,646.67,paid
4085619,282693,2025-11-02 13:53:07,34.06,paid
2824949,392724,2025-08-14 15:03:09,378.76,paid
2915903,874742,2025-10-03 11:35:03,921.74,uncollectible
2683360,356711,2025-11-20 08:10:15,1929.99,open
9974176,406745,2025-06-15 08:49:58,47.53,paid
5856536,531301,2025-11-07 10:09:58,36.38,paid
5435482,604851,2025-08-21 21:54:20,37.33,open
7337737,991572,2025-05-09 10:43:45,331.38,paid
8868060,847537,2025-06-16 13:13:29,14796.53,paid
8453338,449270,2025-07-30 12:36:44,85.97,paid
5489094,625558,2025-11-12 10:52:15,72.87,void
662178,379248,2025-03-04 09:04:26,2896.41,paid
8323032,435261,2025-08-03 09:26:46,873.6,paid
6764231,318214,2025-10-22 18:09:44,77.04,paid
6622210,122331,2025-11-20 15:08:37,37.1,paid
2310179,910761,2025-04-27 11:30:06,2833.57,paid
86667,847537,2025-07-25 10:09:20,15476.61,paid
2139421,362956,2025-11-24 08:37:54,44.94,paid
8490029,245051,2025-11-20 18:00:47,335.31,paid
7198601,379248,2025-05-29 13:52:52,2884.66,paid
397867,379292,2025-03-08 16:15:52,3309.97,paid
8932744,617749,2025-06-30 15:52:24,92.42,paid
7328770,249013,2025-06-01 12:38:50,4820.46,void
9820403,562219,2025-04-30 12:53:29,2258.4,paid
6683181,870010,2025-03-15 17:16:52,271.58,paid
650102,253622,2025-07-10 10:23:21,635.0,paid
2450477,621112,2025-03-03 09:12:13,4388.76,paid
4235628,323646,2025-05-04 08:21:57,644.92,paid
9901617,491474,2025-05-28 08:38:46,2410.31,paid
2177461,558918,2025-10-12 14:50:49,847.17,paid
2792012,826663,2025-01-30 13:03:39,2525.11,paid
2584790,935611,2025-03-03 17:25:17,37.98,paid
1064097,716836,2025-08-02 11:13:32,93.36,paid
5686536,526700,2025-04-04 11:02:44,56.7,paid
9495913,150235,2025-04-29 01:56:27,47.08,paid
2498847,636784,2025-08-02 15:50:47,444.22,paid
7262170,815996,2025-04-16 08:27:23,878.32,paid
1851107,732615,2025-09-23 09:05:32,50.4,open
8452028,999282,2025-07-05 23:44:15,36.65,paid
4727570,331341,2025-09-11 15:33:46,44.17,paid
7299019,757349,2025-05-12 16:26:57,13989.34,paid
7415073,298048,2025-05-19 16:22:22,60.95,paid
2134727,358134,2025-04-05 09:48:30,978.04,paid
6956443,540635,2025-09-08 09:50:22,168.35,uncollectible
2075655,110220,2025-02-20 16:40:49,59.72,paid
141230,216101,2025-01-24 17:48:14,24.56,paid
5660146,604137,2025-05-13 19:42:59,59.61,uncollectible
648588,901602,2025-01-26 17:22:04,903.79,paid
1010616,990741,2025-10-09 10:19:43,58.62,paid
4777302,618342,2025-02-22 15:05:06,3813.94,paid
6025594,194570,2025-09-12 07:10:42,37.43,paid
2932829,687117,2025-05-03 22:52:05,46.39,paid
7566825,575421,2025-03-12 16:15:49,92.48,paid
4147507,757526,2025-06-03 09:22:31,43.75,uncollectible
6224552,245051,2025-06-05 11:34:46,311.7,paid
8737512,833504,2025-04-12 10:39:56,3207.79,paid
5701580,288798,2025-11-14 07:42:03,74.64,paid
3424835,952233,2025-07-14 06:20:41,611.41,open
9228259,818984,2025-01-11 08:22:26,1752.89,paid
1805824,644920,2025-03-13 17:28:09,639.64,paid
5486836,726509,2025-03-26 09:33:31,85.45,paid
3227293,183180,2025-02-25 15:27:54,355.72,paid
4858773,600525,2025-11-01 07:34:32,1293.91,paid
9511969,586841,2025-10-28 15:34:02,189.39,paid
3638641,523028,2025-07-01 07:29:14,57.21,paid
6805037,996360,2025-04-17 12:06:47,100.14,paid
4772150,288150,2025-03-14 08:44:16,359.84,paid
6762808,145314,2025-05-17 19:27:00,49.53,void
3752166,507445,2025-09-09 16:00:30,646.42,paid
8399244,208743,2025-12-11 12:02:42,558.58,paid
8490949,211058,2025-08-14 20:20:47,485.98,paid
4603769,551545,2025-12-04 09:51:53,36.58,paid
6463512,260885,2025-02-26 11:41:57,37.94,paid
5353453,189580,2025-01-13 10:29:59,115.82,paid
6587966,445138,2025-10-26 15:48:18,142.63,paid
4773335,492564,2025-03-14 16:20:53,376.57,paid
9819849,603307,2025-06-11 07:33:57,36.5,paid
5237142,644475,2025-06-25 10:05:56,63.34,paid
8552839,479650,2025-12-06 06:26:34,83.49,paid
1146334,435506,2025-12-26 10:04:46,406.9,paid
3268655,551545,2025-09-24 12:43:36,38.38,paid
7753141,230161,2025-02-02 11:54:25,439.52,paid
572099,210309,2025-07-17 15:39:59,37.5,paid
8048601,776288,2025-12-27 19:35:41,547.66,paid
8580787,133440,2025-10-06 16:43:26,86.53,paid
71899,449270,2025-04-30 11:15:45,95.41,paid
1419813,960588,2025-01-22 11:14:47,49.48,paid
4816453,988184,2025-07-12 01:14:32,1647.56,paid
7920012,774503,2025-08-14 03:12:47,61.15,uncollectible
1999718,212090,2025-11-08 13:32:31,821.13,paid
9857536,621013,2025-09-25 19:42:47,34.63,paid
2734894,228499,2025-02-23 13:00:51,38.08,paid
9265901,539755,2025-05-16 09:17:15,23.53,paid
5113765,201117,2025-04-14 08:31:13,691.77,paid
4637025,440025,2025-09-08 13:25:20,797.27,paid
8988412,895559,2025-12-10 13:03:02,710.25,paid
226193,246475,2025-03-21 11:22:44,77.42,paid
4074445,208561,2025-07-23 13:07:55,103.45,paid
3469316,260444,2025-06-10 13:17:57,834.92,paid
3421383,798586,2025-12-04 15:27:04,4306.59,paid
5300056,724555,2025-06-26 08:14:17,44.45,paid
2544739,209127,2025-06-05 22:29:26,2007.19,paid
4066139,493447,2025-11-26 13:45:31,2212.05,paid
6741781,692089,2025-10-15 11:50:34,734.66,paid
4541364,693667,2025-11-14 11:58:44,481.25,paid
6045872,749734,2025-06-08 21:41:56,58.24,paid
9404940,516809,2025-01-23 13:35:18,677.42,void
3500744,374056,2025-09-07 17:26:21,459.27,paid
796666,649261,2025-12-07 17:04:09,560.33,paid
1828801,910761,2025-03-28 16:34:50,2761.99,paid
2918184,566579,2025-05-31 15:43:33,2226.92,paid
1033479,224336,2025-05-28 02:21:44,38.96,open
8506195,225448,2025-02-07 10:47:21,3687.02,paid
5148751,462096,2025-06-21 09:15:52,3736.02,paid
8828890,607403,2025-05-28 04:48:36,554.88,paid
4713354,930679,2025-10-30 10:59:11,61.04,paid
4710086,809176,2025-12-08 12:16:05,678.55,paid
1052426,443866,2025-11-21 22:18:31,38.29,paid
7172723,105266,2025-08-05 14:33:12,64.8,paid
4367167,331341,2025-09-11 10:08:48,44.52,paid
5855115,487099,2025-10-02 17:18:10,32.05,paid
3054098,647019,2025-04-18 07:37:28,804.22,paid
9763262,198116,2025-07-22 09:24:12,823.64,paid
1239997,706802,2025-06-10 08:36:01,740.92,paid
3245405,633095,2025-06-12 11:18:17,1333.09,paid
2313234,701732,2025-09-20 12:17:38,39.07,paid
4634292,256019,2025-01-02 10:49:21,692.83,paid
6424460,836465,2025-09-19 10:07:28,241.63,paid
1963696,269054,2025-05-04 11:44:21,80.72,paid
3828189,692337,2025-04-25 12:20:33,733.89,paid
6946257,951550,2025-06-18 15:01:42,35.13,paid
4848109,958517,2025-11-23 10:20:00,665.08,paid
9136347,122331,2025-08-12 15:51:59,34.78,paid
6323956,861024,2025-03-17 15:28:34,768.67,paid
5568623,820834,2025-10-29 13:44:38,633.42,paid
6943145,842517,2025-04-26 12:05:06,894.56,paid
9069299,875061,2025-10-18 09:45:00,104.14,paid
8757378,583252,2025-12-08 13:37:21,504.85,paid
4708351,479649,2025-01-25 09:09:02,44.2,paid
6345041,492337,2025-09-26 20:57:26,44.57,paid
3066788,627910,2025-06-25 13:24:04,107.41,paid
2228921,110220,2025-01-04 08:26:36,56.2,paid
3245352,383211,2025-12-18 07:39:17,857.6,paid
4991448,124671,2025-09-09 16:39:31,465.97,paid
1037689,189198,2025-07-26 16:27:49,12.61,paid
8347828,613449,2025-04-01 12:08:06,242.32,paid
5225175,244780,2025-12-19 09:14:26,5882.99,paid
1389645,365756,2025-11-24 20:02:03,49.26,paid
7043614,845929,2025-05-18 07:47:15,50.92,paid
6314200,978965,2025-08-29 12:00:20,635.39,paid
9032433,995934,2025-08-21 11:27:01,323.94,paid
7204470,125160,2025-09-13 13:47:18,92.36,paid
6570914,249442,2025-08-17 17:24:29,3654.63,paid
3954312,881378,2025-01-27 17:53:13,12.8,uncollectible
1015202,139051,2025-04-20 17:44:47,36.97,open
352216,664752,2025-04-17 10:29:37,78.04,paid
8318671,511497,2025-07-21 16:29:22,942.27,paid
1898804,887991,2025-09-25 04:40:57,74.34,void
3270178,227254,2025-11-23 13:59:10,71.7,paid
2227988,575346,2025-12-16 16:14:34,543.05,paid
8971544,247003,2025-06-13 15:09:29,743.05,paid
8608462,277459,2025-05-07 12:27:22,142.43,void
1312658,262565,2025-05-13 15:10:38,563.49,paid
7544281,295167,2025-06-08 17:53:37,50.46,paid
7252867,741646,2025-04-10 06:19:44,810.39,paid
6555181,144659,2025-02-02 09:02:07,535.82,paid
5885614,553898,2025-11-10 08:10:30,97.97,paid
3398919,336143,2025-08-08 17:48:26,23.66,paid
6594853,644475,2025-09-24 15:59:50,57.88,paid
8958523,451700,2025-02-20 09:23:52,96.98,paid
9826677,725693,2025-08-07 15:36:32,305.02,open
1367306,875381,2025-09-16 16:19:38,877.39,paid
6717167,372638,2025-01-28 08:01:36,40.44,void
8217669,245051,2025-06-05 12:46:13,316.67,paid
3866861,888218,2025-02-17 06:29:31,47.69,open
3119304,865573,2025-08-29 15:27:49,105.71,paid
7494531,969783,2025-10-10 20:45:13,622.34,paid
490810,353111,2025-11-01 08:59:11,578.13,paid
4594857,386921,2025-08-14 16:01:41,2759.49,paid
416502,136409,2025-08-13 07:25:31,88.41,paid
1551236,124671,2025-12-29 14:21:07,385.16,paid
2423938,262660,2025-02-20 14:29:47,174.23,paid
4068347,862228,2025-10-01 10:03:52,25.44,paid
8031355,893855,2025-11-29 08:29:53,37.41,paid
634214,828822,2025-11-28 15:19:17,3688.8,paid
3985625,647876,2025-09-05 16:19:05,246.03,paid
437714,687117,2025-06-01 16:29:38,49.47,paid
3648566,734042,2025-08-26 09:53:02,64.12,paid
3708146,250089,2025-09-23 17:47:27,33.96,paid
9619757,301410,2025-06-09 07:47:39,238.49,paid
7854625,170254,2025-08-06 09:35:17,567.28,paid
6463165,951550,2025-12-15 09:01:00,36.65,paid
6974173,739213,2025-05-17 07:27:05,69.51,open
9760456,376850,2025-12-09 19:22:56,47.68,paid
1526857,112651,2025-09-23 16:13:06,35.32,paid
9150130,415716,2025-08-25 19:58:00,32.56,paid
8420059,731867,2025-11-23 07:14:00,768.95,paid
4780505,541269,2025-07-24 17:28:18,230.97,paid
1007668,571416,2025-09-18 17:05:29,224.3,uncollectible
1108692,787646,2025-09-07 08:19:07,627.22,void
3810955,731506,2025-06-13 12:59:02,11.87,paid
7236588,918351,2025-03-25 09:40:00,77.86,paid
5564938,713866,2025-06-29 17:38:32,756.08,paid
5466581,519323,2025-12-01 13:06:38,33.9,paid
7617247,806120,2025-04-03 09:21:10,46.72,paid
5092941,966960,2025-09-06 11:51:17,719.98,void
4127341,400628,2025-07-08 12:33:19,36.72,paid
1074698,812313,2025-04-02 15:33:12,99.16,paid
560441,862228,2025-08-20 12:33:42,24.2,paid
6668302,550131,2025-01-30 15:18:46,784.06,paid
4932146,400628,2025-12-20 10:03:44,40.38,paid
36880,105052,2025-08-31 10:26:27,905.18,paid
1864328,782825,2025-11-27 15:28:22,6931.6,paid
3448367,242844,2025-02-28 08:50:22,1904.11,paid
7791901,331341,2025-12-26 08:14:56,53.02,paid
7995096,451238,2025-05-12 15:17:30,757.08,paid
3430924,359909,2025-05-02 14:54:58,718.45,paid
2065912,861024,2025-09-05 10:35:40,865.64,paid
751569,969783,2025-08-15 16:32:36,634.82,paid
7277536,182129,2025-04-04 07:36:51,423.38,paid
2757792,827874,2025-03-15 21:56:57,59.87,paid
9040557,269054,2025-01-09 08:39:04,78.44,paid
1790825,290492,2025-10-25 21:50:52,103.44,paid
6776625,943223,2025-04-13 08:51:20,406.11,paid
1583686,564516,2025-03-22 17:38:11,740.74,paid
2575088,443384,2025-05-17 08:50:29,80.73,paid
8046828,395913,2025-05-05 20:03:05,396.85,paid
1767476,424994,2025-09-15 13:21:25,3272.64,paid
9486379,704441,2025-08-19 09:09:29,727.01,paid
4554048,820834,2025-10-20 07:35:00,628.84,paid
7323650,561622,2025-04-22 16:09:46,37.67,paid
1594090,218019,2025-09-17 14:10:21,70.0,paid
6481051,104172,2025-10-03 06:40:30,24.16,paid
3347903,744444,2025-02-26 22:23:29,2567.34,paid
1736557,298901,2025-12-01 13:43:15,66.84,paid
2284151,723271,2025-08-20 15:12:01,552.98,paid
4624735,714944,2025-01-09 21:49:52,721.93,paid
9936608,138819,2025-08-28 13:32:26,66.05,paid
8967771,479649,2025-10-14 07:36:10,44.09,paid
3383740,902347,2025-07-18 09:29:20,3299.61,paid
226478,691620,2025-04-25 07:09:17,33.89,open
5966380,892300,2025-11-09 13:33:31,811.59,paid
5711386,211956,2025-08-27 10:34:15,256.85,paid
795975,768839,2025-07-30 14:37:40,12.83,paid
9109674,722460,2025-03-23 16:18:15,57.1,paid
1032298,863793,2025-05-17 12:09:21,97.18,paid
5929432,336143,2025-05-18 11:59:11,24.27,paid
8184308,662010,2025-05-21 16:46:31,44.73,paid
1906132,995560,2025-07-11 15:02:13,36.93,paid
1255428,909042,2025-12-28 23:55:10,48.25,paid
6001204,104172,2025-07-31 11:08:33,24.93,paid
8483657,225784,2025-04-23 11:38:56,4826.88,paid
4126334,679825,2025-07-09 13:46:17,3368.93,paid
2278329,135223,2025-02-26 08:50:19,73.52,paid
4943167,839782,2025-06-12 19:23:54,1798.11,paid
6478912,201370,2025-02-09 16:22:41,1020.93,paid
7156511,832087,2025-05-18 02:18:43,396.63,void
4194614,265516,2025-06-15 09:32:18,147.66,void
1686222,315175,2025-07-25 21:44:40,57.85,paid
402657,951550,2025-04-23 15:38:26,38.31,paid
419815,969635,2025-05-21 22:14:09,94.45,paid
7480379,125807,2025-01-04 11:13:31,569.13,paid
7313725,203951,2025-02-28 07:19:09,546.79,paid
526179,353158,2025-12-23 23:41:32,1792.35,paid
8300423,605260,2025-11-12 07:42:25,70.54,paid
5931147,805099,2025-04-10 12:44:22,39.81,paid
601420,615864,2025-02-13 06:44:08,612.77,paid
8265155,302271,2025-03-20 19:16:09,4776.43,paid
8743866,822504,2025-01-28 12:53:15,668.54,paid
8651835,387432,2025-09-15 11:37:35,506.85,paid
4150765,900536,2025-09-23 09:24:19,46.09,paid
4731577,253221,2025-05-31 20:04:51,123.69,paid
3387976,439406,2025-12-20 16:12:47,116.94,paid
5868100,749734,2025-12-04 21:26:42,60.29,paid
4883436,583252,2025-08-01 08:59:39,490.47,paid
7225113,768193,2025-04-30 14:32:18,657.33,paid
9052521,200323,2025-12-26 08:12:16,133.01,paid
1311118,970778,2025-11-26 01:40:01,626.12,paid
9589234,440025,2025-03-17 12:17:14,748.42,paid
8683568,571416,2025-03-31 05:06:24,222.07,paid
8309906,171084,2025-04-26 09:47:01,892.18,paid
1081234,942304,2025-05-18 08:34:00,4945.16,uncollectible
8615387,541269,2025-08-29 09:28:26,221.93,paid
990490,847537,2025-06-16 14:36:41,16872.08,paid
1346643,488457,2025-05-02 20:56:41,70.77,uncollectible
4574190,835797,2025-08-01 17:29:45,575.88,paid
7556983,787021,2025-10-10 08:51:54,69.58,paid
5972481,480190,2025-07-01 16:55:14,36.34,paid
1620861,356856,2025-09-07 16:55:36,79.46,paid
722301,250471,2025-11-03 09:06:51,115.93,paid
3062475,278077,2025-04-28 06:46:59,236.29,open
9611549,301501,2025-11-30 08:44:26,653.0,paid
5139687,301453,2025-05-05 18:44:19,57.86,paid
71810,495640,2025-09-02 10:33:15,92.18,paid
5645395,789095,2025-02-16 13:08:16,69.29,paid
7299269,537253,2025-08-27 13:08:32,37.01,open
1933590,910761,2025-02-28 16:36:57,2952.95,paid
3653858,141893,2025-01-02 15:08:46,58.71,paid
6964711,174010,2025-12-17 16:55:57,89.21,uncollectible
3068707,108657,2025-11-09 05:58:44,684.09,paid
8336382,590704,2025-03-13 07:44:52,546.92,paid
7412996,550131,2025-09-21 16:51:52,802.01,paid
895368,669720,2025-02-16 10:19:14,5883.79,paid
9239798,741646,2025-12-04 19:45:36,765.18,paid
2446002,962759,2025-06-19 12:33:41,73.91,paid
8002211,504637,2025-12-09 15:17:54,48.99,paid
6330188,597592,2025-03-11 16:28:37,347.22,paid
6965581,445354,2025-02-21 04:23:25,72.13,paid
3184281,791336,2025-08-31 15:45:58,524.18,paid
4445532,269978,2025-03-28 11:50:59,510.49,paid
8800012,203708,2025-06-30 09:33:11,605.32,paid
3640903,796619,2025-07-21 07:48:08,463.38,void
4625256,646333,2025-10-04 08:35:56,61.63,paid
5023081,561622,2025-08-19 13:00:04,35.76,paid
6656943,480190,2025-07-19 08:32:25,39.38,void
9390650,969635,2025-10-15 18:49:28,95.14,paid
1629687,680171,2025-11-08 15:05:24,69.58,paid
2342747,877086,2025-07-20 14:52:32,488.69,paid
5563231,282947,2025-02-24 09:52:16,58.84,paid
9674961,675863,2025-12-18 13:50:58,467.8,paid
6405474,148986,2025-06-02 11:32:54,178.95,paid
284974,365756,2025-05-31 16:58:03,47.69,paid
3239114,575421,2025-04-20 16:01:04,95.14,uncollectible
2399781,142057,2025-04-08 13:44:19,430.42,paid
4438627,977420,2025-10-30 10:04:10,23.62,paid
6896964,995560,2025-04-03 14:24:48,38.04,paid
3670830,807582,2025-02-21 18:46:32,326.73,paid
3427181,271313,2025-11-13 09:56:27,998.15,paid
5004132,575382,2025-10-29 19:14:10,752.9,paid
1534095,411362,2025-09-21 16:52:38,88.41,paid
9425400,253221,2025-11-25 15:48:08,122.57,void
2079102,992844,2025-08-25 06:54:57,316.8,paid
444261,470193,2025-01-19 12:57:44,75.0,paid
7876061,734042,2025-12-03 12:49:15,58.78,open
9637712,644920,2025-10-03 17:42:49,592.6,paid
3278009,178553,2025-08-30 09:27:51,35.51,paid
9789236,540749,2025-03-09 11:48:14,23.62,paid
6858716,989345,2025-01-07 09:25:15,175.29,paid
6475653,468130,2025-03-19 14:02:16,736.17,paid
4977033,669720,2025-08-06 15:21:30,5200.13,paid
9573494,393542,2025-01-07 16:19:24,35.24,paid
893970,847327,2025-12-25 15:16:00,808.72,paid
6627581,554320,2025-07-08 13:47:21,3217.68,paid
8107078,858507,2025-05-15 14:50:13,2373.57,paid
9583474,722460,2025-11-18 16:44:01,57.44,paid
8787618,858507,2025-10-27 18:48:03,2334.76,paid
4238249,540635,2025-07-11 09:21:00,181.19,paid
2943527,682986,2025-12-25 10:47:12,117.74,paid
2782337,196541,2025-06-25 13:55:34,33.48,paid
9092100,902662,2025-10-28 14:23:22,37.87,paid
9218119,899024,2025-07-09 07:09:29,71.21,paid
3295644,277459,2025-05-06 18:00:32,143.08,paid
9129832,557850,2025-12-11 15:09:40,4316.45,paid
4583989,574470,2025-04-11 18:21:04,401.34,paid
7487905,164080,2025-02-24 09:21:20,66.82,paid
4217912,271695,2025-04-24 15:34:39,48.2,paid
6559702,247003,2025-02-05 10:57:56,683.93,paid
86806,830784,2025-08-07 15:33:46,502.02,paid
4714672,314260,2025-06-27 10:30:17,2218.65,paid
4202599,618152,2025-10-18 18:51:41,1746.96,paid
212340,914638,2025-06-27 19:14:04,83.45,paid
7594894,227254,2025-09-04 08:07:48,69.87,paid
77736,131876,2025-02-08 06:22:51,98.15,uncollectible
3603636,467235,2025-04-29 10:55:13,97.45,paid
2271722,799901,2025-11-01 20:51:18,715.29,paid
8936600,269555,2025-07-07 07:04:51,243.78,paid
6145416,234922,2025-09-25 18:12:37,3148.85,paid
1250731,644475,2025-08-04 09:04:59,63.83,paid
5377310,144659,2025-12-04 01:20:38,486.2,paid
4614275,479242,2025-08-29 01:25:58,259.16,open
1050181,842517,2025-02-15 20:11:32,930.88,paid
384316,499802,2025-04-13 13:02:55,87.6,paid
3938939,492564,2025-05-03 10:27:30,363.13,paid
5921349,394508,2025-10-01 06:41:29,38.77,open
524786,179049,2025-11-16 14:35:34,351.92,paid
1638438,722037,2025-07-31 13:42:39,137.65,paid
958339,775696,2025-12-05 12:37:16,57.77,paid
5736393,247268,2025-12-24 11:50:47,533.07,paid
8420626,564516,2025-11-20 14:48:28,703.4,paid
3104304,363409,2025-09-02 13:45:36,666.63,paid
1394464,995934,2025-09-05 11:54:36,328.09,paid
5560876,691620,2025-07-08 22:33:50,39.68,paid
955999,475777,2025-08-09 17:54:56,45.61,paid
2613448,789095,2025-03-14 17:42:11,65.26,paid
2095768,363319,2025-02-03 08:40:20,34.61,paid
8335423,831303,2025-04-24 08:36:02,207.09,paid
913782,440025,2025-05-14 12:28:39,793.52,paid
2970759,960588,2025-01-13 17:11:07,50.19,paid
6579036,260951,2025-07-20 13:23:03,3038.94,paid
2254851,259984,2025-01-19 13:24:22,2005.51,paid
8217993,607403,2025-07-31 08:54:10,601.32,paid
6560275,227569,2025-04-05 15:33:18,283.79,paid
4936591,697547,2025-02-11 19:59:29,324.7,paid
5979902,653379,2025-10-30 12:31:22,292.52,paid
9527062,872833,2025-06-04 09:25:03,34.64,void
5439245,124942,2025-08-20 10:34:27,621.54,uncollectible
4663253,807582,2025-04-19 15:04:47,323.92,paid
5225660,685200,2025-12-15 11:36:30,440.0,paid
5326149,865573,2025-10-07 18:01:31,104.49,paid
3475739,799901,2025-10-25 10:23:31,694.34,paid
6057049,987167,2025-02-26 12:00:24,463.11,paid
7187464,383211,2025-09-29 11:50:26,843.34,paid
9644071,664752,2025-06-23 12:31:32,87.19,paid
8168733,216530,2025-12-05 11:19:59,80.39,paid
7749265,332026,2025-05-06 13:05:45,40.69,paid
8595886,498584,2025-07-09 18:11:55,66.63,paid
8690108,830784,2025-09-22 09:52:14,591.99,paid
3720425,479650,2025-12-15 14:58:39,90.68,paid
7014390,586292,2025-09-08 13:35:43,35.26,paid
8704085,627691,2025-03-07 17:41:38,4330.55,paid
3912912,260885,2025-10-21 13:46:23,36.17,paid
102095,353738,2025-04-17 08:13:16,821.09,open
208816,687117,2025-04-20 15:34:57,48.52,paid
3026946,645195,2025-01-25 07:25:22,37.03,paid
1928982,234922,2025-11-01 14:06:18,3083.3,paid
1006199,564516,2025-07-29 07:46:03,680.06,paid
7092473,992229,2025-04-11 11:52:46,2796.38,paid
4280611,799789,2025-07-13 13:19:37,83.38,paid
4162019,492337,2025-11-01 13:42:18,46.56,paid
5956045,310019,2025-09-16 18:35:42,2280.62,paid
1996085,414766,2025-02-03 12:06:44,57.61,paid
2924802,663216,2025-08-18 13:24:55,434.23,paid
9842939,820834,2025-09-23 15:51:48,625.92,paid
2215139,897529,2025-09-07 15:27:34,21.4,paid
1526689,592127,2025-07-25 10:24:12,35.29,paid
4042126,622939,2025-10-23 13:50:43,509.21,paid
7183421,291773,2025-02-26 18:53:04,80.73,paid
2728287,586292,2025-12-20 12:51:38,39.19,paid
8145636,505397,2025-03-11 07:47:12,114.68,open
4453795,989345,2025-08-26 10:01:56,163.67,paid
6198586,517368,2025-09-19 17:06:53,4237.53,open
9968668,372638,2025-12-16 13:02:28,36.31,paid
820803,831195,2025-06-13 10:10:35,931.08,paid
3420295,378343,2025-11-23 20:31:00,525.19,paid
6184010,373043,2025-12-24 10:20:16,39.59,paid
7890347,918212,2025-06-21 17:58:34,4515.28,paid
6548973,734926,2025-10-19 11:38:14,111.58,paid
2371370,216864,2025-05-26 23:23:56,25.27,paid
1032162,531456,2025-11-29 15:31:18,70.8,paid
9937811,809176,2025-03-18 13:06:45,711.33,paid
4538867,254564,2025-08-20 18:36:13,4249.3,paid
9990214,339830,2025-09-14 19:38:58,3040.23,paid
2980803,250471,2025-03-21 20:23:51,105.19,paid
9784907,697314,2025-03-22 07:27:46,398.04,paid
7127832,531456,2025-04-16 18:58:35,86.18,paid
3173243,104172,2025-09-18 17:53:31,23.39,paid
8671387,995934,2025-10-08 19:02:57,328.37,paid
260507,854166,2025-04-27 16:17:54,543.66,paid
3894837,687117,2025-04-26 10:20:11,43.43,paid
8002098,304962,2025-03-21 09:30:26,5269.18,paid
4601224,574470,2025-12-09 15:50:17,419.12,paid
2227337,832722,2025-11-21 09:20:41,1766.73,paid
7267906,353111,2025-01-02 07:37:12,557.24,paid
4480829,893855,2025-04-01 08:42:45,35.82,paid
6525593,279735,2025-07-23 14:25:45,93.23,paid
2931320,245270,2025-12-30 07:02:58,22.73,paid
592234,359748,2025-04-08 11:25:51,588.68,paid
5799576,580435,2025-01-31 14:51:46,613.17,paid
7908600,831303,2025-03-19 08:16:31,222.31,paid
6093193,398032,2025-09-22 21:37:32,34.71,paid
3837384,114026,2025-06-22 01:57:48,89.59,paid
3327512,375756,2025-02-10 12:15:13,663.15,paid
5028983,278077,2025-10-03 09:48:54,256.05,paid
5005607,824578,2025-09-08 13:56:23,548.89,paid
4662684,493074,2025-05-14 09:45:58,57.5,paid
903151,383211,2025-12-22 18:49:20,829.07,paid
6158347,343808,2025-04-15 13:13:17,72.4,paid
1369437,665974,2025-10-19 09:53:45,34.44,paid
1798699,345955,2025-12-14 10:52:39,381.85,paid
8845037,597040,2025-11-15 13:22:31,69.36,paid
9189118,236900,2025-08-29 13:58:17,395.85,paid
6681778,154626,2025-11-18 20:27:01,661.39,paid
3426712,604126,2025-04-29 15:59:29,46.22,paid
4000766,256035,2025-04-07 10:25:52,34.25,paid
6340242,332026,2025-02-19 09:56:54,37.47,paid
8781961,861024,2025-09-28 15:45:49,938.82,paid
7348249,140197,2025-07-07 15:25:57,1510.55,paid
5172514,359178,2025-08-19 09:36:31,493.05,paid
5944620,685200,2025-11-29 17:17:16,450.16,paid
5595856,122331,2025-08-12 20:41:36,31.66,paid
5173641,145787,2025-12-11 09:19:44,664.88,paid
9023393,727242,2025-02-20 08:31:05,106.94,paid
7377620,950543,2025-08-19 19:29:56,39.37,paid
8912927,854467,2025-01-08 07:04:40,801.77,paid
8846916,457960,2025-08-11 09:18:58,37.95,paid
9339625,142057,2025-11-12 09:33:46,420.18,paid
8594960,561622,2025-09-04 06:55:32,39.02,paid
1039426,839821,2025-08-12 16:58:46,630.41,paid
4847300,104172,2025-07-31 00:08:06,22.12,paid
6426941,824578,2025-07-29 21:09:35,670.98,paid
7774866,339830,2025-03-30 11:00:52,2894.53,paid
5094463,890103,2025-08-20 02:40:54,98.59,paid
9907345,682864,2025-06-10 03:49:34,1114.84,paid
457903,563394,2025-02-01 10:36:23,912.54,paid
1798719,672009,2025-04-03 12:46:00,1101.85,paid
8195184,398032,2025-09-24 21:07:21,34.23,paid
7239080,641328,2025-11-16 14:59:36,23.24,paid
9317406,282947,2025-03-22 13:22:08,59.36,open
2643679,863338,2025-06-17 16:26:47,437.93,open
3328067,156588,2025-06-22 01:45:10,348.22,paid
2138521,854166,2025-09-02 14:51:19,525.49,paid
9559809,401402,2025-12-06 10:27:53,240.58,paid
3571937,269555,2025-11-07 08:35:48,265.29,paid
3923055,362956,2025-10-20 10:12:58,48.49,paid
2052502,398032,2025-09-22 20:08:19,35.32,paid
818298,593883,2025-05-13 18:57:32,38.19,paid
5749917,116787,2025-08-25 16:32:10,351.87,paid
764948,333795,2025-08-18 04:13:34,617.24,open
8573876,909740,2025-11-27 10:16:05,230.12,uncollectible
4948914,749288,2025-03-28 09:02:20,1713.2,paid
9123054,349634,2025-05-26 14:32:54,4019.61,paid
3831721,165039,2025-07-22 11:28:15,3888.51,paid
5960213,918643,2025-11-28 16:51:38,650.49,paid
6565763,782122,2025-05-27 17:02:39,32.34,paid
1053473,571416,2025-11-15 18:02:18,200.04,paid
1915330,492564,2025-07-07 17:01:05,380.07,paid
4660673,114128,2025-06-17 09:32:12,34.63,paid
1342415,277459,2025-12-11 13:19:14,149.47,paid
6778455,519323,2025-05-31 23:30:07,33.81,paid
4085507,342116,2025-08-24 15:18:45,54.28,paid
3048090,750386,2025-09-08 18:48:23,50.19,paid
6619864,656283,2025-03-13 06:08:27,689.25,open
2520514,565218,2025-12-20 16:44:15,2659.41,paid
9242669,954668,2025-10-12 15:19:55,440.94,paid
3248710,115359,2025-03-24 22:01:53,33.2,paid
7782696,865765,2025-01-16 11:31:32,126.66,paid
7880106,108657,2025-08-19 08:05:20,622.88,paid
8444982,412644,2025-09-28 11:43:40,63.67,paid
1126513,378343,2025-12-09 08:56:25,576.73,paid
6339617,289993,2025-07-17 14:20:33,537.16,paid
2079462,419173,2025-12-27 14:00:10,4086.13,paid
4239859,228677,2025-05-05 08:21:22,57.57,paid
5801918,560307,2025-06-18 17:55:21,34.73,open
4769085,888943,2025-05-08 07:04:08,38.2,paid
4365089,912127,2025-12-20 06:34:33,1841.56,open
5670335,430826,2025-09-08 13:32:04,4062.92,paid
5528723,250089,2025-08-29 10:11:06,38.39,paid
384546,156588,2025-11-01 12:11:07,342.38,paid
2981612,675202,2025-02-05 07:04:00,19873.45,paid
3054210,686916,2025-06-11 10:58:04,3360.61,paid
7478408,108657,2025-07-12 08:53:04,570.72,paid
8485921,165039,2025-06-11 12:27:27,3927.22,paid
8764066,194570,2025-07-15 19:01:12,37.23,paid
1066031,295167,2025-12-11 08:49:14,47.83,paid
3655649,232216,2025-05-25 09:09:13,35.35,paid
3552349,967030,2025-07-18 09:02:29,498.59,paid
5037202,258458,2025-07-31 11:05:51,3005.57,paid
1743813,806501,2025-12-10 07:16:49,456.56,paid
9227609,596031,2025-10-10 13:03:45,310.79,paid
8906415,868446,2025-12-10 20:13:00,766.21,paid
9908963,581789,2025-02-27 09:01:12,126.95,paid
2323134,723768,2025-02-22 08:32:19,375.68,paid
3076718,560307,2025-07-06 13:49:56,34.92,paid
1103645,557850,2025-11-21 08:45:39,4340.07,paid
4588471,414766,2025-04-16 09:13:16,56.77,paid
3909431,400628,2025-06-15 18:05:58,33.82,paid
2500627,479242,2025-12-24 09:01:06,252.32,paid
1031847,761986,2025-10-05 13:52:47,3721.95,paid
3376307,469600,2025-04-30 07:33:37,633.52,paid
3300726,871334,2025-03-16 10:00:33,96.35,paid
2725005,604126,2025-08-15 15:37:55,43.16,paid
1118899,692337,2025-07-18 01:49:16,722.89,paid
4639931,288393,2025-09-29 08:23:29,404.7,paid
8831565,219926,2025-03-19 10:31:46,3501.18,paid
5475310,143122,2025-09-10 07:27:57,34.39,paid
5420168,199248,2025-12-27 20:38:02,4019.46,paid
5739733,515850,2025-08-26 15:24:08,59.46,paid
1753855,875061,2025-03-10 13:18:05,118.13,paid
6175376,530957,2025-01-18 10:11:43,185.37,open
9817526,768839,2025-09-18 15:12:28,13.62,paid
7541938,493074,2025-02-18 21:48:42,55.71,uncollectible
2802949,402163,2025-02-01 16:42:55,57.94,paid
8844102,331341,2025-10-29 10:10:59,45.66,paid
8514300,479650,2025-09-08 07:05:06,88.66,paid
1237543,451700,2025-12-23 15:11:26,93.54,paid
139274,634412,2025-09-22 10:01:31,4324.81,paid
3043237,487420,2025-08-14 11:26:59,568.1,paid
8189556,687763,2025-08-06 12:40:21,434.21,paid
4439481,435261,2025-07-17 11:59:03,892.95,paid
8033246,917868,2025-10-18 19:32:48,69.74,paid
7027280,380358,2025-07-25 11:23:43,89.87,paid
7623709,726509,2025-12-12 15:16:42,83.83,paid
125659,203708,2025-08-22 09:13:08,550.7,paid
7935736,790797,2025-09-12 13:45:25,25.15,paid
2393555,651891,2025-02-05 17:52:32,12120.19,paid
9779824,673856,2025-06-02 14:34:29,59.88,paid
2731303,735377,2025-10-15 07:06:27,25.37,paid
8515661,875061,2025-08-21 10:46:22,105.16,paid
526424,200631,2025-07-16 12:39:18,252.83,paid
843015,723768,2025-06-02 12:28:55,406.33,paid
5032921,517173,2025-08-19 12:24:40,162.25,paid
5339092,634412,2025-10-16 08:42:09,4420.38,void
9258371,769395,2025-09-15 12:07:50,74.99,paid
8091469,843432,2025-06-21 08:14:18,24.93,paid
8256950,481953,2025-06-03 08:36:48,6697.38,paid
9683555,980608,2025-11-22 04:12:16,224.45,paid
4442995,425690,2025-01-05 15:31:18,36.1,paid
8339758,985162,2025-06-07 09:55:07,139.85,paid
2965923,108657,2025-12-10 14:27:50,572.71,paid
6466344,918643,2025-03-17 01:09:19,676.56,paid
5400190,124161,2025-10-28 15:42:03,130.76,paid
5032845,950959,2025-05-25 11:16:40,1134.26,paid
575811,557850,2025-08-30 15:45:00,4329.11,paid
9688688,975237,2025-04-27 12:51:07,446.12,paid
9419023,197488,2025-02-06 08:20:00,415.51,paid
4115077,212090,2025-03-09 17:57:01,827.29,paid
8127751,848451,2025-08-18 13:39:39,562.17,paid
3571632,250089,2025-12-11 13:42:25,37.87,paid
6641374,295860,2025-06-18 08:53:09,70.93,paid
3309847,877896,2025-12-01 08:06:54,66.72,paid
770737,133896,2025-08-12 16:35:14,2709.53,paid
3732744,617749,2025-08-02 19:15:38,77.93,paid
541263,382519,2025-05-27 19:05:15,155.18,paid
6779889,739213,2025-09-25 20:00:26,74.63,paid
3715164,551545,2025-02-18 16:47:31,36.77,paid
6218891,909042,2025-04-18 10:21:25,46.29,paid
7563310,383211,2025-01-12 10:38:23,831.72,paid
9968778,443384,2025-08-31 07:15:56,92.97,paid
4602606,893484,2025-03-06 16:36:28,423.51,paid
3286970,810060,2025-09-12 11:43:04,44.95,paid
8965972,901636,2025-06-22 10:54:43,389.82,paid
6700391,729870,2025-05-27 16:21:17,283.56,paid
619993,445138,2025-01-10 15:12:00,142.22,paid
9753666,951550,2025-03-30 15:47:05,34.37,paid
5160152,212090,2025-02-17 08:26:58,850.94,paid
7714904,535256,2025-11-24 12:35:03,500.1,paid
1011581,412468,2025-05-23 21:05:56,44.88,void
6214799,556479,2025-08-12 12:10:03,72.94,paid
191285,549442,2025-10-10 12:02:13,3941.43,paid
7222609,485273,2025-07-09 15:48:26,392.86,open
3225771,318405,2025-05-08 11:14:04,45.88,paid
5191494,972041,2025-09-23 12:37:02,611.81,paid
7247880,240194,2025-03-21 11:38:16,107.61,paid
581023,930679,2025-04-08 10:55:51,57.86,paid
5890540,662747,2025-04-28 17:44:50,17255.98,paid
5231611,376354,2025-01-29 16:46:20,76.81,paid
4885225,290492,2025-02-04 00:23:08,115.14,paid
9605647,649261,2025-08-10 12:34:19,531.98,paid
4143394,856439,2025-12-26 08:58:32,74.77,paid
3889424,185683,2025-09-21 17:17:17,4760.85,paid
6774605,345955,2025-07-09 15:02:20,413.63,paid
4940413,930679,2025-09-19 16:02:43,59.77,paid
569251,511470,2025-12-14 16:09:57,4119.21,paid
1242842,136425,2025-06-28 14:00:39,49.58,paid
2812993,110220,2025-05-29 08:33:03,67.33,paid
4898650,687117,2025-04-23 13:40:11,48.27,paid
8133825,734926,2025-06-28 17:32:13,126.72,paid
4276874,380284,2025-05-22 18:45:33,4449.68,paid
5252987,309198,2025-10-21 11:24:57,37.12,paid
8149588,537253,2025-08-29 06:11:52,35.1,paid
7727236,972041,2025-09-08 13:18:53,600.43,open
1984087,830784,2025-07-09 13:52:22,503.37,paid
6488337,997844,2025-03-10 09:27:32,6490.61,uncollectible
1691529,913140,2025-12-26 09:50:28,124.88,paid
2940187,896132,2025-06-30 12:54:34,102.23,paid
6414448,409157,2025-07-14 14:40:36,60.38,paid
5212485,997844,2025-04-08 14:32:11,6408.07,paid
5418459,586292,2025-09-08 14:24:27,36.71,paid
6313006,412093,2025-12-26 14:34:36,33.55,paid
8070970,133243,2025-11-20 09:44:28,25.64,paid
4247239,208743,2025-09-29 16:20:36,542.69,open
3740560,891033,2025-04-15 15:48:27,103.63,paid
2894525,462638,2025-06-06 07:57:05,5816.6,paid
1114110,913140,2025-02-27 08:37:58,124.07,paid
5516899,240194,2025-11-16 15:48:47,111.05,paid
3058942,888943,2025-07-12 14:24:09,34.15,paid
1554610,443384,2025-03-10 14:48:50,85.39,paid
6710131,836507,2025-02-18 08:59:00,107.13,paid
3997542,210552,2025-10-24 15:11:14,3507.2,paid
4636631,564779,2025-04-10 07:47:47,36.87,paid
9678917,189580,2025-07-18 14:27:55,114.24,uncollectible
1809524,708315,2025-09-19 07:23:54,29.91,paid
1866622,687763,2025-07-05 11:30:38,370.66,paid
4259746,259726,2025-03-08 08:25:24,44.44,paid
8953179,114128,2025-12-22 21:55:24,39.35,paid
2674451,972041,2025-06-14 17:21:03,569.31,paid
4007366,865573,2025-04-17 10:41:50,101.66,paid
808192,604137,2025-03-11 08:18:05,64.16,paid
2306704,603307,2025-06-23 14:05:39,40.52,paid
3918827,784693,2025-10-27 21:06:35,290.88,paid
5399436,372638,2025-08-14 22:44:41,34.8,paid
3720823,751178,2025-08-02 11:31:21,2114.55,paid
9117750,695703,2025-06-15 11:04:28,67.26,paid
1300812,386921,2025-07-06 14:30:54,2470.84,paid
4406107,301920,2025-05-21 08:15:01,37.89,paid
1461141,372180,2025-06-26 16:41:41,52.18,paid
9744856,599218,2025-06-28 11:11:39,5472.46,paid
806487,196472,2025-04-12 09:42:24,522.92,paid
1472632,586841,2025-05-09 11:56:16,212.02,paid
6562034,242324,2025-01-30 14:48:42,36.73,open
4425509,565218,2025-12-07 12:53:49,2845.78,uncollectible
3287439,886365,2025-05-19 19:57:41,2449.99,paid
1462404,235164,2025-10-27 10:41:07,1373.86,paid
6289903,451238,2025-01-06 15:44:26,731.43,paid
8587857,479242,2025-09-16 07:26:47,254.91,paid
5597543,373043,2025-08-10 14:45:12,38.02,paid
1611576,170008,2025-08-31 12:29:46,1999.62,paid
6665084,561696,2025-09-06 01:14:07,46.4,open
6162887,854467,2025-04-17 06:08:10,745.74,paid
7521835,129289,2025-03-23 11:58:38,23.77,paid
9756866,689786,2025-11-03 14:35:36,49.84,paid
8844759,918351,2025-04-16 05:22:56,85.35,paid
9821656,141893,2025-08-15 08:56:36,65.01,paid
3558511,129289,2025-03-03 14:03:37,23.75,paid
9040835,203860,2025-04-15 16:00:08,643.72,paid
9606045,237614,2025-02-27 08:03:27,573.01,open
1892605,868446,2025-01-01 10:06:08,787.19,paid
9729826,958517,2025-01-29 22:35:21,699.47,paid
500497,596031,2025-07-25 18:09:45,319.02,paid
2699158,691620,2025-08-23 08:30:00,38.23,paid
6891608,227569,2025-09-10 08:33:58,262.8,paid
3875117,526874,2025-03-21 15:33:07,903.85,paid
5919883,202107,2025-07-25 13:43:19,753.6,paid
1684266,269054,2025-04-22 07:41:46,83.54,paid
7993080,136425,2025-05-22 15:55:26,48.46,paid
5870544,687117,2025-02-23 11:58:20,47.53,paid
5541682,842629,2025-06-08 14:30:01,447.45,paid
4577118,845929,2025-05-18 05:26:39,48.92,paid
4407224,335130,2025-01-25 14:35:20,170.01,paid
887776,110861,2025-02-12 12:36:25,73.55,paid
2303262,417940,2025-07-09 09:01:51,75.53,paid
2113479,685200,2025-08-27 21:29:56,484.96,paid
273644,810060,2025-03-06 12:55:12,45.4,paid
632561,113010,2025-03-31 10:17:17,58.56,paid
8363549,566579,2025-06-17 13:42:08,2156.78,paid
9922692,791336,2025-02-20 18:04:41,527.57,paid
6659499,288393,2025-07-02 19:34:55,398.43,paid
3712435,899024,2025-11-06 13:28:29,67.61,paid
851736,865573,2025-08-12 10:21:01,111.8,paid
2726586,189580,2025-04-06 01:58:10,105.3,paid
7175010,390602,2025-06-07 08:43:26,419.78,paid
2016501,466636,2025-07-03 16:05:02,142.55,paid
6179041,674609,2025-03-22 11:51:47,73.71,open
9564984,142260,2025-02-11 18:02:05,5775.24,paid
5847980,647876,2025-01-17 10:15:14,252.83,paid
2109943,983167,2025-09-23 04:08:17,960.11,paid
5915521,805850,2025-08-25 11:50:28,387.72,paid
1208103,901613,2025-10-19 13:43:29,64.41,paid
339830,604126,2025-03-25 11:16:06,47.23,paid
6544220,870519,2025-10-26 08:25:08,24.77,paid
915303,172478,2025-07-25 13:37:00,442.1,paid
7567589,902347,2025-12-03 06:17:11,3154.51,paid
9637727,741178,2025-05-30 09:28:37,404.63,paid
5957829,110861,2025-04-14 16:10:53,61.72,paid
3986104,378702,2025-09-10 09:52:57,73.46,paid
8978893,989157,2025-10-01 15:55:00,102.74,paid
4638140,605260,2025-10-26 10:15:29,71.71,paid
3387298,262644,2025-11-29 16:41:39,1223.59,paid
2359307,651612,2025-06-22 15:18:53,58.36,paid
9984074,687763,2025-04-20 13:04:25,406.33,paid
8926753,727732,2025-05-29 18:32:36,53.37,paid
7214529,928274,2025-07-20 13:59:42,457.45,paid
7638444,165039,2025-11-28 08:09:34,3667.43,paid
4047175,247003,2025-08-14 14:07:49,680.01,paid
5834391,742518,2025-01-28 17:24:45,729.93,paid
4426372,869256,2025-12-24 08:08:34,71.69,paid
5701813,278870,2025-04-20 09:11:40,51.09,paid
5756984,197488,2025-08-16 13:11:42,379.77,paid
3264980,931016,2025-10-03 02:15:40,255.8,paid
1716356,647019,2025-03-06 13:41:44,801.84,paid
8898919,600525,2025-08-22 20:24:44,1333.8,paid
9015548,531301,2025-11-06 10:09:12,38.0,paid
5720819,290620,2025-06-08 10:52:32,73.58,open
6732152,750386,2025-11-29 10:15:06,47.46,paid
9928044,492564,2025-04-13 12:20:20,394.39,paid
5156636,169258,2025-06-07 16:46:39,523.44,void
5711754,428057,2025-08-02 18:24:52,47.72,paid
2535206,376354,2025-08-13 11:13:26,89.53,paid
4576981,282947,2025-08-21 14:42:59,55.92,paid
2848112,744444,2025-02-09 15:12:13,2585.0,paid
4967501,600806,2025-01-19 18:51:27,69.42,paid
599755,280034,2025-08-06 07:10:31,95.61,paid
7371594,603842,2025-04-28 14:05:23,65.94,paid
5721084,877086,2025-07-20 17:25:33,518.67,paid
7932466,893855,2025-09-01 07:51:41,32.9,paid
2893746,418604,2025-03-05 17:39:22,35.91,paid
4147682,163603,2025-05-13 13:41:06,34.99,paid
6529288,604137,2025-03-30 08:56:55,62.04,open
6443810,551362,2025-12-11 14:28:20,819.98,paid
5773600,114128,2025-12-01 16:38:54,36.8,paid
1258261,995264,2025-03-17 10:32:09,67.97,paid
452254,375756,2025-08-21 06:33:50,581.72,open
2671067,741646,2025-10-07 19:10:51,755.06,paid
7522450,868446,2025-08-19 10:51:30,793.91,paid
4131577,282217,2025-06-25 12:50:50,5898.51,paid
2533359,634053,2025-05-08 10:15:37,2600.02,paid
3282226,188341,2025-04-14 12:58:53,87.79,paid
9626903,164239,2025-12-02 11:37:18,37.37,paid
3081089,870010,2025-04-19 08:01:02,253.7,paid
4953976,481953,2025-08-29 15:39:09,6463.22,paid
9580605,861636,2025-03-26 13:37:16,379.78,paid
5559175,523028,2025-05-11 00:58:46,65.04,paid
9339795,393197,2025-08-02 13:14:00,763.57,paid
244074,996819,2025-10-16 13:44:24,1512.05,void
2474384,260951,2025-08-15 07:41:03,3065.04,paid
6439618,394508,2025-06-03 10:15:01,37.93,paid
7519764,234922,2025-11-09 13:32:56,3166.23,paid
2277383,218019,2025-04-21 12:17:18,71.0,paid
3008097,757684,2025-10-27 09:21:14,75.27,paid
3282789,206487,2025-03-23 01:32:54,67.85,paid
2332015,301353,2025-07-05 09:34:53,64.5,paid
9058583,260444,2025-08-11 13:12:17,749.66,paid
2926028,140197,2025-04-30 21:21:48,1714.4,paid
6934013,480190,2025-10-24 10:44:41,37.78,paid
8941354,218019,2025-12-20 11:55:16,70.45,paid
2433727,277459,2025-12-06 07:24:53,149.12,paid
4301495,425690,2025-10-01 17:08:15,39.37,paid
5954192,790797,2025-10-08 16:44:30,24.23,paid
8529262,761571,2025-05-19 13:46:04,55.7,paid
1260191,237570,2025-11-16 14:00:29,342.41,paid
2352051,395222,2025-03-23 07:02:11,193.01,uncollectible
4654832,376354,2025-09-03 21:26:58,83.25,uncollectible
6267899,498799,2025-01-19 13:58:45,408.08,paid
569348,619995,2025-12-17 14:14:04,39.04,paid
4406805,674609,2025-11-18 14:00:19,70.68,paid
8911218,378343,2025-08-11 13:25:36,585.58,paid
7099350,335130,2025-06-23 13:20:09,170.84,paid
8471056,114026,2025-07-13 08:19:56,84.75,paid
336082,975689,2025-10-04 17:00:53,370.05,paid
5369682,253622,2025-06-20 09:45:20,565.6,paid
292744,914638,2025-12-30 09:21:07,83.65,paid
4238388,190126,2025-02-27 08:22:47,59.51,paid
3258602,863338,2025-06-15 23:37:15,420.95,paid
9059096,604851,2025-08-21 06:58:44,36.99,paid
415405,252591,2025-12-23 10:51:00,444.42,paid
9394385,950873,2025-04-18 17:06:10,609.65,paid
8958010,815996,2025-04-04 19:46:52,835.04,paid
2850531,345589,2025-11-08 11:24:47,813.55,uncollectible
5214057,877086,2025-08-07 13:32:31,512.06,open
6807051,105266,2025-12-24 08:40:51,66.67,paid
1328153,742562,2025-04-08 08:21:44,1797.64,paid
7896401,423101,2025-03-02 16:41:19,4671.03,paid
2375628,820426,2025-08-08 07:02:15,61.93,paid
4291261,189189,2025-07-16 16:53:40,416.49,paid
2201327,641276,2025-10-05 11:57:27,164.18,paid
4905980,856439,2025-09-13 05:07:13,66.59,open
5520534,498584,2025-10-08 17:35:03,79.74,paid
9349392,544253,2025-05-21 19:52:53,118.39,paid
1264947,740262,2025-05-16 19:59:26,66.29,paid
5528291,565930,2025-08-19 19:13:29,637.63,paid
2627429,593883,2025-05-13 19:22:07,35.04,paid
8773144,304962,2025-09-12 16:12:39,5955.0,paid
8894048,517173,2025-05-13 07:58:44,209.23,paid
7166263,216490,2025-07-04 16:39:22,34.3,paid
7620372,176590,2025-12-29 12:39:38,37.68,paid
9702497,972041,2025-09-03 09:12:14,552.49,paid
4963545,499701,2025-07-20 11:27:59,265.86,open
9477160,952954,2025-01-20 16:35:02,405.67,paid
3417998,694103,2025-02-11 12:59:45,32.93,paid
9346776,298652,2025-07-26 17:18:30,580.38,paid
5591119,975237,2025-02-28 11:09:49,477.54,paid
9349256,298652,2025-01-14 07:16:21,631.81,paid
549431,359748,2025-10-18 16:54:33,542.7,paid
9731025,262644,2025-04-19 17:45:51,1068.5,paid
2657203,671372,2025-02-06 06:59:09,67.65,paid
4774994,633095,2025-11-24 11:08:20,1225.91,paid
1922286,686916,2025-05-28 13:24:56,4005.47,paid
3758978,211956,2025-03-26 12:55:48,293.79,paid
2864076,784693,2025-01-03 12:17:17,306.25,void
264057,298901,2025-05-29 10:52:19,57.98,paid
9770728,391164,2025-09-20 12:04:16,23.08,void
521388,436381,2025-11-11 10:57:28,62.3,paid
4010639,596031,2025-08-03 10:48:19,307.01,paid
3146272,697314,2025-07-14 13:46:44,400.25,paid
2131951,119727,2025-06-03 14:15:11,322.24,paid
8021468,847327,2025-12-29 21:52:13,832.6,open
742626,692863,2025-01-12 15:14:16,88.32,paid
1299897,787021,2025-02-22 17:11:44,74.53,paid
8058608,290492,2025-02-01 16:54:23,109.94,paid
9909583,870377,2025-11-06 15:10:57,34.19,paid
8087993,802565,2025-09-29 16:08:43,3331.95,paid
1083892,552380,2025-06-09 10:17:44,1610.73,paid
1151193,206528,2025-09-12 12:58:11,101.3,paid
9192274,862941,2025-10-28 11:53:27,363.19,paid
8227662,192010,2025-11-27 20:01:01,3125.1,paid
9436227,318405,2025-10-13 06:21:29,49.08,open
9907951,318147,2025-05-28 09:49:30,31.84,paid
7185686,111647,2025-09-06 02:33:22,8935.68,paid
6789300,779884,2025-11-11 10:04:49,4989.72,paid
1776363,208743,2025-07-22 15:10:45,546.12,paid
5456301,237614,2025-04-29 04:05:48,662.53,paid
5029767,433844,2025-02-27 18:08:20,37.64,open
5185016,170008,2025-06-05 12:59:33,2393.47,paid
6595793,724051,2025-09-15 09:26:32,297.4,paid
5823246,649882,2025-11-15 13:16:30,81.88,paid
8868988,902628,2025-10-04 15:30:53,3269.1,paid
9679233,854467,2025-09-04 07:42:24,751.77,paid
7444771,671372,2025-12-12 11:32:40,74.85,paid
1769741,980971,2025-10-21 11:03:55,488.93,paid
7989294,841724,2025-03-16 10:17:48,3191.83,paid
926684,754948,2025-01-11 13:54:01,3093.85,paid
7603538,355983,2025-08-29 15:34:49,271.0,paid
596377,493447,2025-02-24 08:17:02,2470.46,paid
4883204,708315,2025-06-03 17:05:01,33.59,paid
9935277,362956,2025-04-29 17:00:53,39.35,paid
5747951,815996,2025-09-04 14:37:33,812.56,paid
5678936,481016,2025-08-05 07:57:12,713.6,uncollectible
5229892,821114,2025-12-05 18:50:30,498.96,paid
264699,697547,2025-12-21 07:07:47,354.01,paid
4996322,379292,2025-02-03 12:48:04,3488.38,paid
4338410,676881,2025-12-05 14:00:34,37.85,paid
2052955,225784,2025-07-20 01:32:14,4719.53,paid
7948578,199248,2025-08-22 17:00:30,4011.15,open
607299,759736,2025-06-19 14:50:26,541.98,paid
3880808,120608,2025-11-23 09:50:42,47.48,paid
5696424,412644,2025-05-20 10:46:59,65.69,paid
2005004,260885,2025-11-28 15:18:04,37.81,paid
3146784,663683,2025-08-12 14:10:02,49.25,paid
8029594,793847,2025-07-30 14:19:06,562.4,paid
6408307,642899,2025-12-28 13:06:35,68.44,paid
9474993,141134,2025-01-10 15:53:09,70.18,paid
1994961,492337,2025-09-26 19:22:23,52.16,paid
9881280,728261,2025-08-17 08:49:02,100.37,paid
4058237,839782,2025-09-12 11:55:11,1726.07,open
2540146,565930,2025-08-05 04:24:15,728.18,void
4929262,417940,2025-10-19 15:49:00,68.09,paid
3497919,952954,2025-11-12 17:58:27,464.77,paid
4169459,190126,2025-07-17 10:52:11,54.98,paid
1823410,664752,2025-01-14 10:08:00,90.87,paid
6373491,353158,2025-06-13 15:44:38,1707.28,paid
9607771,768193,2025-05-30 14:20:59,662.75,paid
534194,296755,2025-05-21 07:03:58,136.37,open
2177726,112414,2025-05-26 10:43:55,34.14,paid
5812521,842629,2025-12-10 22:26:08,441.43,paid
2911562,761986,2025-09-21 13:19:53,3770.93,paid
4457065,696918,2025-10-17 12:32:42,305.52,paid
4683014,785078,2025-11-17 12:25:14,76.39,paid
9618998,493074,2025-04-19 16:24:34,62.96,paid
7464538,370589,2025-12-24 07:49:33,576.47,paid
8237001,873644,2025-03-28 11:14:24,350.46,paid
2236214,632926,2025-10-29 12:14:07,1091.15,paid
5450912,172478,2025-05-02 11:41:11,510.65,paid
218322,369202,2025-07-28 11:37:54,565.73,paid
8121536,152728,2025-07-12 09:35:16,9545.55,paid
3032981,819199,2025-06-15 10:12:31,36.8,paid
9127659,999282,2025-07-04 22:06:19,36.88,paid
3023191,651612,2025-08-07 10:16:56,60.4,open
1952101,457960,2025-10-15 11:48:22,34.23,paid
1515642,571416,2025-10-19 07:06:55,214.15,paid
336951,699272,2025-12-28 18:49:07,79.27,open
7672809,558269,2025-08-12 13:12:29,14962.79,paid
1922547,475777,2025-08-09 18:45:19,47.25,paid
5305171,782122,2025-12-21 07:29:57,35.77,paid
7535500,492564,2025-02-25 12:52:47,363.73,paid
7451975,921303,2025-07-09 03:30:34,558.88,paid
6094619,713583,2025-08-24 15:03:47,63.77,paid
7002709,902347,2025-09-12 13:21:04,3318.61,paid
8578384,662368,2025-05-15 09:15:37,59.45,paid
2074304,271150,2025-06-24 21:38:13,286.89,uncollectible
7157161,518790,2025-11-09 12:18:19,26.46,paid
4201116,676614,2025-11-15 11:12:45,372.05,paid
642527,105266,2025-10-29 17:33:56,68.96,paid
5364637,382519,2025-02-13 12:50:52,144.02,paid
4413645,501273,2025-05-03 14:20:38,50.25,paid
7663660,863793,2025-12-26 14:03:02,86.83,paid
7127604,919974,2025-03-22 14:11:51,2611.58,paid
1629367,631589,2025-03-07 12:48:42,509.9,open
4012893,355983,2025-02-01 19:15:52,256.07,paid
1804333,417896,2025-06-02 10:34:00,593.76,paid
5994566,298048,2025-02-16 08:04:06,59.89,paid
2879191,505710,2025-08-24 08:21:05,441.46,open
9690601,685576,2025-08-17 13:52:39,275.95,paid
8354217,237570,2025-10-18 09:56:34,320.68,paid
9658638,631096,2025-03-21 17:51:39,35.62,paid
9079402,359909,2025-02-10 14:22:05,631.59,paid
2010379,910761,2025-01-30 14:07:06,2852.45,paid
1836062,768193,2025-06-02 10:13:41,696.72,paid
3222472,686916,2025-10-03 10:33:55,3761.15,open
7879802,907406,2025-11-26 07:13:21,41.84,paid
5315124,624691,2025-08-10 12:31:07,706.52,paid
2025465,983167,2025-05-24 10:43:22,967.22,paid
5711765,921303,2025-03-23 09:43:25,554.76,paid
8819994,225448,2025-09-09 18:18:45,3677.79,paid
2130599,112651,2025-11-27 05:26:10,37.0,paid
7828104,826663,2025-10-20 15:27:26,2510.28,paid
2390780,355983,2025-02-23 11:12:04,258.04,paid
173079,776288,2025-08-01 15:01:17,598.02,open
1705405,289564,2025-03-23 16:49:04,285.16,paid
1375268,901636,2025-05-01 14:30:21,424.56,paid
7395493,952105,2025-10-26 09:02:15,617.07,paid
8469840,681503,2025-12-17 19:19:43,58.41,paid
5801365,125807,2025-11-27 08:40:38,648.25,void
329176,567817,2025-09-03 09:38:22,46.29,paid
32460,209680,2025-09-21 15:38:44,39.71,paid
3056476,177009,2025-07-31 16:48:08,23.21,paid
9283838,863338,2025-06-30 13:05:11,392.11,paid
5331765,358468,2025-11-04 02:36:54,370.54,open
8403164,381306,2025-12-06 08:00:14,545.59,paid
796519,691462,2025-04-05 18:19:46,123.24,paid
849039,250471,2025-02-11 13:30:38,101.79,uncollectible
2876101,149208,2025-01-07 09:33:57,47.26,paid
5335449,676603,2025-11-28 13:25:24,277.73,paid
1129533,102347,2025-05-31 20:41:03,613.18,paid
3579834,428057,2025-08-12 11:20:40,48.33,paid
3320691,218019,2025-04-15 05:10:32,72.3,paid
2775009,376354,2025-03-10 11:04:35,79.6,paid
873211,200631,2025-12-26 20:40:02,239.96,paid
440681,675202,2025-02-02 09:54:41,22933.81,paid
5872863,757620,2025-03-06 23:18:48,14923.07,paid
9273380,533010,2025-03-20 10:39:27,296.16,paid
8264029,727242,2025-11-04 09:26:29,97.97,paid
4947108,697547,2025-06-09 17:19:01,389.37,paid
2246919,644079,2025-06-29 16:37:21,397.95,paid
5308538,691620,2025-09-10 18:25:14,38.06,paid
8372558,556047,2025-01-15 19:55:47,749.33,paid
7758469,269978,2025-08-09 20:19:06,542.83,paid
5983826,726509,2025-07-18 10:34:31,79.94,void
7621673,341901,2025-09-10 08:11:39,71.41,paid
1752974,613449,2025-07-28 09:28:44,231.16,paid
2281078,237614,2025-09-06 13:36:44,625.71,paid
2490138,830784,2025-04-11 09:35:56,531.9,paid
9656129,104172,2025-12-30 18:47:57,26.42,open
4423909,831303,2025-05-06 17:46:22,201.32,paid
9135905,245270,2025-05-07 13:03:09,26.91,paid
1287415,377902,2025-03-02 14:57:50,4016.54,paid
7870870,597040,2025-10-14 10:25:01,74.03,paid
840901,694103,2025-03-25 06:31:16,34.65,paid
4483297,952233,2025-08-19 08:03:11,542.07,paid
7104269,662390,2025-03-16 07:52:11,139.78,paid
679396,206528,2025-09-11 10:51:37,101.32,paid
2464765,868446,2025-02-24 08:26:42,810.32,paid
3935883,617749,2025-12-06 11:45:24,81.12,paid
7265725,704625,2025-04-07 20:49:02,578.61,open
7874387,721049,2025-01-16 21:08:07,104.12,paid
4328261,618342,2025-03-22 08:42:22,3977.94,paid
2768120,631589,2025-08-04 18:53:51,484.75,open
817742,617749,2025-06-22 12:52:51,88.57,paid
5851157,531301,2025-09-26 08:39:38,35.86,paid
1607468,345955,2025-12-05 19:24:49,399.86,paid
6937229,633095,2025-04-11 16:18:39,1257.67,paid
1483346,253622,2025-05-27 10:49:16,606.57,paid
3940370,989345,2025-01-12 09:02:06,172.64,paid
68912,358368,2025-05-14 11:07:02,51.09,paid
8739501,246475,2025-12-23 10:42:21,84.55,paid
938947,241116,2025-04-21 09:32:24,48.36,paid
1764402,772806,2025-07-19 13:40:28,80.81,paid
8781537,563161,2025-03-26 10:40:59,667.93,paid
8194797,886365,2025-05-25 07:58:47,2614.36,paid
6909806,416704,2025-01-24 08:54:53,90.11,open
1900917,664655,2025-04-26 17:08:59,76.09,paid
415861,312337,2025-08-24 14:58:43,72.67,paid
2230579,248542,2025-09-19 11:17:13,35.94,paid
9026022,631589,2025-12-12 09:31:16,503.0,paid
2839866,651612,2025-09-22 08:21:27,63.2,paid
8105698,333840,2025-09-07 11:12:52,3415.69,paid
1918865,597592,2025-04-11 17:01:14,411.5,paid
2495957,178553,2025-06-15 07:37:14,34.17,paid
6072411,775816,2025-06-10 01:59:16,47.64,paid
7636981,281254,2025-03-12 10:05:19,347.06,paid
4071797,260885,2025-01-01 12:30:49,34.09,open
3616800,940445,2025-07-04 08:45:32,128.58,paid
7515257,621112,2025-12-07 17:21:38,4749.15,paid
1648347,776288,2025-07-19 08:34:16,509.64,paid
2293859,280034,2025-07-05 07:58:09,95.71,paid
7191824,540115,2025-06-06 16:39:56,824.38,paid
7278787,492564,2025-04-29 06:38:50,360.47,paid
6456789,419173,2025-04-26 17:15:00,3827.78,paid
5672475,779884,2025-11-22 15:09:57,4553.99,paid
602622,624539,2025-02-20 05:27:05,35.86,paid
9233312,662010,2025-07-15 10:14:28,44.71,paid
3453238,848871,2025-09-14 09:05:58,76.33,paid
6604558,870010,2025-05-02 05:47:04,266.01,open
6201958,205204,2025-09-12 19:35:48,130.54,open
3637002,975101,2025-07-08 11:18:24,58.61,paid
7533107,935611,2025-07-05 15:16:13,34.46,paid
636558,865765,2025-12-17 10:03:29,109.6,open
9535215,106212,2025-08-10 13:01:18,2726.03,uncollectible
3826862,203860,2025-04-15 13:57:17,527.99,paid
9176988,742562,2025-11-27 19:30:42,1730.0,paid
997726,450199,2025-06-07 15:12:54,92.97,paid
1658324,959623,2025-07-28 10:14:47,79.53,paid
1857984,940445,2025-03-14 22:26:17,148.67,paid
3566203,236900,2025-12-15 13:51:40,400.16,paid
9596506,727732,2025-06-07 17:10:08,46.21,paid
3470865,725268,2025-02-27 10:54:50,263.9,paid
740238,646309,2025-06-24 16:52:41,357.07,paid
6549844,353158,2025-06-07 09:08:42,1646.52,paid
4602421,981433,2025-03-01 16:25:28,1641.88,paid
9021631,102347,2025-05-30 10:15:08,539.77,paid
8882388,315012,2025-09-06 12:16:01,4031.47,paid
5358889,261774,2025-06-15 05:47:43,195.76,paid
5707824,281254,2025-07-02 18:59:10,316.51,paid
7234563,938137,2025-04-05 20:48:54,748.57,paid
6226380,813618,2025-07-28 22:45:36,22.9,paid
2496374,299049,2025-05-13 08:06:26,100.38,paid
9322712,156588,2025-10-07 15:09:43,307.74,paid
7800939,751207,2025-04-06 22:00:29,49.35,void
8887416,866791,2025-12-30 15:59:18,33.82,paid
5792503,201117,2025-01-15 12:47:07,737.78,paid
4821720,600806,2025-06-20 22:01:25,66.59,paid
9848739,304962,2025-10-31 10:08:17,5269.89,paid
5536313,624691,2025-04-02 20:26:21,724.81,paid
5482863,789095,2025-01-15 21:54:59,71.62,paid
9336935,836507,2025-07-28 09:17:04,93.91,paid
121376,861636,2025-10-30 07:12:37,458.83,paid
6962925,486582,2025-01-18 12:14:11,71.52,paid
5713351,345589,2025-10-29 19:47:38,876.23,paid
1248228,488457,2025-12-24 15:42:28,71.93,paid
9315918,662010,2025-12-10 07:07:49,51.14,paid
9696534,958517,2025-03-10 07:18:35,702.98,paid
4628218,750844,2025-04-29 08:11:39,590.17,paid
3189887,713907,2025-10-25 10:07:38,45.17,paid
1403353,416704,2025-08-25 04:18:03,85.86,paid
3641913,132627,2025-04-27 16:52:37,64.01,open
40686,142978,2025-07-07 08:06:29,227.94,paid
4324978,421775,2025-07-02 10:37:17,25.39,paid
5386337,627910,2025-05-09 15:51:38,93.91,paid
9797501,291292,2025-02-01 08:17:02,576.0,paid
6563554,499802,2025-02-25 18:52:11,82.08,uncollectible
3683719,859443,2025-11-08 07:11:42,18523.91,paid
1867091,671372,2025-06-11 15:32:40,72.53,paid
797910,206528,2025-10-11 10:47:57,83.23,paid
8593223,935611,2025-07-30 17:17:57,39.66,paid
7779597,468400,2025-06-06 11:31:43,4572.46,paid
306751,676881,2025-11-22 09:25:48,36.84,open
7490551,896132,2025-05-03 13:26:05,106.72,uncollectible
2113198,837734,2025-09-23 09:12:16,1255.57,paid
1263932,390602,2025-06-28 05:55:27,427.84,paid
7894847,533010,2025-10-05 09:21:32,266.67,paid
5842144,149920,2025-07-25 09:41:04,45.94,paid
831772,326211,2025-06-30 07:17:08,696.61,paid
4806271,470193,2025-09-08 18:23:37,75.12,paid
3300275,321951,2025-01-23 11:46:51,35.34,paid
5198783,499701,2025-07-29 14:38:50,248.4,paid
7057454,186866,2025-02-04 15:24:55,424.41,paid
1084002,531456,2025-02-12 11:53:54,80.58,paid
3866229,179746,2025-12-03 10:18:14,39.38,paid
4592308,283866,2025-05-11 16:12:23,3350.37,uncollectible
1633285,416704,2025-06-16 16:53:24,72.59,paid
4449715,450199,2025-09-09 15:59:02,100.2,paid
2174922,119727,2025-09-02 11:17:16,307.49,uncollectible
7962444,553479,2025-04-03 12:21:38,3042.93,paid
2350263,910761,2025-03-13 22:10:01,3071.4,paid
4231362,768839,2025-11-21 06:04:01,13.27,paid
8453323,189580,2025-02-21 10:40:50,105.92,paid
3413493,646309,2025-09-14 12:08:41,369.82,paid
836917,516432,2025-08-20 12:34:32,734.17,paid
9412457,928274,2025-02-03 20:35:22,473.45,paid
8144814,254564,2025-11-03 11:53:38,4548.49,open
7239873,954668,2025-06-09 16:45:51,469.98,paid
3343734,724555,2025-06-17 08:26:46,50.25,open
2167671,165982,2025-09-16 23:29:47,402.56,paid
8078487,890103,2025-04-22 23:23:53,98.29,uncollectible
7252345,902628,2025-05-24 02:15:50,2824.75,paid
588904,164080,2025-06-02 13:43:03,57.77,paid
5281489,249442,2025-06-19 14:16:48,3636.3,paid
4102081,362499,2025-03-21 19:53:05,568.36,paid
9312253,626504,2025-02-24 10:15:35,109.68,paid
7550736,124942,2025-05-10 16:51:04,549.41,uncollectible
4197936,731506,2025-10-05 17:48:05,11.18,paid
7464995,877086,2025-12-24 07:03:36,588.39,paid
96456,836507,2025-07-24 00:04:19,105.78,paid
2822630,516478,2025-01-12 19:33:04,33.37,paid
5411019,519323,2025-12-19 17:34:22,38.18,paid
7878376,667992,2025-09-02 15:32:19,5056.95,paid
9740255,136425,2025-12-29 18:14:54,51.39,paid
1401045,806501,2025-04-25 17:35:02,398.67,paid
7448416,118948,2025-11-08 09:09:21,105.39,paid
9754724,682986,2025-07-07 09:10:25,126.73,paid
8985371,629593,2025-06-05 09:36:39,2601.03,paid
5405307,457669,2025-05-01 03:10:29,23908.93,paid
1557242,304962,2025-07-15 10:51:42,5523.97,paid
457829,951550,2025-03-16 06:09:48,34.03,paid
7569541,211956,2025-06-09 09:19:15,252.96,paid
6069544,269555,2025-08-09 07:09:08,234.98,paid
2154670,669720,2025-01-19 16:40:07,5943.87,uncollectible
3875260,806120,2025-04-08 11:44:11,50.12,paid
5397039,435261,2025-03-26 11:55:01,955.13,paid
5368950,691620,2025-11-01 07:49:41,35.99,paid
2863658,292435,2025-03-27 05:38:46,859.62,paid
5941013,170254,2025-01-13 09:23:55,620.58,paid
9474901,600525,2025-08-22 13:00:01,1180.19,paid
9740364,549691,2025-09-14 09:03:50,606.21,paid
7564869,418604,2025-10-03 09:47:00,38.93,paid
5958661,886365,2025-08-05 17:54:24,2495.65,paid
336641,539755,2025-04-12 11:10:46,23.3,paid
3529934,822504,2025-05-26 10:57:39,678.22,paid
4706609,118279,2025-07-08 16:59:12,612.86,paid
8671728,952233,2025-06-09 10:47:01,551.9,open
7207068,165228,2025-06-13 10:46:06,646.63,paid
8555641,362956,2025-10-01 09:50:40,45.63,paid
1871799,316635,2025-02-15 10:35:46,734.74,paid
135942,613449,2025-07-10 16:46:54,259.76,paid
4870226,613449,2025-04-01 13:35:05,247.23,paid
4158405,634412,2025-07-29 09:11:25,4474.54,paid
6304007,644475,2025-02-10 07:37:35,55.46,paid
5554680,171014,2025-04-04 13:53:59,35.07,paid
646407,626504,2025-08-03 08:05:20,109.33,paid
9459564,412468,2025-05-13 09:33:33,47.75,paid
5716461,897529,2025-03-05 09:23:33,23.78,paid
2675184,699585,2025-11-02 08:01:26,151.43,paid
5554926,261774,2025-06-14 20:01:13,190.13,paid
7097504,672009,2025-02-04 15:32:15,1129.54,paid
155607,602857,2025-10-23 15:13:55,73.65,paid
1620061,671372,2025-12-10 14:59:07,72.1,paid
5861145,216864,2025-11-16 15:50:44,23.64,paid
3879646,938120,2025-11-15 11:28:34,223.56,paid
7174323,170902,2025-09-14 15:20:32,35.67,paid
1261419,877086,2025-08-13 13:47:15,544.83,paid
4960276,918212,2025-12-12 16:47:07,4453.93,paid
5813795,754948,2025-09-15 19:13:27,3091.89,paid
9551071,228499,2025-09-05 04:36:49,34.01,paid
3546236,376850,2025-03-05 10:48:28,52.92,paid
2837916,611661,2025-01-15 15:41:18,66.5,void
172170,507445,2025-08-13 13:39:16,692.04,paid
5306385,990741,2025-06-10 10:22:27,64.22,paid
159563,416704,2025-05-13 11:12:27,83.83,paid
8877716,110220,2025-12-02 10:32:27,62.42,paid
3929208,813618,2025-07-30 02:48:48,23.77,paid
6058443,580435,2025-09-23 15:49:51,553.53,paid
5537109,560307,2025-08-04 13:26:33,30.14,paid
8838165,381513,2025-12-22 13:52:47,34.65,paid
3517079,996819,2025-12-11 12:22:32,1756.7,paid
3280954,511879,2025-05-29 13:44:29,622.76,paid
7880097,282693,2025-03-18 09:52:15,30.81,paid
3629610,221718,2025-08-13 12:20:15,46.95,paid
8203973,289034,2025-02-17 13:19:46,87.99,paid
9053458,158251,2025-06-20 20:28:03,654.06,open
9345720,917868,2025-09-24 20:55:30,72.01,paid
6350467,172478,2025-06-10 10:15:01,543.53,open
8205226,179746,2025-10-01 12:48:48,35.2,open
5070910,289034,2025-12-22 11:50:27,95.28,open
6476704,689717,2025-08-03 16:32:17,44.44,open
1681122,200631,2025-12-08 12:53:00,227.92,paid
2179221,454905,2025-10-27 19:53:24,49.39,paid
1674230,885767,2025-10-18 15:47:38,281.19,paid
4687491,315175,2025-12-21 09:36:32,62.13,paid
5695000,206528,2025-12-27 22:31:47,96.93,paid
8324519,540658,2025-05-28 09:43:26,60.46,paid
3696352,669720,2025-09-15 13:04:10,5096.69,paid
7558347,747100,2025-07-29 12:16:35,56.51,void
5728943,157411,2025-04-30 15:22:47,4795.38,paid
4845064,672009,2025-03-17 15:53:32,1116.52,paid
297489,950873,2025-05-29 12:58:58,583.41,paid
1876523,679825,2025-01-27 07:03:55,3176.81,paid
6348157,732615,2025-10-22 10:06:01,50.75,paid
5448516,468400,2025-07-22 12:21:21,4638.79,paid
5055398,995560,2025-06-16 11:42:40,36.96,paid
5406727,211058,2025-08-15 07:27:25,530.53,paid
7959909,141893,2025-05-04 12:30:21,63.48,paid
7767623,342116,2025-12-25 18:44:39,58.79,paid
4283870,979522,2025-11-12 15:32:42,79.03,paid
9534699,471767,2025-02-18 13:26:53,82.06,paid
3665818,249442,2025-11-30 07:17:29,3813.38,paid
8185127,201572,2025-09-22 18:17:27,904.56,paid
6237059,798586,2025-11-16 07:37:54,4433.41,paid
7985702,443384,2025-11-01 07:29:43,79.98,paid
2354622,190126,2025-05-26 07:27:03,58.4,paid
5621823,871334,2025-01-27 07:50:52,117.96,uncollectible
8962612,684543,2025-05-27 06:06:06,94.64,paid
5654370,617749,2025-04-03 14:46:33,84.48,paid
5404352,891033,2025-11-11 13:58:46,128.83,paid
8038095,696918,2025-01-27 16:52:44,301.2,paid
2448081,471767,2025-12-22 21:47:26,83.88,paid
3366281,610566,2025-04-15 15:33:05,306.09,paid
7638459,712131,2025-04-15 10:26:45,997.73,paid
1374077,547854,2025-03-18 16:12:51,395.65,paid
6641458,749734,2025-05-07 11:46:56,57.02,open
6133099,741178,2025-02-26 16:07:30,480.38,paid
1369825,318405,2025-01-14 09:59:55,46.38,paid
3482891,731867,2025-07-09 10:50:43,779.8,paid
6649052,724051,2025-12-15 13:39:20,313.41,void
2279583,242324,2025-01-12 15:03:29,38.94,void
6230175,841724,2025-10-12 18:21:53,3167.46,paid
4212729,850797,2025-04-26 10:49:16,81.43,paid
1061419,691462,2025-01-28 17:50:29,118.79,paid
9557167,631589,2025-04-29 07:18:28,495.71,paid
8032616,872118,2025-02-23 21:24:55,9231.78,paid
2046236,124161,2025-06-08 17:32:00,134.18,paid
2726334,376354,2025-01-23 08:48:59,78.53,paid
6487223,684083,2025-06-25 15:50:48,48.53,paid
9729936,221118,2025-12-16 11:14:37,37.08,paid
8511598,189580,2025-09-20 09:37:19,116.51,paid
550921,930679,2025-09-28 09:52:26,60.71,paid
7538138,917868,2025-10-25 11:54:01,74.49,paid
5857658,245270,2025-09-05 12:48:16,22.88,paid
2471223,113010,2025-01-28 17:27:40,61.5,open
6436302,152728,2025-06-23 10:45:54,10249.34,open
7782837,335130,2025-06-05 14:25:35,171.74,paid
2702143,112414,2025-01-15 07:24:00,33.48,paid
936930,499701,2025-04-28 08:33:32,236.54,paid
4512,988184,2025-12-03 07:36:08,1671.87,paid
3669896,234922,2025-09-25 12:20:29,3019.33,paid
8967518,282693,2025-02-09 11:08:54,31.27,void
6349285,727732,2025-05-24 08:50:24,54.84,paid
7014338,359578,2025-01-18 14:07:33,57.45,paid
6431400,739213,2025-03-27 15:51:55,74.49,paid
759670,383347,2025-09-25 11:55:05,78.66,paid
1159646,451436,2025-05-17 17:43:09,37.52,paid
6822628,704441,2025-08-18 19:57:28,752.85,paid
7266251,680171,2025-06-02 16:41:10,65.87,paid
7816235,246475,2025-12-27 14:21:17,89.44,paid
9609836,975237,2025-11-06 17:24:50,497.89,paid
5060633,783281,2025-08-30 13:25:42,38.2,paid
4857164,211818,2025-04-17 14:34:05,935.25,paid
577555,831195,2025-04-25 09:48:15,964.87,paid
6765266,766913,2025-08-03 10:25:32,460.74,paid
2007271,216530,2025-07-21 15:37:08,80.16,paid
6964973,228499,2025-08-04 12:06:13,36.1,paid
7598442,873644,2025-10-01 14:06:26,328.24,paid
9947296,787646,2025-05-05 10:02:08,579.54,paid
4186238,332026,2025-09-30 08:08:49,35.29,paid
8621315,198116,2025-08-24 07:23:30,830.38,paid
6565225,741178,2025-05-11 09:41:48,465.81,paid
9735216,558639,2025-04-05 14:19:40,54.2,paid
5369666,970778,2025-08-15 19:47:20,608.23,paid
9661349,959623,2025-07-21 21:19:20,68.33,paid
3541463,279735,2025-06-05 13:38:21,111.91,paid
2682140,973361,2025-09-28 10:18:13,315.28,paid
2572150,509193,2025-02-27 15:22:20,4003.42,paid
4307983,260444,2025-07-25 09:03:22,703.79,paid
130954,558918,2025-05-08 07:45:23,796.4,paid
2503410,216101,2025-04-10 16:14:10,26.29,paid
6119449,228567,2025-10-30 08:24:53,677.8,paid
1640501,979522,2025-12-10 13:26:40,66.94,paid
4837319,142260,2025-11-09 09:38:45,5607.67,paid
8019388,493074,2025-10-03 09:09:13,53.42,paid
6884889,376850,2025-10-05 15:30:57,48.17,paid
5086549,430826,2025-09-08 12:13:11,4402.86,paid
6388880,600864,2025-11-12 12:00:16,44.35,paid
5576096,663216,2025-09-15 19:56:39,403.42,paid
482264,551362,2025-11-30 06:14:51,963.51,open
4645139,201820,2025-02-03 13:43:46,3242.18,paid
6967064,916037,2025-09-10 21:55:47,33.91,paid
8114989,912127,2025-05-04 00:35:46,1654.76,paid
6288900,248542,2025-05-08 09:44:27,34.04,paid
3102367,487420,2025-11-20 12:34:15,620.27,open
9730195,826663,2025-06-30 08:27:23,2790.87,paid
892805,641276,2025-03-19 14:52:52,160.52,paid
2797860,544253,2025-05-23 16:53:47,130.32,paid
4820023,531456,2025-03-16 15:31:39,91.74,paid
8253053,395744,2025-10-21 10:43:52,63.42,paid
1519516,699272,2025-12-19 16:53:51,84.17,paid
5646140,742834,2025-11-13 07:31:20,94.97,paid
4684137,766913,2025-06-17 10:09:30,487.39,paid
1279510,346678,2025-11-13 10:53:04,361.59,open
1993687,200830,2025-03-02 19:40:46,555.76,paid
3138006,531301,2025-06-02 09:58:30,37.09,open
8126262,561350,2025-08-19 09:43:16,479.38,paid
3132765,870241,2025-03-03 10:47:22,34.45,paid
1290072,143805,2025-12-12 09:42:06,475.44,paid
5922277,697547,2025-10-14 09:58:12,340.17,open
9420090,505710,2025-10-20 14:56:58,438.49,paid
5283948,713834,2025-10-01 17:15:32,46.41,paid
8906715,211818,2025-10-27 12:53:08,1005.7,paid
4063,832087,2025-08-24 14:10:51,400.86,paid
8204565,973987,2025-06-09 15:07:15,23.43,paid
8059868,676603,2025-11-07 12:57:29,242.88,paid
2377636,295860,2025-10-25 11:15:43,68.9,paid
2579915,975101,2025-05-03 11:13:06,62.09,paid
3179427,662747,2025-06-30 08:56:52,17859.4,open
2610400,119727,2025-09-19 09:40:06,329.2,paid
5931053,299619,2025-01-17 22:07:05,412.48,paid
4960960,561696,2025-12-28 14:32:37,48.99,paid
9796714,488457,2025-12-04 12:08:04,72.73,paid
2210245,136409,2025-10-23 12:06:50,82.06,paid
544968,453260,2025-02-07 13:34:48,496.38,open
6661955,381513,2025-03-06 09:45:46,31.95,paid
6895513,551545,2025-04-28 12:22:10,37.13,paid
2455369,254108,2025-11-20 11:03:21,139.38,paid
5694098,695703,2025-04-28 12:11:49,79.43,void
1685067,727242,2025-03-26 16:41:40,110.5,paid
536946,809176,2025-09-02 13:31:44,661.32,paid
9384417,874742,2025-05-05 17:17:50,994.05,paid
604566,448227,2025-11-12 10:57:26,783.23,paid
7940490,515850,2025-09-29 16:16:24,57.85,paid
6524575,392724,2025-08-26 12:33:32,350.66,uncollectible
3150187,627910,2025-02-13 14:49:20,97.87,open
1838041,741646,2025-12-27 17:52:17,773.23,open
4830522,492337,2025-10-27 10:13:39,44.23,paid
6401911,457960,2025-09-02 14:43:56,33.43,paid
5085565,611661,2025-07-15 16:17:36,59.1,paid
8963755,830784,2025-02-02 19:32:39,529.57,paid
8940015,232421,2025-03-18 10:30:10,792.1,paid
3731015,672009,2025-12-04 07:11:38,1230.13,paid
3626148,105131,2025-10-24 08:24:33,38.71,paid
1173724,750844,2025-04-29 11:26:00,715.13,paid
3539750,457669,2025-09-23 14:35:26,24774.36,paid
4031918,393542,2025-03-19 02:21:06,38.39,paid
6287548,806120,2025-06-22 09:24:12,44.93,paid
5243567,970778,2025-04-08 15:53:38,546.87,paid
7723606,734042,2025-03-20 18:01:56,63.93,paid
163568,209680,2025-12-15 11:50:40,35.28,paid
1020648,139051,2025-04-07 13:39:52,35.47,paid
188596,723768,2025-06-25 15:55:27,420.05,paid
1192915,875381,2025-09-02 08:25:14,763.3,paid
7832070,969783,2025-08-16 03:25:08,589.74,paid
9745470,228499,2025-02-09 12:39:54,33.94,open
468637,318162,2025-03-12 09:26:16,262.89,uncollectible
9497888,641547,2025-09-14 08:16:04,670.08,paid
7895245,910761,2025-03-26 14:56:29,2836.52,paid
2618192,282217,2025-09-06 09:06:43,5765.42,paid
6108535,295860,2025-08-14 16:19:58,74.1,paid
1192519,766913,2025-11-30 10:44:53,391.28,paid
420952,202107,2025-06-26 02:14:55,780.09,paid
2247719,540233,2025-06-22 21:03:41,24.78,paid
4966043,827874,2025-10-18 13:00:51,67.05,paid
1125430,597592,2025-01-15 13:18:48,421.7,paid
4027389,491257,2025-09-25 06:39:51,671.37,paid
6076719,514217,2025-10-06 10:18:08,788.02,paid
8515798,969635,2025-12-01 17:36:16,100.45,paid
2819601,479649,2025-07-07 14:35:50,47.84,paid
2568635,629748,2025-07-13 09:57:43,82.24,paid
7523458,133440,2025-03-14 11:29:26,80.17,paid
90064,646333,2025-01-03 15:33:17,61.25,paid
6426637,436381,2025-03-08 10:25:40,60.27,open
633571,723271,2025-08-21 00:55:24,555.56,paid
905758,799789,2025-05-30 11:27:34,73.35,paid
8615834,558918,2025-01-05 16:42:14,842.39,paid
5585175,742518,2025-04-23 14:10:21,822.91,paid
2512966,572896,2025-10-17 09:17:40,49.47,paid
7715035,549691,2025-01-25 13:54:05,587.62,paid
7438094,449270,2025-12-07 11:57:22,99.92,paid
1540730,622939,2025-07-07 11:46:15,475.05,open
8176035,200323,2025-04-29 15:24:21,140.22,paid
7436296,567592,2025-10-19 09:29:53,762.64,open
7245746,301631,2025-10-16 11:52:39,449.04,paid
8525931,169880,2025-08-12 08:21:32,87.6,paid
7332752,441792,2025-06-23 11:06:32,683.68,paid
9441155,954668,2025-05-13 11:38:00,428.39,uncollectible
2091565,504080,2025-04-27 09:17:14,74.2,paid
1658671,731867,2025-07-03 15:40:07,823.41,uncollectible
9966728,750386,2025-04-23 16:38:31,47.27,open
119022,473607,2025-03-06 12:36:28,33.6,paid
8030027,495640,2025-11-17 16:23:45,94.91,paid
2370214,539755,2025-11-09 10:58:45,26.82,paid
6503176,256035,2025-01-21 14:52:34,29.73,paid
2199706,372607,2025-07-01 09:53:39,584.23,paid
3671557,529391,2025-03-04 10:34:27,37.17,paid
163940,228280,2025-07-22 14:52:45,573.85,paid
8411149,200865,2025-09-03 07:48:16,235.94,paid
3338469,997844,2025-12-17 11:44:27,6556.98,paid
1697251,843432,2025-09-29 12:33:14,24.06,open
3447801,176018,2025-12-12 07:37:53,627.53,paid
5932294,149208,2025-11-17 12:29:43,45.35,paid
4075250,661816,2025-04-25 14:29:17,400.16,paid
4592411,540115,2025-05-09 20:48:41,912.28,paid
944865,684498,2025-11-05 10:06:39,2046.19,paid
8054034,473607,2025-02-11 12:13:00,35.5,paid
719780,912127,2025-05-16 16:13:35,1646.18,uncollectible
6131393,810858,2025-07-14 22:52:47,288.15,paid
9848683,493447,2025-04-06 14:55:25,2221.17,paid
5616370,485273,2025-11-18 02:44:15,362.58,paid
5949913,380513,2025-08-07 17:18:40,85.78,paid
1233458,769811,2025-06-22 12:24:23,1625.56,paid
8943014,210552,2025-11-21 19:17:28,3812.89,paid
2419905,284939,2025-09-23 14:54:59,74.71,paid
9173537,547854,2025-03-22 10:33:20,385.27,paid
6844962,991572,2025-09-28 12:36:06,357.4,paid
2253682,577783,2025-12-11 17:48:59,762.06,paid
9667014,150144,2025-10-03 17:13:08,150.27,paid
9427782,404963,2025-05-21 04:33:12,560.6,paid
341580,607403,2025-06-13 11:09:17,550.49,paid
7560824,961826,2025-09-24 08:41:46,75.31,paid
2916825,203860,2025-04-16 09:01:34,588.68,paid
9590482,345589,2025-01-19 15:37:45,840.55,paid
73980,817805,2025-04-16 11:52:13,512.57,paid
6591146,961826,2025-08-07 12:50:21,64.03,paid
673522,556479,2025-12-10 10:26:52,80.52,paid
4544980,540115,2025-10-18 13:39:23,841.01,paid
9418518,154252,2025-08-30 08:45:35,25.14,paid
2475797,186866,2025-05-20 13:05:00,403.56,paid
4408700,610566,2025-04-01 20:42:09,320.53,paid
1604369,285164,2025-05-24 15:33:51,79.5,paid
3961723,736270,2025-01-07 17:10:57,5116.75,uncollectible
6484850,693667,2025-07-22 14:21:45,546.81,uncollectible
2408359,289993,2025-10-22 13:33:13,581.74,paid
7167088,141134,2025-04-27 10:00:26,75.82,paid
3487038,938137,2025-04-13 08:25:19,770.2,paid
8716670,802565,2025-08-18 21:44:08,2822.36,paid
7755435,892691,2025-07-30 20:21:05,485.68,uncollectible
6846982,441844,2025-10-23 15:45:47,703.39,open
4061048,189189,2025-07-19 17:56:05,354.72,paid
634293,511497,2025-09-24 14:27:05,1038.01,paid
6352393,722037,2025-06-18 05:44:04,143.96,paid
3474698,664655,2025-12-18 09:03:53,72.37,paid
1039473,486520,2025-07-27 19:11:35,35.06,paid
168822,716836,2025-04-04 23:49:56,84.97,paid
8822896,218019,2025-04-22 20:48:34,72.17,paid
3943368,390602,2025-01-16 08:54:08,428.02,paid
1827180,996360,2025-11-17 16:55:51,97.0,paid
2056871,211058,2025-07-31 13:09:17,488.12,paid
1558473,481021,2025-11-18 16:15:39,21.46,void
7163846,943858,2025-06-01 08:06:32,494.85,open
7288545,133440,2025-12-01 14:57:32,84.42,paid
8479968,419173,2025-02-19 10:31:29,4272.6,paid
5341798,918351,2025-04-22 10:31:27,83.06,paid
5881528,761571,2025-01-06 11:13:30,55.96,paid
4226634,114026,2025-06-21 18:20:08,84.61,paid
1965290,143122,2025-09-09 20:38:04,37.26,paid
4249276,790797,2025-11-11 09:33:06,23.29,paid
4460729,232216,2025-07-04 17:50:14,34.82,paid
8453072,321951,2025-01-11 15:21:02,34.64,paid
5455481,474120,2025-05-04 07:42:46,717.5,paid
2664375,172478,2025-05-01 14:25:22,512.05,paid
5483880,556047,2025-12-24 20:20:09,839.0,paid
4024575,304212,2025-02-05 06:59:51,78.53,paid
5923984,359178,2025-05-23 15:54:30,493.09,paid
5147013,302271,2025-12-16 13:17:53,5459.72,paid
6590939,705149,2025-10-01 18:34:50,99.89,paid
2188107,629593,2025-06-20 15:42:55,2368.66,paid
5350666,565930,2025-07-29 12:47:04,694.34,paid
4802596,787021,2025-06-08 13:17:25,69.89,uncollectible
3554200,742834,2025-12-15 20:27:34,92.17,paid
4411534,333795,2025-06-07 11:56:30,667.98,paid
8322013,105052,2025-06-11 18:42:50,1013.42,paid
8644942,228677,2025-09-18 01:14:23,60.06,open
95729,292475,2025-10-03 13:49:49,2170.14,paid
9764428,284939,2025-11-12 08:08:53,69.47,paid
9249230,892300,2025-02-27 10:11:06,774.39,void
4308317,820834,2025-09-23 18:32:20,702.26,paid
4101593,416704,2025-03-10 01:45:28,87.06,paid
9557146,641276,2025-01-05 12:58:07,157.44,open
159150,241202,2025-10-25 16:13:50,1021.29,paid
7371749,751178,2025-12-13 17:22:56,2105.43,paid
5491884,688496,2025-01-03 09:28:44,321.98,paid
9262449,894894,2025-05-27 18:01:57,524.23,paid
8251331,789095,2025-07-02 11:09:22,66.4,paid
7487769,400628,2025-06-03 14:07:57,43.57,paid
6905710,942304,2025-06-09 07:31:27,5447.34,paid
7285726,240194,2025-05-02 13:44:37,97.95,paid
5444794,449827,2025-11-19 12:39:14,2871.12,paid
5349809,708315,2025-08-31 09:41:57,37.22,paid
1595644,270148,2025-07-31 07:03:32,887.28,paid
6155971,682864,2025-06-09 10:50:40,1074.63,paid
1293645,790364,2025-07-18 15:33:31,189.81,paid
9483488,537253,2025-10-30 09:19:45,38.59,paid
5389349,208561,2025-07-15 10:23:31,99.47,paid
9578560,394508,2025-01-26 10:42:13,34.67,paid
1435796,116787,2025-08-30 08:19:53,337.56,paid
6668687,491474,2025-05-28 09:56:58,2775.9,paid
7493875,597592,2025-11-30 11:35:37,447.76,paid
7024245,260118,2025-04-14 19:15:48,3625.39,paid
5433623,842629,2025-11-19 15:48:21,437.95,paid
5998789,599218,2025-07-28 08:57:26,5433.77,paid
11324,791336,2025-05-13 15:26:30,445.12,paid
1293240,704441,2025-08-18 23:19:37,811.26,paid
8315468,579749,2025-09-21 10:18:49,65.43,open
3597838,529391,2025-08-02 12:57:31,36.56,paid
7439821,740262,2025-02-27 12:37:06,61.49,paid
4545609,425690,2025-07-31 07:52:23,36.66,paid
6973260,842629,2025-11-04 19:21:36,445.92,paid
2420912,203860,2025-04-17 05:57:02,612.99,paid
7889966,516809,2025-02-24 10:42:20,671.17,paid
7988854,912127,2025-09-10 11:53:24,1455.64,paid
9977984,418604,2025-09-25 11:09:31,34.64,paid
1068346,207018,2025-08-17 15:24:34,33.2,paid
4104653,170417,2025-07-01 15:05:22,818.64,paid
2549140,122331,2025-08-28 16:20:44,35.03,paid
4367169,883487,2025-01-12 12:29:52,89.25,paid
7524824,412644,2025-08-24 10:26:09,56.8,paid
6521797,515850,2025-02-25 08:36:11,64.45,paid
6640574,941144,2025-05-10 08:26:44,267.48,paid
7174124,802565,2025-08-17 16:27:12,2658.07,paid
6175580,380513,2025-12-01 07:56:17,85.09,paid
323692,125807,2025-05-11 14:54:13,636.71,paid
1912140,911125,2025-05-14 19:35:00,886.67,paid
3309406,250089,2025-12-10 09:16:21,34.43,paid
1705287,759736,2025-07-05 06:17:20,484.6,paid
4223654,881378,2025-10-19 14:16:00,12.71,paid
1825231,265516,2025-12-22 09:31:17,163.28,paid
107281,336143,2025-03-30 16:43:05,24.94,paid
3145813,618152,2025-08-30 21:44:54,1912.64,paid
6161751,862228,2025-08-07 08:30:20,23.12,paid
8013631,617749,2025-12-20 11:14:57,80.36,paid
5585458,558269,2025-06-30 10:34:20,14958.68,paid
2999091,203708,2025-12-17 15:55:35,528.37,paid
3665169,318147,2025-05-06 08:12:13,36.06,paid
9362274,256035,2025-02-05 14:31:56,35.47,paid
7884257,504630,2025-07-24 18:21:26,264.72,paid
6813851,540635,2025-06-17 10:03:27,167.49,paid
2995510,769811,2025-12-18 06:00:52,1519.96,paid
8825985,895559,2025-06-29 11:44:45,736.31,uncollectible
6797302,661655,2025-03-13 12:29:34,54.31,paid
761372,734042,2025-11-19 10:03:53,55.82,paid
5840749,627691,2025-10-30 17:57:55,3820.65,open
7146498,973987,2025-01-06 13:31:52,22.74,paid
4720016,992844,2025-10-28 09:10:55,264.1,paid
1170580,145787,2025-09-24 12:01:14,634.75,paid
8885136,641328,2025-06-21 14:16:59,25.84,paid
3421690,378702,2025-06-22 17:32:07,67.03,paid
4274333,443384,2025-07-23 12:22:56,89.9,paid
2926649,641328,2025-09-28 08:25:31,25.54,paid
9104182,825599,2025-06-30 13:37:13,79.73,paid
5666915,729870,2025-08-14 15:06:49,293.09,paid
3947300,691620,2025-01-06 13:10:03,38.66,paid
3632093,642899,2025-12-01 09:00:26,68.17,paid
8547856,832722,2025-12-16 01:37:46,1715.65,paid
9100861,631003,2025-08-15 06:02:11,355.42,paid
5024500,397763,2025-03-11 13:14:47,308.98,paid
198689,618152,2025-08-30 00:02:26,1631.99,paid
9228386,627910,2025-08-15 21:54:39,100.34,paid
864137,529391,2025-02-20 10:22:15,34.23,paid
741955,103319,2025-10-23 10:23:43,85.7,paid
4367278,948864,2025-11-07 08:32:52,563.88,paid
9816930,425690,2025-09-26 07:24:56,34.27,paid
7829242,399545,2025-03-13 14:38:56,95.06,paid
3604222,714944,2025-12-12 15:31:14,714.54,uncollectible
8030417,277459,2025-10-26 15:47:35,143.12,paid
8856996,858842,2025-07-26 08:58:35,406.45,paid
1293490,876153,2025-08-04 09:18:09,60.2,paid
6681196,676603,2025-12-29 08:22:15,273.9,paid
9816368,800274,2025-03-27 14:41:29,623.54,paid
3245127,275252,2025-04-15 08:17:18,529.51,paid
604854,124671,2025-09-24 11:56:23,435.61,paid
5256766,791336,2025-07-07 09:00:01,537.11,paid
3150193,713866,2025-05-28 11:08:09,674.43,paid
8667207,269785,2025-01-07 07:18:25,694.62,paid
9687015,644475,2025-10-22 13:26:39,56.6,paid
1959575,837734,2025-09-23 13:30:09,1208.1,open
8128829,561350,2025-10-23 09:48:02,514.46,paid
5371067,185683,2025-09-19 13:03:04,4685.59,paid
9292745,993977,2025-10-15 13:28:28,50.39,paid
8946025,201117,2025-06-19 14:30:22,842.89,paid
1653623,449827,2025-07-04 20:47:01,3160.2,paid
402709,203860,2025-07-02 12:07:45,570.5,paid
9860415,309198,2025-11-20 10:12:58,32.81,paid
5821128,750844,2025-04-29 23:36:08,665.32,paid
160889,498584,2025-08-17 14:47:25,70.57,paid
9137475,249442,2025-09-04 12:08:18,3379.39,paid
5150904,505710,2025-02-20 00:53:16,420.73,paid
1152295,516809,2025-08-26 17:17:57,688.5,paid
7639698,693667,2025-10-13 17:40:15,530.8,void
226732,394508,2025-10-21 12:24:40,39.0,paid
9690640,583252,2025-05-14 08:41:25,495.75,paid
7678345,634053,2025-10-02 11:26:19,2758.95,paid
4199626,574768,2025-03-07 08:26:07,852.22,paid
1389789,938137,2025-04-05 12:57:39,642.26,paid
2506558,850797,2025-03-29 14:47:42,89.51,paid
1160787,259373,2025-10-28 18:42:29,72.95,paid
2983627,142057,2025-08-14 07:24:48,405.88,void
1632827,278870,2025-08-05 11:47:30,51.97,paid
6526897,428057,2025-08-22 06:53:34,49.37,paid
8838285,428057,2025-08-10 12:15:04,46.07,paid
3896568,445354,2025-11-12 13:19:07,78.13,open
3731074,833504,2025-12-17 21:41:02,3170.0,paid
3957173,282217,2025-06-08 14:14:30,5252.34,paid
7497615,550131,2025-09-27 17:38:58,820.81,void
8648033,511107,2025-12-04 12:45:48,58.63,paid
7377885,181156,2025-03-05 14:35:38,555.49,paid
4359684,331311,2025-09-04 18:26:51,742.53,paid
7429938,199248,2025-08-23 01:08:35,3910.6,paid
3796003,810858,2025-01-14 15:08:50,261.4,paid
1027854,783281,2025-09-06 17:25:30,36.32,paid
2414569,664655,2025-02-18 13:32:52,66.95,paid
1960415,133440,2025-06-19 15:46:09,80.7,paid
8515394,964514,2025-03-25 18:26:58,485.27,paid
740870,989157,2025-09-22 20:39:32,94.05,paid
5024003,731506,2025-10-21 13:39:57,10.95,paid
8778629,649882,2025-09-03 13:14:39,77.01,paid
1949416,451436,2025-09-08 06:04:04,35.21,paid
1053176,600525,2025-08-22 11:04:43,1200.62,paid
8252588,901636,2025-05-27 08:02:50,421.27,paid
5059523,943223,2025-04-24 08:43:10,438.46,paid
4371450,221718,2025-10-17 08:26:41,47.55,paid
9541551,744444,2025-11-19 17:28:04,2559.51,paid
7985765,171084,2025-03-21 18:49:14,907.65,paid
3974233,353158,2025-04-25 11:18:17,1777.24,paid
9772391,490866,2025-12-26 13:46:38,385.42,paid
6889615,136425,2025-02-18 15:10:39,50.18,paid
5268287,549442,2025-02-24 12:46:47,3967.02,paid
90836,417940,2025-05-14 21:23:01,69.72,paid
2412443,315012,2025-07-27 03:45:21,4266.31,paid
1018110,814957,2025-06-02 00:51:01,464.15,paid
3697164,975101,2025-01-18 17:10:02,59.42,paid
7255162,809176,2025-06-23 16:09:17,665.54,open
2353655,917801,2025-08-19 10:51:02,3980.08,paid
4590595,727732,2025-05-23 21:53:14,48.1,paid
3474254,216490,2025-08-30 09:32:33,37.11,paid
9834442,952105,2025-09-25 10:38:15,538.26,paid
8424336,739777,2025-02-22 12:44:33,1180.4,paid
8931413,175483,2025-06-29 17:16:17,4180.48,paid
9428749,205373,2025-08-12 14:24:05,1552.88,paid
1841852,975689,2025-01-25 10:36:03,398.3,paid
8042822,960588,2025-01-20 11:50:21,48.7,paid
3991721,692735,2025-11-09 15:02:31,96.69,paid
6630290,992229,2025-06-01 13:26:21,2716.49,paid
9288219,952954,2025-10-19 19:49:23,443.32,paid
5732641,919974,2025-08-22 08:16:07,2841.51,paid
9040832,863338,2025-06-15 08:07:01,442.28,paid
9829838,511107,2025-03-21 16:44:18,61.32,paid
6185253,619995,2025-11-07 10:03:17,35.7,paid
457758,473607,2025-01-02 09:22:01,33.97,paid
9040720,679825,2025-05-19 17:18:16,3145.48,paid
9658349,285164,2025-05-23 18:54:20,85.25,paid
5067981,509193,2025-12-22 11:01:10,3646.32,paid
8099425,600864,2025-10-20 17:53:20,44.34,paid
708630,563161,2025-09-08 18:48:00,598.81,paid
2958560,942582,2025-02-20 13:20:04,23.08,paid
7741857,246475,2025-07-12 22:27:46,90.03,paid
7363169,457960,2025-07-12 05:31:41,37.7,paid
2090705,591895,2025-11-30 18:43:23,103.91,paid
3181848,975689,2025-01-31 13:50:03,388.52,paid
5464018,278077,2025-09-17 16:58:36,258.18,paid
199432,289564,2025-12-01 16:58:33,320.78,paid
9869694,535256,2025-03-17 22:42:17,448.13,paid
5114313,918212,2025-09-03 09:34:12,4266.46,paid
3423057,183180,2025-08-02 09:48:35,345.38,paid
676201,189189,2025-03-03 11:33:12,420.69,paid
4004361,386921,2025-09-20 09:54:05,2889.99,paid
401027,479649,2025-10-08 13:39:17,48.68,paid
8918329,883487,2025-04-19 06:01:53,79.26,open
5332856,165228,2025-12-01 19:18:37,606.09,paid
4939061,372638,2025-12-22 09:58:42,35.76,paid
9479366,313943,2025-10-15 17:56:14,1002.44,paid
8142069,315175,2025-12-04 09:40:00,62.76,paid
8862114,624691,2025-11-04 13:09:26,749.9,paid
1576001,952954,2025-06-25 10:35:52,491.38,void
7891026,834134,2025-08-24 06:05:30,33.85,open
8380472,237570,2025-07-28 09:37:51,340.88,paid
7938971,383347,2025-10-25 08:45:39,83.87,paid
5788285,248669,2025-09-03 10:04:46,100.38,paid
3622854,693667,2025-06-03 06:34:45,510.07,paid
9178389,196472,2025-11-16 13:01:38,534.07,paid
6060031,909740,2025-03-30 13:51:42,245.06,paid
9630200,218019,2025-05-08 15:01:47,71.68,paid
6277807,977420,2025-08-26 17:06:22,23.28,paid
4477047,349808,2025-12-30 13:42:41,419.94,paid
5610706,314260,2025-07-17 10:14:26,2422.8,paid
9885251,466834,2025-04-20 07:35:45,687.01,paid
2684101,119663,2025-08-13 11:49:16,3259.29,paid
9644421,696918,2025-08-18 05:20:09,311.25,paid
2851847,108606,2025-10-12 17:48:42,593.32,paid
7153484,723768,2025-01-18 09:28:20,413.14,paid
7154288,806120,2025-11-08 14:10:29,49.19,paid
7548711,606858,2025-07-02 12:39:44,59.45,paid
6820929,302271,2025-12-20 22:23:09,4882.1,paid
641206,356856,2025-05-28 08:48:42,84.99,paid
4311332,845929,2025-11-30 15:35:24,44.85,paid
8937435,751454,2025-06-25 07:52:58,2360.62,paid
4912832,318162,2025-01-31 13:02:44,234.74,uncollectible
8189039,208743,2025-09-10 17:58:21,560.92,paid
465593,679810,2025-05-12 10:45:57,605.56,paid
4436573,736270,2025-07-25 14:10:28,5159.41,paid
9812367,375756,2025-01-11 07:21:37,644.92,paid
4594445,640065,2025-08-30 11:06:50,48.91,paid
1025602,519899,2025-04-08 09:16:59,34.98,paid
4116585,362956,2025-06-18 10:46:29,48.87,void
2396984,899024,2025-03-11 22:34:45,74.04,paid
1645796,640065,2025-03-15 13:10:35,49.67,paid
6617985,188341,2025-06-12 10:44:20,90.67,paid
3251816,750386,2025-07-24 09:10:57,55.95,paid
7561659,805099,2025-12-28 14:16:39,38.7,paid
7217301,282217,2025-03-16 08:55:47,5380.03,paid
3438233,605260,2025-06-08 17:03:11,69.47,paid
8317092,129145,2025-09-17 15:33:11,745.16,paid
1716904,692863,2025-04-09 07:38:24,104.13,paid
193172,913140,2025-02-05 18:21:17,130.81,paid
2306220,554320,2025-02-18 16:00:10,3517.33,paid
9923409,269555,2025-07-05 12:21:37,263.54,paid
5101990,721049,2025-08-22 03:39:07,107.26,void
8938932,349634,2025-01-15 09:43:41,3767.83,paid
6449717,466834,2025-02-26 14:42:32,662.68,paid
4643881,645195,2025-11-07 09:31:37,34.56,uncollectible
6668136,572896,2025-09-13 15:07:10,44.57,paid
2205466,980971,2025-03-26 14:34:43,509.12,paid
6347664,440806,2025-11-04 16:13:22,23.62,paid
368732,537536,2025-05-24 10:35:00,344.45,paid
5916261,236900,2025-08-29 09:51:32,400.12,uncollectible
695777,288150,2025-12-16 08:24:21,345.03,paid
4452344,961826,2025-01-02 14:36:33,67.94,void
3465059,983167,2025-01-18 18:56:36,1045.14,paid
9591655,650871,2025-05-15 10:11:20,537.31,paid
3565181,722460,2025-08-06 08:53:25,59.17,paid
8328860,592265,2025-09-27 09:04:41,51.32,paid
4786153,513019,2025-11-30 13:57:36,265.1,paid
342280,289993,2025-12-12 11:22:26,514.12,paid
3917943,740262,2025-12-07 10:39:12,59.92,paid
9281278,269978,2025-03-26 13:38:42,505.84,paid
8079527,400614,2025-11-05 10:19:23,87.48,paid
6476835,326211,2025-06-29 16:37:27,767.49,open
3110556,136425,2025-12-17 14:55:15,49.68,paid
9789626,973987,2025-05-24 20:45:47,24.75,paid
5646072,789095,2025-05-22 07:41:04,69.32,paid
4964406,216490,2025-10-10 15:49:48,33.2,paid
4739568,186866,2025-02-04 06:27:36,387.29,paid
3395279,437273,2025-09-03 12:59:04,37.77,open
4239485,378702,2025-02-07 11:14:28,60.93,paid
9483947,236900,2025-09-05 19:27:28,368.06,paid
1327579,668250,2025-04-18 14:19:37,4277.36,paid
7021120,985138,2025-06-08 14:58:24,2050.69,paid
4295703,847561,2025-05-21 08:07:51,81.75,paid
689452,943858,2025-08-21 11:57:56,489.09,paid
6947068,219926,2025-03-30 17:35:47,3344.89,paid
3528090,361379,2025-01-21 14:27:18,848.83,paid
2987472,136425,2025-07-22 16:48:27,46.61,paid
5170631,256231,2025-05-15 17:29:00,940.02,paid
3994744,383347,2025-02-22 08:35:17,81.99,paid
4347056,298048,2025-05-17 08:16:04,57.12,paid
3971233,769395,2025-09-21 22:11:25,78.87,paid
2839420,940445,2025-06-02 13:29:24,151.18,paid
5500731,418604,2025-06-18 12:06:28,37.55,paid
2989702,284939,2025-07-09 10:46:49,72.92,paid
2774804,358368,2025-04-22 10:29:31,51.72,paid
884458,731506,2025-05-07 10:04:03,12.02,paid
5519815,716836,2025-07-15 10:59:50,105.81,paid
138950,296755,2025-07-11 13:05:10,138.73,paid
7108937,699272,2025-01-19 16:00:42,82.66,paid
8731004,597592,2025-01-19 10:57:37,395.87,paid
3624697,890103,2025-05-30 07:41:46,103.87,paid
68957,414105,2025-04-04 07:28:49,77.52,paid
8894573,790364,2025-12-18 11:09:32,195.36,paid
5448814,791209,2025-07-01 08:54:26,84.8,paid
1014448,110220,2025-04-19 21:03:49,66.68,paid
9379489,278077,2025-02-10 09:18:41,226.93,paid
3520769,431648,2025-07-06 11:28:45,126.38,paid
2073712,907943,2025-08-16 10:23:50,35.41,paid
5065172,479390,2025-01-22 16:17:33,36.74,paid
4959830,201117,2025-10-10 08:57:32,792.24,paid
6820665,189189,2025-10-08 09:56:34,449.2,paid
6895935,931016,2025-08-23 16:55:46,293.92,paid
9487163,498584,2025-06-28 11:41:50,76.1,paid
8896014,135223,2025-10-14 18:36:22,74.47,paid
2033070,901636,2025-06-16 13:41:39,444.4,paid
4046865,281254,2025-03-18 18:50:31,361.15,paid
5043294,409157,2025-10-18 10:13:12,59.25,paid
6540302,687117,2025-09-05 18:56:42,43.53,paid
2992768,991572,2025-02-16 06:58:28,372.79,paid
733032,750844,2025-05-11 17:45:16,685.27,paid
1481237,624539,2025-09-22 15:03:34,35.78,paid
3362883,973361,2025-03-08 15:07:14,324.79,paid
6306882,541269,2025-01-10 05:01:20,214.0,open
8847458,687595,2025-07-20 08:27:55,2174.71,paid
9431081,668059,2025-12-21 15:04:52,62.84,paid
235935,118279,2025-02-05 14:35:04,578.68,paid
3686280,713585,2025-08-03 14:38:59,82.29,open
7002881,219926,2025-03-13 15:39:28,3666.23,paid
962748,417896,2025-03-26 20:48:58,594.32,open
17788,641276,2025-01-16 12:04:21,160.65,paid
4878618,695658,2025-01-18 16:32:32,222.48,paid
111935,733368,2025-02-27 14:08:01,47.83,paid
9855780,143529,2025-03-20 13:44:11,83.69,paid
9014252,136425,2025-09-11 08:46:21,50.13,paid
134171,362499,2025-05-29 16:44:34,615.14,paid
1196365,196541,2025-08-12 15:56:39,32.67,open
5262144,277459,2025-12-27 16:34:43,150.65,paid
8582687,430738,2025-08-25 09:20:30,47.97,paid
2654791,376354,2025-11-21 05:21:17,92.9,void
6149958,789095,2025-07-24 09:47:02,73.03,paid
1695297,845929,2025-11-09 08:23:39,47.83,paid
918425,627910,2025-09-01 12:48:02,100.21,paid
8735338,843432,2025-09-14 06:35:10,23.42,paid
6802850,972041,2025-11-21 18:04:49,565.63,paid
5713961,619919,2025-04-07 09:37:33,24.71,paid
50914,359748,2025-04-01 10:34:07,625.52,paid
1884368,112414,2025-09-22 09:35:37,35.67,paid
3057862,228280,2025-09-17 08:44:47,579.82,open
6669220,265989,2025-06-14 12:29:40,46.76,paid
6388425,646333,2025-07-02 06:05:14,62.7,paid
9086252,165228,2025-05-26 15:34:36,642.76,paid
2090993,292475,2025-02-21 09:29:11,2413.49,paid
2368862,848871,2025-01-14 14:18:02,68.36,paid
7017685,143805,2025-09-05 08:00:26,551.93,paid
583490,218019,2025-08-11 13:54:26,69.27,paid
2849631,198116,2025-08-02 15:57:39,887.82,paid
5190497,747100,2025-07-21 10:48:25,53.23,paid
1150637,182485,2025-01-27 14:35:34,134.19,paid
3222120,739213,2025-05-24 20:23:02,70.78,paid
3043233,952954,2025-02-03 15:19:29,408.93,paid
4068166,170417,2025-04-09 05:01:24,893.44,paid
3751009,221718,2025-01-03 11:48:45,47.18,paid
3403133,211956,2025-06-24 10:32:37,288.32,paid
1856392,870377,2025-01-31 07:28:51,35.4,paid
2174318,316254,2025-06-12 08:07:45,729.48,open
3321842,200865,2025-07-07 20:21:46,261.16,open
5938241,118279,2025-08-13 17:09:18,545.08,paid
4353370,619919,2025-06-02 06:15:24,24.9,paid
5464882,537253,2025-08-27 13:18:13,34.39,paid
8257261,290736,2025-03-17 15:30:12,15020.1,paid
8655899,368540,2025-07-24 06:31:49,71.57,paid
7215083,952954,2025-10-18 13:47:07,456.54,paid
3342009,359909,2025-12-04 14:39:12,653.52,paid
8020287,505397,2025-12-09 10:08:41,106.25,paid
4145478,241202,2025-06-18 12:14:48,1039.9,paid
8879776,891033,2025-12-19 09:20:14,126.53,paid
4865198,750844,2025-05-19 11:29:17,747.86,paid
332433,236391,2025-05-15 09:42:39,3786.99,paid
2776260,812313,2025-05-16 02:53:25,99.55,paid
9285491,552380,2025-05-02 08:47:07,1772.12,uncollectible
1490300,679825,2025-02-09 11:32:15,2989.13,paid
3481606,144659,2025-04-26 08:55:06,551.42,paid
6360320,836465,2025-06-15 14:44:12,230.2,open
6536605,850797,2025-02-18 13:50:43,87.95,paid
165833,539755,2025-05-11 09:48:51,23.64,paid
7124395,958517,2025-04-12 05:58:54,635.02,paid
6622512,742518,2025-07-14 21:07:49,723.92,paid
321533,705867,2025-01-16 12:19:08,3963.63,paid
9546455,912387,2025-10-14 03:38:35,50.39,paid
9388475,902347,2025-11-07 14:34:18,3062.11,paid
8237457,654271,2025-10-20 17:27:21,510.05,paid
6769132,741178,2025-01-26 10:52:37,406.98,paid
1792900,586841,2025-06-28 15:52:30,226.99,paid
4523911,928274,2025-02-09 09:48:53,460.38,paid
2350489,219926,2025-01-15 16:17:46,3516.14,void
7938980,678569,2025-05-13 09:35:11,834.43,paid
8252509,537263,2025-10-25 13:21:14,711.16,paid
4485711,301410,2025-01-28 12:07:04,243.76,paid
3514074,873654,2025-08-02 10:09:13,3735.92,paid
5396452,519899,2025-05-05 14:17:00,35.59,open
8304651,620640,2025-10-28 12:04:45,432.85,paid
2314247,291292,2025-07-11 13:28:06,525.74,paid
838912,892691,2025-07-30 11:42:48,487.96,paid
9743623,245218,2025-01-19 20:25:39,1593.81,paid
2364426,632926,2025-10-09 10:55:06,981.72,paid
7361819,862228,2025-10-19 15:48:33,22.73,paid
3881837,862228,2025-11-27 16:12:10,26.98,paid
5174934,516478,2025-09-30 05:53:03,37.67,paid
5515002,676881,2025-09-01 17:05:04,35.47,paid
6075119,157315,2025-02-20 08:04:31,38.7,paid
8760604,412093,2025-10-12 14:49:34,34.23,paid
6469231,749734,2025-04-05 13:54:45,59.57,paid
5162381,139051,2025-02-25 09:04:49,32.93,paid
7342290,704625,2025-05-17 12:17:06,631.58,paid
721484,695829,2025-02-13 17:20:13,44.54,paid
5342644,113224,2025-12-19 16:50:01,2665.35,paid
5758097,739213,2025-12-14 16:13:10,78.38,paid
8969779,199248,2025-08-22 14:15:41,3958.63,paid
4992141,416221,2025-02-26 18:16:07,3922.31,paid
4061235,697314,2025-08-14 11:51:55,368.11,paid
8107951,313943,2025-10-30 17:01:54,923.02,paid
6530237,647019,2025-06-11 17:13:20,854.56,paid
1292003,331341,2025-09-11 17:38:59,46.73,paid
5796277,315118,2025-09-18 15:33:24,3579.5,paid
8548778,875061,2025-09-24 14:33:10,112.77,paid
7012243,526700,2025-11-28 13:19:35,59.05,paid
8940869,196472,2025-04-26 09:25:30,550.3,paid
8798244,124942,2025-01-31 20:23:55,636.17,paid
7627998,946742,2025-12-26 09:18:43,57.37,paid
4629715,950873,2025-03-16 09:20:22,586.86,paid
4525532,661510,2025-08-31 01:42:31,532.02,paid
9552190,504637,2025-06-03 14:49:17,56.07,paid
8654748,661816,2025-03-13 08:23:44,380.47,paid
4588098,687763,2025-09-12 10:29:35,463.1,paid
528937,452461,2025-06-04 13:16:19,554.14,paid
530425,527428,2025-12-07 08:34:43,5993.02,paid
1766557,357563,2025-08-21 10:28:37,190.23,paid
8904833,785078,2025-09-17 12:40:22,67.35,paid
3028637,374056,2025-09-07 19:25:42,421.15,paid
9087055,174373,2025-02-07 13:19:06,475.54,paid
9927878,912127,2025-05-04 00:17:07,1737.6,paid
2999897,400614,2025-09-21 12:49:12,91.99,paid
3170919,988431,2025-04-10 15:27:52,35.71,uncollectible
2244193,942304,2025-09-20 07:18:57,5092.87,paid
625635,479242,2025-08-28 21:51:46,227.95,paid
2930573,517173,2025-12-27 12:44:54,179.54,paid
7718360,549442,2025-02-07 06:59:05,3598.9,paid
6509506,822666,2025-07-03 17:45:57,740.75,paid
2449347,687117,2025-05-06 09:33:57,46.72,paid
7289214,216490,2025-03-17 12:01:00,33.22,paid
7573098,462638,2025-12-03 15:45:52,5955.5,paid
2398966,467325,2025-05-26 16:21:07,195.28,paid
1741915,335302,2025-09-05 11:02:08,23.36,paid
5214712,776288,2025-05-10 16:48:44,577.32,paid
3363204,678569,2025-06-26 15:47:16,856.84,open
5770216,236391,2025-10-11 11:23:44,3976.73,paid
9460549,141893,2025-02-13 09:48:58,60.73,paid
5733881,467325,2025-04-14 17:42:02,200.06,paid
1606715,580435,2025-10-08 20:11:07,586.84,paid
2471518,262678,2025-01-28 08:13:18,80.3,open
2276779,917801,2025-05-03 13:09:07,4317.14,paid
9343412,586292,2025-09-08 14:38:52,33.17,paid
4012262,600525,2025-10-09 15:12:26,1296.19,paid
2237570,248358,2025-03-30 18:16:15,512.94,paid
5667219,650871,2025-04-15 15:15:29,514.97,paid
6443088,859443,2025-04-26 20:43:15,20607.07,paid
3388635,304212,2025-12-09 11:24:57,85.94,paid
8981213,490866,2025-09-27 08:17:50,360.68,paid
9630011,335302,2025-05-27 10:18:52,25.53,paid
3744218,765110,2025-06-28 11:03:47,35.02,open
8470003,555768,2025-03-16 16:19:22,579.62,uncollectible
162968,759736,2025-09-05 10:09:33,487.55,paid
9119756,647019,2025-04-06 13:28:00,781.99,paid
2349620,889010,2025-03-22 14:49:41,241.9,paid
1557337,859443,2025-11-17 02:55:25,19974.6,paid
3391098,417940,2025-06-13 11:40:30,79.49,paid
850861,444888,2025-10-09 14:28:18,741.31,paid
1384735,185683,2025-01-17 07:42:46,4885.64,paid
9193777,372180,2025-06-06 13:29:38,48.93,paid
5734274,170902,2025-11-30 13:52:23,36.2,paid
587645,548818,2025-07-28 14:28:28,425.63,paid
886045,177009,2025-09-21 13:52:21,26.45,paid
9003481,909042,2025-01-28 11:49:48,47.08,paid
2214343,664655,2025-12-13 09:49:27,69.06,paid
134399,962615,2025-08-29 15:55:15,776.69,paid
1952795,757684,2025-09-07 17:59:07,73.17,paid
3450680,990741,2025-08-27 09:19:04,65.15,paid
3164523,944315,2025-01-21 16:25:14,1592.84,paid
9801185,201572,2025-09-22 16:52:33,919.82,paid
2984307,378343,2025-11-21 08:05:52,541.18,paid
6067111,142260,2025-12-08 12:15:00,5867.72,paid
6775680,248358,2025-07-13 09:51:47,525.71,paid
9882828,373043,2025-12-13 12:13:50,39.49,paid
2114839,329586,2025-11-02 10:44:29,514.35,paid
5487344,409157,2025-03-08 12:22:50,59.09,paid
7745307,402163,2025-02-18 16:48:51,55.71,paid
3360457,847327,2025-05-20 07:55:02,841.46,paid
3678975,634053,2025-02-13 05:27:47,2677.82,paid
9559253,790366,2025-05-08 08:08:34,38.07,void
5579567,848451,2025-12-18 14:45:26,527.51,paid
3215780,761571,2025-06-25 13:20:28,59.56,paid
3235766,586841,2025-12-13 14:51:47,226.99,paid
2095891,252591,2025-08-22 13:30:55,379.35,paid
9771989,744158,2025-01-14 19:53:20,1104.41,paid
8302674,400614,2025-09-21 09:07:42,79.11,paid
148165,386921,2025-12-04 11:44:59,2907.1,paid
750344,798586,2025-07-21 07:12:29,4783.1,paid
9854843,973987,2025-09-18 13:57:12,24.9,paid
6025120,554320,2025-04-14 11:23:50,3479.62,paid
8402087,378343,2025-07-08 05:09:24,574.41,paid
7314815,952954,2025-02-25 13:09:36,429.42,paid
3249662,839821,2025-08-12 19:55:44,601.8,paid
8657064,713907,2025-08-16 15:44:04,50.31,paid
4142898,716836,2025-02-22 15:33:26,98.12,paid
8559739,551362,2025-05-14 07:28:29,879.59,paid
533939,567817,2025-08-16 13:12:44,54.78,paid
6062872,318162,2025-11-23 09:00:14,250.84,paid
3775435,246475,2025-11-03 19:35:32,90.82,paid
7125724,631096,2025-08-05 12:27:50,39.01,paid
8895913,374056,2025-09-08 11:09:00,471.75,paid
6658298,782825,2025-06-09 09:47:39,6731.98,paid
6362848,780194,2025-05-08 18:04:00,1522.92,paid
7207034,182129,2025-08-02 11:56:41,413.43,paid
6769997,746335,2025-08-02 09:27:41,51.6,paid
2416316,152728,2025-11-22 08:36:55,10305.04,paid
2660561,194356,2025-12-25 07:14:23,35.83,open
9003693,291773,2025-06-25 18:55:19,77.85,open
1328556,209127,2025-06-05 21:05:44,2128.19,paid
7162408,669363,2025-04-30 12:19:55,50.2,paid
4035299,681503,2025-09-01 13:16:51,59.46,paid
6348234,611661,2025-09-09 15:06:38,62.83,paid
8532654,412093,2025-11-12 10:14:47,36.0,paid
7343222,216101,2025-07-14 14:49:11,25.1,paid
7306199,280156,2025-08-28 14:41:00,793.27,paid
5873920,356711,2025-01-23 10:13:17,1934.88,paid
297958,557985,2025-11-05 09:31:46,48.95,paid
1398552,414766,2025-06-05 08:41:58,54.03,void
9684479,549442,2025-06-25 19:13:37,3965.93,paid
9959761,110840,2025-04-04 08:34:14,2865.06,paid
1715651,270148,2025-06-21 11:15:32,1063.92,paid
2874856,378343,2025-07-22 17:47:12,612.6,paid
7138982,320794,2025-08-01 14:37:30,66.41,paid
5377838,254108,2025-08-21 09:21:51,131.73,paid
4843644,450199,2025-09-21 18:46:39,101.17,paid
2067959,260885,2025-11-22 09:08:33,33.72,paid
1430593,511879,2025-09-24 09:47:32,696.02,paid
5574594,102347,2025-04-13 12:34:14,629.84,paid
7348374,345589,2025-01-24 09:12:12,880.95,paid
7090013,603274,2025-11-17 11:08:26,35.35,paid
756423,574470,2025-11-09 09:50:27,423.58,paid
7807049,216864,2025-08-02 15:14:09,23.97,paid
9627644,663216,2025-03-18 07:07:35,387.65,paid
1830084,892691,2025-10-15 09:31:35,420.93,paid
8312514,428057,2025-08-02 09:00:21,42.25,paid
9293994,440025,2025-11-15 08:13:53,858.4,paid
2875315,217404,2025-11-15 13:29:49,48.44,paid
3717168,629748,2025-06-21 22:09:06,90.74,paid
9266639,209127,2025-06-06 07:58:33,2182.05,paid
1643142,579749,2025-05-22 17:22:26,64.22,paid
4234935,237614,2025-12-26 13:30:40,604.56,paid
3844728,597746,2025-07-10 12:33:13,72.42,paid
7299299,244780,2025-02-11 17:20:46,5623.88,paid
6802746,572896,2025-07-23 06:01:57,49.45,paid
5855955,102220,2025-05-06 11:15:35,313.33,paid
9872942,606858,2025-08-02 07:11:05,57.3,paid
7876931,679810,2025-04-16 15:38:34,561.31,void
1573535,501273,2025-10-30 08:10:46,58.38,paid
8859979,575382,2025-12-16 19:51:44,872.6,paid
5215711,625558,2025-10-19 11:46:25,74.38,paid
9671671,807582,2025-04-05 14:45:08,328.63,paid
334627,445354,2025-03-09 14:01:26,65.84,paid
1694403,731506,2025-11-25 14:02:08,11.8,uncollectible
9932845,854166,2025-04-20 09:42:29,564.37,paid
1232899,299049,2025-01-29 14:14:31,93.28,paid
4863350,661655,2025-12-06 12:57:10,66.95,paid
4644504,579749,2025-10-14 11:09:47,54.94,paid
7375916,392724,2025-04-22 08:46:10,363.04,paid
9201516,876153,2025-05-20 11:28:04,53.96,paid
3214990,952233,2025-06-19 21:10:45,593.39,paid
4737714,685200,2025-09-02 16:48:43,503.96,paid
1532507,479390,2025-11-05 07:10:52,34.93,paid
168495,768193,2025-11-01 09:20:04,631.18,paid
9865940,684083,2025-06-26 03:07:10,47.76,paid
2816954,895559,2025-10-02 17:59:46,684.68,paid
3717658,104172,2025-07-31 00:40:23,24.98,paid
2888221,504637,2025-09-14 14:48:23,47.34,paid
5604768,613197,2025-09-23 18:43:21,934.92,paid
2504447,412093,2025-09-26 14:18:12,34.74,paid
7504191,278077,2025-06-24 16:09:33,234.23,paid
8958906,474008,2025-11-01 08:46:31,940.46,paid
8279277,263552,2025-12-10 15:46:26,32.6,paid
4057025,211818,2025-04-04 10:18:10,949.26,paid
3293541,206487,2025-02-18 12:13:22,69.36,paid
1384072,119546,2025-11-13 16:20:54,77.8,paid
1502198,362499,2025-09-18 14:03:01,606.45,paid
7192982,227569,2025-04-30 09:48:20,298.59,paid
7421688,899547,2025-03-10 08:57:06,295.0,paid
5370429,349808,2025-02-02 08:53:25,392.41,paid
357873,806501,2025-08-25 16:12:16,399.97,paid
1091882,769395,2025-07-19 13:25:42,62.88,paid
3173396,290492,2025-09-05 17:35:20,115.16,open
5021743,651891,2025-08-10 18:47:29,12511.84,paid
5283797,263552,2025-10-25 17:50:01,35.51,paid
1056048,479493,2025-04-29 08:51:00,107.23,paid
1008184,605260,2025-04-17 16:08:33,66.67,paid
5691227,150144,2025-08-31 09:48:49,147.09,paid
2724767,580725,2025-12-12 16:17:35,33.92,paid
7958248,364714,2025-09-02 17:44:53,91.28,paid
5529306,441439,2025-10-16 18:41:18,62.48,paid
5620835,279735,2025-07-09 20:23:18,110.39,paid
5672742,164080,2025-01-27 10:16:57,55.62,uncollectible
211598,742562,2025-12-19 17:17:24,1872.06,paid
5138730,466636,2025-11-02 16:21:37,129.44,paid
6524893,265989,2025-10-06 18:11:13,48.24,paid
6877197,499802,2025-04-06 09:06:01,77.85,paid
4596871,435261,2025-08-26 12:25:54,997.81,open
7529238,517368,2025-12-23 08:52:59,4664.69,paid
8920447,603307,2025-09-12 20:04:12,33.8,paid
881351,605260,2025-11-14 16:03:31,76.08,open
6155829,153122,2025-04-22 08:41:55,46.42,uncollectible
4300609,644475,2025-02-23 08:51:23,60.25,paid
2874976,931016,2025-01-19 14:55:34,274.2,paid
7074400,552380,2025-10-17 15:45:48,1719.27,paid
2528316,281254,2025-01-25 20:56:58,334.51,paid
2719118,749734,2025-06-08 07:50:21,63.11,paid
6515433,958517,2025-04-27 10:22:07,655.84,paid
6674544,171084,2025-01-12 17:23:07,933.65,paid
5348053,902347,2025-11-28 03:12:00,3088.42,paid
5929886,172478,2025-12-10 15:13:49,508.64,paid
9262522,928274,2025-05-29 13:36:43,476.41,paid
8253776,809176,2025-08-13 09:57:15,648.76,paid
3688845,278618,2025-01-28 15:01:06,709.85,uncollectible
2404686,667992,2025-09-08 16:15:34,4816.91,paid
300943,259373,2025-05-01 14:55:28,77.26,paid
3751471,111647,2025-11-08 16:26:08,7214.42,paid
9142519,997844,2025-05-05 12:01:47,6376.03,paid
445236,269054,2025-06-07 11:27:48,84.95,paid
5211493,378702,2025-03-05 13:58:37,64.87,paid
6731052,198781,2025-11-29 11:47:16,86.2,paid
838510,684543,2025-08-17 14:31:28,90.18,paid
4410326,631589,2025-02-23 09:21:33,500.22,paid
1213235,875381,2025-12-04 16:58:22,731.34,open
2910886,902662,2025-09-08 07:48:56,33.89,open
2518455,723271,2025-08-20 13:17:01,533.56,paid
3199460,668250,2025-10-21 10:24:21,4262.85,paid
636449,865183,2025-01-24 16:39:11,3029.78,paid
7935581,697547,2025-03-31 07:27:33,363.61,paid
5210898,108657,2025-07-13 10:29:39,638.06,paid
6312379,247268,2025-09-21 11:36:27,509.47,paid
4306426,511107,2025-09-23 12:44:06,56.77,paid
6288955,623050,2025-07-07 19:45:43,57.02,paid
9997405,561350,2025-03-04 09:46:48,565.22,paid
8789920,292475,2025-11-18 16:09:49,2640.93,paid
7037166,714944,2025-11-16 10:50:07,776.62,paid
4828820,499802,2025-11-24 11:56:18,78.73,paid
3365977,371884,2025-05-20 07:38:23,70.42,paid
1696011,668059,2025-06-18 16:10:57,62.54,paid
2190688,148986,2025-06-27 03:32:58,170.93,paid
7131552,848871,2025-11-15 12:23:21,69.66,paid
6863782,778013,2025-05-10 11:24:38,106.56,paid
6766113,431648,2025-07-06 13:03:47,139.14,paid
6271401,812313,2025-08-14 05:29:36,103.52,paid
1412454,181156,2025-10-29 13:20:08,540.55,paid
2941905,981433,2025-07-25 11:54:37,1759.89,paid
3597101,377902,2025-04-17 13:15:27,3806.4,paid
1540063,574768,2025-11-21 12:32:38,831.6,paid
1498610,449270,2025-04-26 14:06:05,96.93,open
8175541,739739,2025-03-06 15:23:25,33.65,paid
2549356,197488,2025-08-27 09:56:35,414.66,paid
5671151,118948,2025-11-26 07:15:16,119.02,paid
8446792,218565,2025-03-30 10:43:52,47.29,paid
2050569,236900,2025-08-29 13:22:46,426.25,paid
4907686,356856,2025-07-13 07:14:08,85.2,paid
5805427,178553,2025-07-31 05:20:25,36.55,paid
3877271,373043,2025-07-05 16:28:13,35.37,paid
9269327,970778,2025-02-21 06:26:30,567.91,paid
9830165,492337,2025-11-14 13:11:19,48.81,paid
3404672,833504,2025-04-05 10:48:29,3465.3,paid
5362941,740617,2025-05-12 13:48:03,1848.89,paid
134878,380284,2025-08-08 14:00:06,5449.45,paid
2363082,124942,2025-04-30 23:35:07,573.27,paid
4225128,236900,2025-12-21 09:01:40,389.74,paid
6344068,219926,2025-11-01 10:05:34,3716.65,paid
6777012,588070,2025-09-20 09:51:52,245.54,paid
5971233,660322,2025-06-10 12:20:44,445.57,paid
30091,799789,2025-06-18 08:57:33,86.59,paid
3226314,164239,2025-03-05 10:07:42,40.42,void
415151,564779,2025-04-10 12:34:27,34.36,paid
5613090,316635,2025-11-22 18:02:53,748.1,paid
5568424,988431,2025-01-20 15:39:51,36.96,paid
7991592,402163,2025-04-16 14:01:26,60.01,paid
5929116,517173,2025-08-30 13:52:22,193.15,paid
1432693,467235,2025-02-08 16:15:24,97.82,paid
9276522,837734,2025-10-08 07:35:12,1051.96,paid
2048995,713907,2025-05-08 07:05:09,49.72,open
4227024,785078,2025-03-12 09:22:45,73.57,paid
6764272,695703,2025-04-23 08:01:06,68.73,paid
290011,349634,2025-04-26 11:49:45,4265.25,paid
1464362,893066,2025-07-13 07:27:16,80.76,paid
7163297,365660,2025-11-26 12:43:13,312.68,paid
6091431,192010,2025-08-23 04:54:06,3014.73,paid
2008328,641328,2025-06-01 10:47:54,21.83,paid
6259973,182564,2025-01-21 09:53:26,56.9,paid
1688112,918643,2025-09-28 10:54:45,654.47,paid
4798622,631003,2025-10-20 14:55:25,315.45,paid
6751533,642899,2025-01-22 09:00:24,74.87,paid
1331012,586292,2025-09-09 06:37:39,34.11,paid
5704997,679023,2025-09-09 16:46:01,35.77,paid
7826203,480190,2025-08-01 17:45:45,35.65,paid
2108178,912387,2025-11-26 14:27:33,47.57,paid
2705249,460814,2025-07-28 18:37:36,36.74,paid
2843155,676603,2025-08-15 20:23:42,277.97,paid
5828445,165039,2025-07-27 15:41:42,3604.9,open
879723,217404,2025-11-07 14:40:56,53.36,paid
4072315,402163,2025-04-18 09:20:15,59.73,paid
6409708,301501,2025-06-08 09:24:18,666.59,open
3212735,741178,2025-03-19 16:22:59,388.35,paid
5451421,256035,2025-04-04 09:50:54,33.92,paid
2095876,664752,2025-09-28 15:23:00,84.48,paid
1496534,650871,2025-11-04 08:10:23,519.22,paid
3621401,280034,2025-08-24 09:26:40,105.32,paid
5394357,499701,2025-09-17 05:39:46,266.78,paid
5402682,686117,2025-06-22 19:33:28,81.22,paid
931431,586292,2025-11-11 12:41:34,35.96,open
2875677,793847,2025-10-30 14:56:02,569.1,paid
273356,902628,2025-05-23 18:26:44,3110.76,paid
8769722,336415,2025-01-09 08:56:14,60.35,paid
5899609,298652,2025-07-01 08:48:20,730.87,paid
4823275,364738,2025-08-22 10:54:49,839.39,paid
4603050,686916,2025-05-29 02:07:34,3708.36,paid
8657838,995264,2025-01-18 13:31:34,75.24,paid
813553,603842,2025-08-20 12:43:49,75.52,paid
2042504,854467,2025-03-21 16:01:35,714.28,paid
3849420,331311,2025-11-20 08:18:02,859.97,paid
8772075,499802,2025-07-29 09:59:39,86.14,paid
5949531,421775,2025-01-10 13:21:24,23.24,paid
461636,597040,2025-02-02 10:23:07,77.14,paid
6738159,631003,2025-06-28 15:02:12,309.03,paid
679704,663683,2025-06-11 13:17:19,44.16,paid
7631038,647019,2025-03-04 14:21:55,818.73,paid
8847489,133896,2025-10-01 18:22:30,2824.28,paid
504508,823375,2025-08-05 06:26:04,272.72,paid
5777399,102220,2025-05-06 11:22:07,289.65,paid
7375577,914996,2025-01-04 10:57:37,758.3,open
7173138,102220,2025-07-21 22:50:15,259.1,paid
4665023,586841,2025-03-27 19:23:50,227.45,uncollectible
7305730,211818,2025-01-01 19:54:58,962.27,paid
3359253,580725,2025-07-06 14:19:35,36.54,uncollectible
8202828,604137,2025-07-15 14:22:38,57.12,paid
4011269,470492,2025-06-22 13:28:28,937.05,paid
5219116,149930,2025-07-23 14:12:16,925.24,paid
7679853,158251,2025-09-09 12:28:36,677.87,paid
4980142,427620,2025-01-08 14:29:11,691.91,paid
4544987,916037,2025-09-08 13:55:47,37.22,paid
1472752,740617,2025-03-19 09:02:43,1628.88,paid
7142666,259984,2025-02-14 22:55:04,2172.8,paid
9340262,102347,2025-05-10 07:09:14,582.36,paid
3409051,316635,2025-01-06 07:02:40,711.78,paid
1267487,607403,2025-05-29 23:36:04,511.36,paid
5792093,436439,2025-04-11 10:01:38,38.27,paid
2144723,527428,2025-08-22 06:31:34,5871.19,paid
7648163,198781,2025-10-25 15:47:54,82.91,open
5352123,761986,2025-06-23 11:42:28,3313.69,open
2628458,819790,2025-11-28 13:20:06,644.06,paid
9260480,785078,2025-09-25 05:58:08,72.41,paid
1494498,997844,2025-08-23 19:17:44,5923.64,paid
34878,353158,2025-09-06 10:07:31,1889.83,void
8714444,717660,2025-01-08 08:38:29,73.67,paid
2188799,452579,2025-07-13 23:43:59,100.56,paid
7328314,931016,2025-07-31 11:43:34,259.35,paid
9882798,673856,2025-09-09 12:30:51,54.49,paid
4366319,158251,2025-06-01 07:18:47,660.37,paid
4842402,165039,2025-10-05 09:40:06,4268.48,paid
3197641,213004,2025-05-25 21:47:10,85.17,paid
1822266,597746,2025-08-13 03:35:01,72.43,paid
4080315,839782,2025-11-17 14:24:55,1939.93,paid
3485527,607403,2025-10-09 15:23:38,587.38,paid
3686294,513477,2025-12-01 09:50:26,801.37,paid
3487083,157478,2025-11-26 11:19:01,46.7,paid
3895763,735377,2025-02-15 06:30:17,25.66,paid
1023325,108657,2025-04-11 11:22:19,599.43,paid
837981,391958,2025-09-06 06:26:58,33.67,paid
565251,847561,2025-11-25 17:09:02,94.33,paid
8016486,975237,2025-09-29 17:46:10,439.7,paid
1960132,105266,2025-12-18 11:59:20,75.72,paid
2307074,216101,2025-06-27 06:50:59,22.28,paid
9505267,165039,2025-06-05 16:54:34,4038.36,paid
3012110,154626,2025-07-12 08:28:55,742.67,open
5498819,200631,2025-03-28 14:02:11,289.98,paid
6613248,262678,2025-05-12 12:57:19,85.51,paid
813330,398032,2025-09-22 17:24:09,35.44,paid
7152199,548818,2025-07-28 12:19:24,425.92,paid
4624384,644920,2025-09-29 10:33:06,586.72,open
7641154,282217,2025-12-30 11:33:51,5911.81,paid
9294404,243998,2025-11-29 15:18:07,37.15,paid
2516365,287710,2025-06-13 08:42:58,4015.28,paid
7507781,599218,2025-07-19 17:20:45,5542.48,void
7175720,893484,2025-07-30 08:00:50,529.42,paid
3609934,504637,2025-08-06 09:57:39,51.29,paid
6501902,699272,2025-05-01 20:49:45,75.47,paid
4915681,644079,2025-08-17 17:26:01,357.67,void
428893,540635,2025-05-14 14:35:58,177.55,paid
9473509,436439,2025-12-12 11:47:56,33.0,paid
9273347,469600,2025-01-12 13:49:22,643.32,paid
3573916,331536,2025-02-26 10:12:37,63.59,paid
6167134,362499,2025-11-20 02:07:40,652.04,paid
5983255,618342,2025-08-23 09:04:33,4062.75,paid
7716973,301501,2025-07-12 23:53:59,726.18,open
8727687,428057,2025-08-02 12:16:17,46.94,paid
9652183,376850,2025-06-18 12:30:14,52.24,paid
8207492,132627,2025-10-06 12:15:25,59.91,paid
9019965,769395,2025-07-19 15:48:23,78.4,paid
7538414,729870,2025-09-01 10:58:42,262.94,paid
1519512,863338,2025-11-11 10:25:46,419.13,paid
6002855,333795,2025-04-23 09:02:44,594.41,paid
6496915,393007,2025-10-29 15:12:59,35.28,paid
5690558,362956,2025-09-21 17:27:44,53.4,paid
7665190,155872,2025-06-17 19:11:04,654.56,paid
8117037,317879,2025-02-10 08:45:29,60.4,paid
2088584,172478,2025-02-04 10:33:05,541.63,paid
1266796,741178,2025-04-25 06:32:21,460.65,paid
755216,110861,2025-05-12 12:39:00,68.25,paid
8049486,807582,2025-04-01 07:50:40,340.3,paid
6268302,686916,2025-10-24 13:03:54,3735.28,paid
9544137,232159,2025-06-05 19:36:57,3039.66,paid
9447146,170902,2025-06-15 13:04:24,33.13,paid
8502938,481016,2025-03-21 20:06:17,720.31,paid
8346866,563394,2025-09-20 19:46:52,857.74,paid
1490549,443384,2025-06-19 15:22:46,85.65,paid
7658860,665974,2025-04-11 08:45:44,36.53,paid
824431,832087,2025-11-27 12:11:30,337.16,open
3557313,345589,2025-10-20 16:01:41,880.44,paid
7732824,685576,2025-07-20 14:49:12,276.59,paid
1491553,414105,2025-02-17 19:02:39,73.87,paid
748975,391164,2025-01-16 05:58:36,26.58,paid
9518028,197488,2025-08-15 09:49:31,393.99,paid
1128357,499701,2025-09-02 15:42:52,281.88,paid
9405033,486520,2025-12-16 21:12:36,38.79,paid
6366814,952233,2025-03-06 14:00:58,555.17,paid
8485435,713866,2025-09-26 11:02:01,767.35,paid
177877,393197,2025-01-11 14:54:00,689.91,open
5508026,312337,2025-02-23 14:48:18,71.89,uncollectible
8908818,776288,2025-09-05 06:16:10,583.5,paid
1114647,381513,2025-05-08 09:27:57,37.57,paid
9554919,931016,2025-01-24 10:39:55,254.27,paid
6472833,513019,2025-01-26 12:07:45,221.84,paid
940673,437273,2025-04-26 13:08:30,36.63,paid
5777759,218565,2025-01-10 17:33:57,47.63,paid
1988321,836507,2025-11-17 15:19:31,95.95,paid
460779,118279,2025-02-18 08:16:40,576.1,paid
2654623,874742,2025-07-02 13:10:36,1086.07,paid
4887910,863338,2025-06-14 16:19:05,406.76,paid
3014777,189189,2025-08-14 12:45:43,386.73,paid
666906,343808,2025-07-20 12:18:34,75.11,paid
9923121,706802,2025-04-06 08:19:18,634.99,paid
5334045,832207,2025-07-26 10:50:51,721.02,paid
6060553,806120,2025-08-17 08:10:37,47.16,paid
7900205,540382,2025-06-02 14:16:54,487.1,paid
2346790,488220,2025-10-24 12:14:22,235.01,paid
438963,792694,2025-08-13 09:43:07,1091.45,paid
6330934,769811,2025-09-28 17:19:24,1601.6,open
5486519,344893,2025-06-17 14:35:01,2788.45,paid
2660972,692863,2025-07-21 11:56:21,99.51,paid
3645964,290492,2025-04-22 10:40:39,103.51,paid
178856,302271,2025-03-20 16:29:28,4258.39,paid
9040531,196847,2025-09-30 23:35:13,2720.57,paid
9047278,539755,2025-04-25 11:46:10,25.67,paid
6462924,617646,2025-03-14 00:23:06,313.76,paid
3445708,235164,2025-03-12 09:27:32,1314.56,paid
8517333,848451,2025-05-30 15:00:06,571.6,paid
2510147,604137,2025-06-07 18:51:25,64.47,paid
9199139,651891,2025-12-17 07:41:05,10941.2,void
1963369,192010,2025-08-22 14:53:43,3138.33,paid
8454877,697547,2025-06-04 10:47:39,349.62,paid
7659599,540635,2025-09-26 07:38:46,174.1,paid
103165,697547,2025-07-09 16:35:02,365.62,paid
7218606,580725,2025-05-21 08:33:04,36.37,paid
3338313,395913,2025-08-11 19:25:44,346.41,paid
7339762,540115,2025-06-14 08:13:33,860.88,paid
4063016,833504,2025-10-17 07:06:32,3466.01,paid
4674045,537536,2025-07-09 14:53:23,325.45,paid
6082548,724051,2025-01-02 13:20:15,294.61,paid
2981641,108606,2025-09-04 19:37:38,606.11,paid
3627949,417940,2025-06-05 12:30:54,72.81,paid
9271875,999282,2025-09-12 15:17:44,34.88,paid
5133676,124161,2025-04-07 14:39:07,133.3,paid
458638,516809,2025-03-21 05:28:55,709.26,paid
2513485,697314,2025-12-26 13:44:03,397.78,paid
881881,581789,2025-05-20 15:49:12,138.74,uncollectible
8460757,241116,2025-07-29 10:17:58,49.6,uncollectible
1691223,221118,2025-04-29 04:46:26,34.18,paid
3087978,950873,2025-02-01 08:35:00,652.51,paid
3545764,575346,2025-10-15 08:03:05,621.85,paid
2007674,558918,2025-05-10 14:14:29,936.0,paid
4139798,252079,2025-09-25 16:26:53,80.79,void
8270202,575421,2025-10-03 14:51:07,100.57,paid
9510630,368540,2025-02-28 09:48:30,57.58,paid
1546507,157411,2025-05-07 13:01:44,4826.53,paid
8726441,316635,2025-03-03 15:59:33,737.79,paid
3099208,822380,2025-03-13 15:19:12,317.38,paid
9624060,142260,2025-04-12 13:59:12,5519.43,paid
9269679,819946,2025-07-27 07:55:57,117.11,paid
1244622,454905,2025-10-25 09:23:36,49.53,paid
5559614,564779,2025-11-06 14:59:41,35.95,paid
2813526,968217,2025-11-26 16:28:57,87.05,paid
7504274,734042,2025-08-29 13:11:17,64.12,paid
79853,138819,2025-12-27 01:59:48,81.03,paid
1136817,269785,2025-02-17 18:33:42,710.79,paid
9971684,833504,2025-04-25 22:19:34,3487.04,paid
7297466,517368,2025-07-31 12:34:53,4835.03,paid
3248101,295167,2025-09-16 10:19:56,48.76,paid
7133949,886365,2025-07-22 06:45:49,2419.28,paid
315764,740617,2025-03-01 00:23:12,1824.32,paid
9860407,286547,2025-11-21 06:33:18,37.4,paid
2676870,902347,2025-09-11 09:57:34,3101.19,open
1825922,863338,2025-06-15 17:53:17,426.95,paid
6963572,262644,2025-02-28 07:12:49,1288.04,paid
9663894,694103,2025-03-18 08:48:45,34.47,paid
2077170,917868,2025-12-03 20:05:08,65.88,open
9442099,873644,2025-07-01 11:47:18,311.39,paid
5601281,395744,2025-10-19 17:57:46,58.6,paid
9369636,144659,2025-09-18 16:05:21,538.0,paid
8297599,393542,2025-07-27 12:09:20,34.38,paid
1342148,402163,2025-11-09 14:28:13,65.64,paid
7148315,431016,2025-09-02 22:40:14,36.19,paid
2073498,302271,2025-03-21 18:30:59,4011.99,paid
5986421,451634,2025-06-28 11:07:21,190.84,paid
4304696,565218,2025-08-25 12:10:06,2896.44,paid
8098508,437273,2025-12-10 12:55:54,35.96,paid
4802772,291773,2025-06-16 10:40:48,71.89,paid
8220994,815996,2025-05-25 15:51:48,833.87,paid
4110071,847327,2025-05-06 18:37:12,884.51,paid
9772652,832087,2025-12-06 10:31:03,331.89,paid
6755730,943223,2025-02-15 14:56:28,396.19,paid
8940091,543184,2025-04-06 10:33:37,46.09,paid
9709179,662368,2025-09-24 08:28:19,57.37,paid
7006189,751178,2025-01-01 12:37:06,2081.4,paid
5885251,557850,2025-09-11 09:00:06,4650.22,paid
5319239,364738,2025-12-26 13:17:09,813.85,paid
6893670,845929,2025-12-29 17:25:24,45.06,paid
8126988,552380,2025-03-22 02:54:34,1699.84,paid
948411,440806,2025-04-09 17:53:00,25.97,paid
8978956,291292,2025-07-12 16:41:06,508.57,paid
3191797,141893,2025-12-07 06:19:44,58.72,void
8755118,339830,2025-01-29 00:14:32,2910.58,paid
6835485,428057,2025-08-02 10:49:33,53.24,paid
5770676,241202,2025-06-04 14:25:42,939.97,paid
5445622,435261,2025-07-08 05:57:58,1034.41,paid
1246677,885767,2025-08-04 09:31:29,253.6,paid
8423334,575346,2025-09-28 11:55:31,629.66,paid
9417400,596031,2025-10-11 20:07:56,277.16,paid
1285280,613197,2025-05-10 22:40:48,885.45,void
1135087,316254,2025-12-23 12:33:45,639.46,paid
499895,577783,2025-05-05 18:57:45,733.41,paid
1369895,713834,2025-05-14 12:58:32,48.55,uncollectible
1583123,950959,2025-05-25 14:39:09,1204.83,paid
3179623,723768,2025-08-01 18:51:41,357.06,paid
2077383,143122,2025-09-09 19:27:04,33.03,paid
1059442,935611,2025-10-11 09:21:19,33.69,paid
611184,686916,2025-10-19 21:09:07,3908.92,open
7852578,662010,2025-08-15 13:13:42,42.59,paid
9643589,182485,2025-02-07 10:00:23,140.53,paid
8462649,713583,2025-06-25 14:20:53,56.73,paid
4205437,248358,2025-04-23 16:24:14,567.26,paid
5247825,467235,2025-11-04 09:17:45,99.39,paid
7769707,201117,2025-12-13 16:49:22,723.45,paid
712564,575346,2025-08-17 03:19:37,571.67,paid
4742619,810968,2025-09-23 14:29:09,328.58,paid
7540247,790797,2025-09-22 14:02:23,23.36,paid
6048793,205204,2025-11-14 12:03:00,131.15,paid
2848361,631096,2025-07-02 13:18:34,36.06,paid
2433017,824578,2025-07-30 00:08:38,578.84,paid
3635792,750844,2025-08-13 06:16:47,666.07,void
5536751,416704,2025-12-23 08:17:02,81.13,paid
3566982,732615,2025-04-27 09:53:57,46.19,paid
3445016,537263,2025-12-25 13:30:07,750.9,paid
1642964,241202,2025-02-21 11:18:34,895.07,open
7884392,253622,2025-02-03 11:33:09,559.51,paid
4840013,875381,2025-11-02 14:06:53,845.68,paid
5421793,393626,2025-09-15 10:08:20,620.47,paid
5629455,805850,2025-06-09 14:50:28,440.68,paid
4289249,833504,2025-03-16 23:27:39,3360.43,uncollectible
7263353,620725,2025-05-20 15:21:45,51.42,paid
131669,896894,2025-12-06 16:53:37,1424.46,paid
5482372,987167,2025-09-16 07:18:24,483.4,paid
5688361,331311,2025-12-13 16:46:03,753.43,paid
2040144,393362,2025-09-14 09:24:38,634.63,open
4645765,373043,2025-04-13 20:20:13,34.47,paid
5635276,143529,2025-04-17 11:02:55,83.76,paid
3246095,859443,2025-05-29 04:26:07,18077.99,paid
6195961,774503,2025-05-29 02:01:21,58.86,paid
1498625,931016,2025-05-22 17:14:55,248.07,paid
4179030,950873,2025-08-14 10:02:18,662.93,paid
3635225,917868,2025-10-11 10:16:04,80.1,paid
6039740,810858,2025-07-23 08:24:28,258.92,paid
5848809,564779,2025-05-07 19:17:33,37.01,open
562168,810858,2025-05-29 17:42:19,228.71,paid
7154322,597592,2025-08-28 07:46:45,439.58,paid
6749753,313943,2025-11-18 12:27:21,912.11,paid
4447639,837734,2025-09-24 01:52:24,1220.78,paid
649114,232421,2025-08-18 10:06:57,793.49,paid
2995732,108606,2025-11-13 20:01:12,655.15,paid
1857965,262678,2025-10-09 08:15:15,85.74,void
942010,383211,2025-04-14 17:38:19,887.21,paid
6615305,296755,2025-12-30 10:07:29,144.08,paid
7424710,119727,2025-03-24 17:11:27,316.12,paid
9790898,914638,2025-06-28 07:51:03,88.46,paid
7379599,826663,2025-02-03 13:16:13,2185.37,paid
1468876,284692,2025-07-03 10:35:01,837.11,paid
1159410,741178,2025-02-19 15:01:17,442.97,paid
5714532,739213,2025-01-21 19:19:51,64.19,paid
7386302,200865,2025-06-05 14:44:31,283.02,paid
98429,138819,2025-12-18 14:49:55,72.7,paid
7505760,688496,2025-10-09 08:19:19,331.78,paid
1774581,526874,2025-05-09 14:08:54,1059.38,paid
4285747,990741,2025-06-21 11:13:49,56.53,paid
6039346,511497,2025-12-17 10:01:09,902.85,paid
5680902,637831,2025-05-08 14:06:05,373.04,paid
6050543,642899,2025-11-27 15:41:46,81.62,paid
6334873,158251,2025-07-18 07:32:10,704.12,paid
692394,870241,2025-02-10 15:38:09,36.17,paid
2231145,766913,2025-05-21 03:20:34,496.95,paid
6738788,359748,2025-03-24 14:17:39,612.74,paid
872350,597592,2025-08-06 16:57:23,416.65,paid
6429599,291292,2025-09-23 08:25:49,501.76,paid
1741662,579749,2025-08-02 13:13:21,55.23,paid
4860375,661655,2025-05-15 16:39:13,60.51,paid
2670963,583252,2025-04-04 10:53:27,469.99,paid
7022945,811779,2025-12-16 21:03:28,77.83,paid
2908718,842629,2025-04-11 12:41:53,501.41,paid
2655018,181156,2025-08-08 11:00:43,478.84,paid
9813143,548818,2025-07-28 22:46:58,408.25,paid
3420973,975689,2025-09-16 16:42:37,355.33,paid
4951877,741646,2025-01-03 15:31:40,814.06,paid
9449756,241116,2025-05-06 12:00:09,45.75,paid
1384739,416815,2025-08-26 08:07:18,607.01,paid
5015222,749734,2025-10-30 16:55:04,59.14,paid
4611170,874742,2025-11-16 21:15:26,933.46,paid
653761,961826,2025-07-02 13:46:51,65.13,open
2423877,421775,2025-01-24 09:23:35,22.82,paid
8597867,333795,2025-05-23 14:16:29,619.5,paid
3155903,948864,2025-05-16 14:49:37,513.27,paid
7711286,315118,2025-11-25 13:49:08,3584.12,uncollectible
4440848,961826,2025-05-04 12:04:36,68.14,paid
6891147,950543,2025-03-16 12:29:57,37.73,paid
5124412,865183,2025-05-10 13:02:25,2934.34,paid
4723124,280034,2025-05-06 21:51:16,89.37,paid
5892495,511497,2025-05-08 12:59:03,844.81,open
24271,398864,2025-06-17 16:38:21,513.35,paid
1423605,141134,2025-06-26 09:28:38,70.96,paid
7532123,894894,2025-02-02 07:31:48,529.85,paid
9472059,125160,2025-09-13 16:07:13,83.99,paid
964381,580435,2025-01-05 16:26:02,626.63,paid
8700814,269978,2025-02-14 17:01:47,526.27,paid
6999381,858842,2025-03-15 17:37:35,437.26,paid
3680815,741178,2025-11-12 13:39:46,464.3,paid
3378739,468400,2025-05-20 08:47:48,5381.76,paid
3453331,479650,2025-04-09 13:52:18,76.76,paid
358397,778013,2025-02-18 09:09:13,114.62,paid
7879992,692735,2025-09-22 07:55:52,95.36,uncollectible
5909504,789095,2025-06-10 13:21:53,72.09,paid
5856084,453260,2025-01-18 15:04:03,503.4,paid
7011220,539755,2025-04-12 09:49:43,22.95,paid
4850194,938205,2025-06-04 11:39:34,143.15,paid
2776740,706802,2025-03-08 01:27:27,645.11,paid
6148343,170254,2025-10-26 10:19:29,692.27,paid
6335734,798586,2025-12-03 06:00:36,4240.76,paid
2256146,346678,2025-11-27 17:29:05,369.62,paid
5250839,284692,2025-05-20 20:11:42,744.4,paid
9416214,181156,2025-02-13 09:55:00,492.68,paid
5604845,970778,2025-06-17 08:03:05,584.59,paid
9707394,660322,2025-05-23 15:58:20,461.1,paid
1780422,174373,2025-11-30 12:39:42,417.64,paid
9349528,600774,2025-06-17 09:24:40,3256.46,paid
3829713,209357,2025-10-01 16:12:54,34.5,open
2431042,110861,2025-10-23 12:33:38,64.76,paid
2549387,377997,2025-08-19 10:32:36,283.13,paid
2656733,670699,2025-08-05 10:23:10,734.83,paid
9167987,868446,2025-03-13 14:27:17,744.9,paid
4284463,376850,2025-01-25 11:20:18,42.85,paid
3062008,543184,2025-03-07 14:06:25,45.58,paid
1281101,571416,2025-07-02 09:08:23,228.48,paid
6973438,280961,2025-12-08 12:22:26,309.92,paid
7904191,551362,2025-02-06 05:34:29,935.38,paid
287950,647876,2025-07-30 19:09:22,265.68,paid
9998564,694103,2025-05-25 16:08:15,34.57,paid
8510737,157411,2025-06-16 07:17:17,5145.27,paid
1389955,531301,2025-04-09 08:32:42,32.68,paid
8480098,104172,2025-07-31 01:24:50,27.04,paid
5093361,815721,2025-10-27 17:17:43,35.68,paid
4503591,329586,2025-02-15 09:33:40,551.93,uncollectible
5481872,117687,2025-04-17 13:55:45,13745.05,paid
3928600,705149,2025-05-14 11:23:49,97.19,paid
3484091,641328,2025-10-03 05:32:49,25.93,paid
2840690,263552,2025-07-13 12:40:27,35.25,paid
9846131,740617,2025-04-03 15:52:44,1749.56,paid
9017758,493074,2025-03-30 15:37:34,57.34,paid
26540,364738,2025-06-03 19:42:14,778.32,paid
7370622,213004,2025-03-25 07:40:22,75.85,paid
587419,380358,2025-05-23 14:55:38,80.61,open
2031572,696918,2025-07-05 17:33:33,320.61,void
4468127,753247,2025-11-11 10:11:37,753.85,paid
3453719,436381,2025-01-22 08:10:45,66.43,paid
8652881,704441,2025-08-19 00:43:22,790.74,paid
3594234,890103,2025-08-08 17:38:29,90.29,paid
2420670,449270,2025-03-01 12:33:22,98.3,paid
4512161,688496,2025-07-14 10:00:49,336.45,paid
3680877,339409,2025-09-20 17:51:25,77.09,paid
9287532,603274,2025-07-03 07:40:26,36.42,paid
8870323,206528,2025-11-14 10:47:22,97.32,uncollectible
9417553,359178,2025-11-15 08:48:37,476.56,paid
6008720,278618,2025-11-30 16:12:54,579.08,paid
5644447,537536,2025-02-03 14:28:40,300.5,paid
47523,531456,2025-07-31 08:38:08,77.62,open
8759237,899547,2025-04-13 13:14:03,289.06,paid
6627290,790364,2025-07-18 22:49:17,184.21,paid
5658387,769811,2025-07-10 14:53:51,1506.99,paid
3290131,913140,2025-06-15 10:39:43,141.41,paid
3415414,176599,2025-09-05 16:56:32,63.97,paid
8069444,228280,2025-04-13 09:20:15,589.04,paid
5279375,792694,2025-04-23 15:43:04,1163.63,paid
25668,444827,2025-06-14 11:05:00,38.67,paid
4130993,629593,2025-06-05 06:56:05,2828.74,paid
1640359,133440,2025-11-15 08:36:19,79.59,paid
9572340,419173,2025-11-07 11:23:57,4391.43,paid
9177659,775589,2025-07-15 11:17:54,790.46,paid
8186998,902662,2025-09-07 23:44:55,34.41,open
262827,335302,2025-07-08 11:52:44,25.31,paid
6804439,787646,2025-06-08 13:22:22,676.42,paid
205434,814957,2025-08-27 10:28:08,458.26,paid
7056634,246475,2025-11-23 16:34:45,94.15,paid
9693309,714944,2025-06-13 11:05:32,818.37,paid
5677101,870010,2025-08-15 17:11:40,275.92,paid
9433109,558918,2025-02-22 16:42:04,835.27,paid
651876,263501,2025-12-24 11:00:31,44.64,paid
7022035,859443,2025-07-27 09:04:23,19733.02,paid
5618002,985162,2025-09-21 09:57:29,131.17,open
7749139,318214,2025-10-25 11:23:18,73.14,paid
8189294,684498,2025-12-11 14:12:06,2039.18,paid
6132921,480190,2025-06-25 09:01:44,39.88,paid
6870729,901613,2025-04-13 15:12:34,65.7,paid
1361251,406745,2025-03-03 21:18:43,44.5,paid
5695132,499802,2025-10-11 14:28:11,76.45,paid
1829063,741646,2025-05-13 17:13:15,769.8,paid
7560083,206487,2025-11-17 09:10:34,65.53,paid
6428246,453260,2025-02-09 09:14:56,471.41,paid
7284045,911125,2025-12-22 14:03:22,822.46,paid
4559176,540382,2025-09-02 18:15:40,511.54,paid
179773,136425,2025-09-30 11:47:36,48.67,paid
7935652,893855,2025-07-01 16:23:56,35.84,paid
7225645,181156,2025-09-07 10:50:56,485.13,paid
6880815,520785,2025-03-05 23:18:45,37.76,paid
7512991,200865,2025-06-24 12:51:19,278.99,open
2166614,802565,2025-11-24 06:37:34,2741.88,paid
4874146,149920,2025-05-16 12:46:47,50.11,paid
174639,540749,2025-09-09 02:13:13,23.19,paid
3203760,474008,2025-11-03 09:09:58,843.32,paid
3508782,558918,2025-03-23 12:49:02,859.13,paid
6086098,681503,2025-06-04 12:26:35,59.87,paid
5894752,597746,2025-09-02 09:10:55,73.68,paid
1302044,259373,2025-09-01 11:19:50,68.24,paid
6299414,705149,2025-04-18 14:23:49,90.34,paid
4816589,868446,2025-05-21 09:33:11,749.72,paid
674470,929449,2025-02-12 13:53:15,1050.52,paid
8765465,825599,2025-09-11 10:43:33,80.68,paid
8017758,749734,2025-03-13 07:20:23,63.46,paid
2830022,918643,2025-03-17 01:28:53,707.58,paid
2591217,292475,2025-08-17 13:04:10,2196.17,paid
9115017,555768,2025-01-24 21:49:00,576.03,open
2371057,326211,2025-11-06 13:40:25,653.11,paid
1090017,662010,2025-07-07 12:29:25,51.54,paid
8791915,686916,2025-08-26 11:57:21,3606.3,paid
9838,254108,2025-02-07 19:39:09,141.28,paid
8161019,642899,2025-03-02 14:17:28,75.62,open
3191445,942582,2025-12-30 15:05:59,23.54,paid
5649286,244208,2025-12-18 08:33:09,34.14,paid
1706672,695044,2025-08-18 13:40:47,3634.22,paid
8475466,692089,2025-08-31 10:32:51,804.6,paid
3116674,341901,2025-01-23 13:33:03,70.59,open
7573119,288393,2025-07-16 16:02:42,384.71,paid
8666886,662390,2025-10-15 06:38:52,135.85,paid
3433135,611661,2025-02-16 15:31:40,57.67,paid
9838125,842517,2025-11-30 14:28:52,935.09,paid
7685830,427620,2025-08-31 09:16:42,713.17,paid
1859723,613197,2025-03-20 12:10:22,900.94,paid
9800827,547854,2025-02-07 19:50:14,370.99,paid
3862190,618152,2025-09-01 01:06:47,1681.59,paid
4376615,537253,2025-08-27 09:35:58,34.43,paid
5204909,950873,2025-04-01 12:03:17,554.94,paid
8763572,912387,2025-05-17 08:06:01,45.56,paid
1012843,207113,2025-09-15 08:33:20,124.89,paid
7138031,376850,2025-03-09 15:30:39,47.03,paid
1791626,925203,2025-11-03 14:02:54,35.22,paid
7110286,364738,2025-02-11 10:12:28,867.01,paid
3708739,572896,2025-03-13 12:31:36,52.21,paid
9358060,235164,2025-11-07 15:58:08,1364.12,paid
2916711,588070,2025-07-16 17:01:42,228.12,paid
8168706,565930,2025-07-29 13:09:08,587.37,paid
3992380,989410,2025-05-22 13:38:22,11.05,paid
7810035,667992,2025-09-02 12:58:11,4644.46,paid
7449326,258458,2025-03-16 23:01:46,2948.53,paid
64290,486582,2025-06-28 14:04:12,66.42,paid
7309793,790797,2025-12-10 12:38:26,21.86,paid
3323390,302271,2025-08-27 02:12:37,4406.99,paid
340693,825599,2025-07-19 21:15:40,89.37,paid
4866635,143122,2025-09-09 19:39:00,37.89,paid
399573,119546,2025-04-12 16:06:35,69.75,paid
1968618,731506,2025-09-12 21:27:26,12.64,paid
3780555,679810,2025-07-03 13:19:31,574.52,paid
5041267,263501,2025-06-14 16:29:34,46.11,paid
2236367,859443,2025-06-14 15:00:45,18908.07,paid
3173042,379610,2025-07-31 08:20:31,23.51,paid
7468536,295860,2025-11-04 13:34:18,80.11,paid
9999291,779156,2025-08-21 15:26:35,539.73,uncollectible
4027887,717660,2025-01-17 00:54:16,81.02,paid
981471,837734,2025-09-23 19:20:16,1335.83,paid
192343,511107,2025-03-21 16:19:17,56.25,paid
7238217,470492,2025-07-26 00:21:54,948.14,paid
9037393,341901,2025-01-23 21:14:03,72.45,paid
1818271,132627,2025-01-19 08:11:04,53.72,paid
1023826,868446,2025-10-11 08:17:16,689.6,paid
1618244,571416,2025-05-03 10:21:17,231.45,paid
288463,597040,2025-06-28 14:39:28,79.92,paid
8902912,206528,2025-09-10 23:12:44,95.18,paid
2499791,282693,2025-08-04 13:10:25,35.5,paid
276863,114128,2025-09-13 11:31:50,33.65,open
2593037,670800,2025-12-19 10:44:55,300.42,paid
3926441,805943,2025-07-05 14:39:26,45.24,paid
603728,179746,2025-11-28 12:37:30,34.93,uncollectible
3627096,365756,2025-05-31 12:39:02,47.18,paid
6090668,380284,2025-10-19 18:38:52,5146.69,paid
3838297,676614,2025-07-17 04:34:23,439.11,uncollectible
8142148,554336,2025-04-03 08:18:55,36.5,paid
5361082,450789,2025-06-16 14:04:59,2888.95,paid
6067956,141893,2025-08-10 13:37:02,60.27,paid
5493805,295860,2025-01-03 10:04:09,67.76,paid
2947478,899024,2025-05-07 15:57:40,79.52,paid
3413183,586292,2025-09-08 16:50:50,35.21,paid
6395854,696751,2025-08-10 11:53:26,74.52,paid
5824996,590704,2025-08-24 16:08:45,568.42,paid
9664441,725693,2025-07-15 06:34:49,288.76,paid
4976478,370589,2025-04-05 11:13:43,609.39,paid
1114889,225448,2025-03-19 10:50:51,3390.73,void
3114110,113224,2025-04-04 08:31:56,2895.06,paid
4601399,831195,2025-08-02 15:35:41,890.93,open
1367220,876324,2025-11-27 15:33:53,2133.05,paid
5979100,301920,2025-06-21 08:49:06,33.18,paid
4508447,693331,2025-02-28 09:46:12,38.01,paid
7002049,312337,2025-11-09 16:24:13,71.96,paid
7778454,531301,2025-01-06 15:58:43,38.25,paid
8520238,713834,2025-03-12 10:52:46,50.77,paid
2515929,554320,2025-04-26 09:11:34,3257.59,open
2186798,966960,2025-03-17 06:59:50,720.32,paid
3893959,228280,2025-04-23 17:49:41,593.69,paid
195283,805943,2025-06-25 17:27:04,48.91,paid
2110729,353158,2025-05-28 00:06:48,1732.02,paid
3512490,326211,2025-07-11 11:40:22,703.71,paid
5634593,209127,2025-11-10 18:25:00,2031.57,paid
9318038,424962,2025-01-20 12:13:07,793.87,paid
2592187,372180,2025-12-02 13:18:05,41.89,paid
5451133,362499,2025-09-01 10:52:10,531.21,paid
2029336,959623,2025-06-08 15:04:20,69.19,paid
9518000,950543,2025-09-14 19:00:38,35.81,paid
1261814,318214,2025-02-06 21:40:25,76.81,paid
9425336,373043,2025-05-22 10:03:12,36.22,void
8093208,263501,2025-07-12 07:15:19,52.02,paid
5383158,515718,2025-10-04 17:31:45,406.54,paid
8164503,149208,2025-06-16 12:25:49,45.92,paid
8747516,695658,2025-03-03 06:27:18,214.77,paid
8217956,140197,2025-12-14 07:05:15,1603.52,open
5125731,975101,2025-04-28 07:55:53,63.57,paid
9913252,169258,2025-12-05 10:02:49,557.1,paid
4121917,893066,2025-02-17 16:06:26,80.73,paid
411414,486582,2025-01-08 08:39:58,67.29,paid
4251084,747100,2025-12-26 14:32:08,60.94,paid
7945049,205204,2025-09-14 13:41:38,131.98,paid
5568054,249442,2025-03-09 08:48:45,3360.06,paid
6407930,225448,2025-08-21 16:42:29,3057.46,paid
6509571,833504,2025-03-24 09:54:31,3328.95,paid
8618760,613197,2025-12-17 14:12:08,1028.19,paid
2153265,466834,2025-06-08 11:26:39,635.61,paid
4826692,481953,2025-03-07 15:39:16,6586.81,paid
8691862,876324,2025-12-16 14:05:34,1842.34,paid
9760560,819946,2025-03-15 14:41:12,130.37,paid
6351100,944315,2025-05-05 10:27:09,1735.47,paid
1402349,606858,2025-07-03 04:32:17,63.67,paid
4616093,318405,2025-12-29 18:25:00,48.44,paid
4051792,252591,2025-10-05 11:13:59,426.72,paid
5087888,470492,2025-05-18 13:29:27,918.92,paid
6159483,782825,2025-02-12 10:46:23,5668.27,paid
8426585,988184,2025-10-27 12:32:13,1808.69,open
4873129,540635,2025-02-26 09:12:13,174.04,paid
7552144,620640,2025-10-06 09:06:55,457.8,paid
616501,304113,2025-06-22 10:49:24,470.62,paid
4949209,600774,2025-08-31 19:50:51,3382.99,paid
6696025,828822,2025-07-21 20:22:01,3107.71,paid
3366853,171084,2025-06-20 10:39:48,988.92,paid
2165348,441926,2025-01-20 08:51:08,58.01,void
8518769,391958,2025-10-09 17:12:56,35.22,paid
408357,209680,2025-09-01 11:27:48,37.07,paid
9566645,968396,2025-03-06 18:52:25,81.07,paid
940449,105052,2025-07-25 09:16:05,976.1,open
5361400,124161,2025-08-05 14:35:57,128.26,paid
7408595,912387,2025-03-26 14:43:28,48.49,paid
7674806,517173,2025-10-03 15:14:22,169.02,paid
4467816,661655,2025-05-10 18:50:27,55.71,paid
6045639,441792,2025-04-29 13:49:35,670.36,paid
3041107,196331,2025-12-13 08:03:12,1067.73,paid
782041,778013,2025-11-12 10:38:02,107.34,paid
2526083,486520,2025-10-31 19:00:21,38.41,paid
1217492,316635,2025-06-05 06:57:44,720.37,paid
9124910,946742,2025-07-28 17:17:34,60.2,paid
9207410,166599,2025-09-29 22:56:59,650.3,paid
6141784,620640,2025-04-08 10:53:02,495.41,open
4446653,203860,2025-04-15 18:38:52,612.0,paid
9452039,757349,2025-01-01 10:48:02,12766.01,paid
8813430,465105,2025-10-08 05:57:19,45.89,paid
7162402,935611,2025-09-03 12:33:29,33.69,open
6833685,292475,2025-11-11 10:59:23,2258.94,paid
9034067,890103,2025-02-04 11:34:44,98.03,paid
107889,706802,2025-09-14 17:51:24,707.65,paid
9767909,253647,2025-07-22 08:15:18,64.22,paid
4154064,797764,2025-12-03 08:22:29,94.57,paid
8188687,985138,2025-05-21 17:03:43,2165.38,open
5344506,678569,2025-10-14 08:40:38,768.94,paid
3890395,653379,2025-03-02 13:50:41,299.2,paid
5654577,600525,2025-08-22 13:40:57,1303.97,uncollectible
3036646,346678,2025-05-13 04:57:59,393.64,paid
7132974,693331,2025-02-28 08:43:35,36.0,paid
2757879,228280,2025-10-21 08:48:33,569.54,paid
4286717,397763,2025-10-23 14:41:04,324.27,void
7914008,847327,2025-04-04 14:41:22,769.09,paid
1443103,692863,2025-04-30 09:59:12,93.61,paid
5937071,435506,2025-12-22 10:46:59,439.58,paid
1219143,930786,2025-12-09 15:22:00,608.68,open
8531048,713585,2025-04-06 08:38:54,90.02,paid
720399,335130,2025-11-20 15:43:39,153.94,paid
1746776,421775,2025-04-03 10:55:25,24.33,paid
4353228,143529,2025-07-15 17:34:52,76.34,paid
2045884,294902,2025-07-06 18:13:20,644.79,paid
9668072,591371,2025-08-30 15:23:07,261.72,uncollectible
6325190,799901,2025-06-30 12:52:54,730.23,paid
3236675,440025,2025-08-27 08:42:27,875.96,paid
1152169,304113,2025-09-01 10:11:27,508.17,paid
7090614,618509,2025-07-26 18:05:52,584.23,paid
1160820,679023,2025-09-04 16:21:14,39.04,paid
355028,499701,2025-06-21 15:57:22,246.79,paid
7226059,511107,2025-08-04 02:12:57,63.88,paid
7870117,175483,2025-01-08 15:48:29,4063.4,paid
3937385,153122,2025-07-04 07:49:38,50.48,paid
9125552,629593,2025-12-11 08:25:20,2789.11,paid
897362,540749,2025-08-30 06:21:36,23.06,paid
7771281,919775,2025-01-15 08:24:03,546.87,paid
5239303,651612,2025-06-22 15:43:59,60.65,paid
8568403,993977,2025-08-03 05:16:44,46.49,paid
5029223,379610,2025-09-13 00:00:01,25.14,paid
2156074,912127,2025-05-30 05:06:05,1790.64,open
2403126,877896,2025-10-21 06:45:54,75.78,paid
3218206,122331,2025-10-12 00:27:57,31.66,paid
3026747,468400,2025-08-21 15:56:10,4682.58,paid
9537854,145787,2025-03-26 10:39:13,560.23,paid
624475,334270,2025-12-24 16:40:37,2553.57,paid
9787868,284939,2025-01-03 15:04:28,71.92,paid
137397,387432,2025-11-25 20:21:16,464.17,open
9187882,356856,2025-08-01 06:44:03,82.2,paid
6832687,467325,2025-11-26 06:30:28,188.78,open
1154582,834134,2025-07-22 09:59:00,30.48,paid
2192540,416815,2025-08-14 08:39:17,552.55,paid
6999735,469600,2025-12-08 12:14:03,700.98,paid
8469163,110911,2025-01-28 17:30:43,37.11,paid
7151138,404631,2025-01-20 12:19:57,323.35,paid
1166930,631589,2025-09-14 00:53:25,499.57,paid
9114505,174010,2025-05-28 09:26:03,102.01,paid
9735491,386921,2025-08-21 08:02:19,2649.45,paid
9728815,349634,2025-09-05 09:12:43,3913.44,paid
581696,315012,2025-12-14 11:33:31,4091.89,paid
1860070,236391,2025-09-27 12:54:28,4334.14,paid
9464180,590704,2025-04-02 14:43:11,596.01,paid
258525,539755,2025-04-12 07:41:46,25.51,paid
4962319,509193,2025-11-16 12:12:38,3885.31,paid
428367,194570,2025-12-10 01:03:41,40.47,paid
340451,540635,2025-10-31 14:48:46,171.11,paid
8021960,980608,2025-04-20 17:47:23,229.45,paid
2320691,772957,2025-10-14 18:47:01,569.51,paid
1989795,888218,2025-10-24 09:40:19,47.5,paid
6641494,997844,2025-11-09 15:17:18,5909.08,paid
3745076,997844,2025-04-17 14:28:14,6646.73,paid
4413122,353158,2025-09-06 13:57:31,1872.05,paid
1693725,563394,2025-05-14 09:41:34,879.47,paid
6260835,549442,2025-08-01 09:32:54,3609.12,paid
5757620,295860,2025-09-24 09:43:05,69.11,paid
2382670,271313,2025-03-28 11:28:47,1064.25,paid
1682050,600806,2025-09-27 18:36:37,71.17,open
9877389,826663,2025-11-25 12:40:03,2502.58,paid
8171358,301735,2025-05-08 10:33:02,37.89,paid
6432862,637831,2025-04-21 12:54:09,360.73,paid
4400105,674609,2025-05-11 10:09:25,68.24,paid
3570878,269054,2025-06-29 11:22:45,86.34,paid
3864182,793847,2025-06-13 14:14:18,658.7,paid
1280988,647876,2025-03-16 15:13:41,253.45,paid
6553227,232159,2025-06-04 23:42:41,2807.89,paid
210123,265516,2025-03-16 12:12:04,168.35,paid
458845,182564,2025-09-14 08:55:28,64.75,paid
6185521,304962,2025-10-06 18:13:10,5523.15,paid
235933,969635,2025-09-15 08:40:08,101.19,paid
5814932,260951,2025-01-09 08:07:39,3138.28,paid
7380297,230161,2025-09-24 08:38:01,473.71,paid
6677357,430826,2025-09-16 08:22:33,4225.89,paid
4906542,847561,2025-01-06 06:29:37,83.51,paid
376396,836507,2025-11-24 07:00:24,101.53,paid
5684016,216530,2025-01-28 09:16:47,90.2,open
6418455,400628,2025-10-18 12:40:34,37.37,paid
5071620,978965,2025-09-08 11:09:20,561.29,paid
7044382,262644,2025-03-25 11:06:27,1223.35,paid
2327373,889010,2025-01-07 16:14:05,229.58,paid
928396,769395,2025-07-19 16:12:31,71.25,paid
9738903,526700,2025-01-15 15:34:41,59.85,paid
992440,445138,2025-02-27 15:18:59,143.29,paid
2431247,727732,2025-05-25 01:32:51,54.24,paid
5014065,772957,2025-07-30 09:23:45,609.4,paid
1087186,642899,2025-05-20 14:06:21,60.88,paid
8699349,201370,2025-06-18 14:32:53,899.96,paid
1093821,393007,2025-09-29 07:08:54,37.57,paid
3528419,605260,2025-03-19 07:42:35,79.27,paid
6433767,165982,2025-09-16 17:40:23,346.35,paid
4160711,615864,2025-04-19 08:43:52,590.45,paid
9942216,298048,2025-05-20 16:27:19,58.89,paid
1523550,620725,2025-06-22 11:22:53,53.12,paid
1859306,318162,2025-03-25 01:12:21,254.91,open
5572216,301501,2025-02-01 10:12:47,764.77,paid
9729240,566579,2025-08-04 22:03:41,2096.48,paid
7410,992229,2025-06-19 14:31:52,2646.14,paid
1245935,333840,2025-08-23 07:48:37,3518.59,paid
1362588,670699,2025-12-20 07:00:55,793.68,paid
473555,948864,2025-08-13 11:13:42,535.42,paid
3480085,729073,2025-10-06 08:25:28,545.36,paid
9942149,469600,2025-01-14 11:27:28,708.09,paid
9757103,644475,2025-08-10 11:47:12,58.28,open
6857015,621112,2025-07-26 01:50:00,4587.02,paid
9123184,302066,2025-06-26 11:48:35,76.94,paid
3205245,314615,2025-06-22 10:54:10,76.84,paid
5114482,423101,2025-10-16 15:42:12,4121.66,void
6255732,531301,2025-09-13 12:28:37,36.85,paid
3638887,492337,2025-09-26 19:10:26,43.65,paid
6075110,200830,2025-11-10 17:09:21,505.01,paid
3760025,240194,2025-12-14 09:01:13,105.63,paid
9494056,368540,2025-02-27 02:06:16,74.61,paid
7161854,861636,2025-04-10 09:41:09,443.77,paid
6039677,304962,2025-11-09 08:19:39,6153.53,paid
6214731,992229,2025-03-22 08:19:05,2822.59,paid
8969955,509193,2025-03-19 12:16:10,3801.21,void
648094,540635,2025-12-25 14:47:10,181.7,paid
241764,649882,2025-02-09 12:17:14,84.81,paid
994546,227569,2025-11-09 06:50:42,270.76,paid
4958896,147475,2025-06-07 07:06:42,36.71,paid
3975337,814957,2025-06-02 12:25:43,548.52,paid
5312895,110220,2025-11-06 07:21:01,63.06,open
2664806,893484,2025-02-18 07:16:45,518.54,paid
9621267,805850,2025-08-17 10:28:15,417.49,paid
3743436,211956,2025-09-20 08:58:12,335.32,paid
8967404,995560,2025-10-31 19:45:12,36.07,paid
3844226,511879,2025-05-20 01:26:16,694.17,paid
9058355,345955,2025-06-26 06:29:02,374.4,paid
4956299,255136,2025-05-30 15:48:03,96.63,paid
3207703,390602,2025-01-17 16:04:24,422.21,paid
3128129,145314,2025-08-19 09:31:40,48.42,paid
7875110,626504,2025-05-03 14:29:16,110.04,paid
4203745,938137,2025-09-13 13:52:18,704.92,paid
6550658,548818,2025-09-06 12:24:04,427.29,paid
8273972,295860,2025-04-11 17:42:26,66.12,paid
8675857,398032,2025-09-22 18:19:37,38.96,paid
21176,556047,2025-09-08 08:32:58,810.66,paid
1394664,200323,2025-05-23 13:38:02,132.57,paid
8947286,227254,2025-08-04 15:35:25,69.64,paid
1656824,744158,2025-06-21 09:45:17,1079.21,paid
9723145,380358,2025-09-14 08:08:04,82.21,paid
401500,888943,2025-08-09 05:41:27,39.73,paid
4093424,952233,2025-04-03 12:30:23,519.96,paid
6758094,877086,2025-07-20 19:37:14,584.74,paid
8678605,241116,2025-06-26 09:57:31,51.31,paid
8050701,619995,2025-09-06 20:19:12,35.52,paid
3465437,129289,2025-01-31 10:14:38,23.42,paid
124837,871334,2025-04-01 07:34:23,105.92,paid
9020225,742562,2025-06-27 10:55:24,1883.36,paid
9285413,550912,2025-06-04 12:57:38,60.86,paid
9345673,618342,2025-06-19 20:30:53,3603.63,paid
4496656,334270,2025-12-05 18:07:40,2805.35,paid
7798022,143529,2025-09-19 08:33:38,74.96,paid
6535339,157411,2025-05-28 12:21:22,5205.01,paid
1423763,675863,2025-08-28 08:44:09,451.51,paid
2048877,850797,2025-04-03 10:17:13,79.12,void
391244,200631,2025-10-20 12:49:49,236.55,paid
5210191,887991,2025-04-07 08:31:14,73.35,paid
7667123,371569,2025-02-18 19:58:38,712.19,paid
6531619,960588,2025-01-06 19:01:19,48.11,paid
6310055,479242,2025-09-15 06:30:10,241.46,paid
9071389,331536,2025-03-18 08:15:39,60.35,open
9579501,896894,2025-07-07 22:09:20,1550.97,paid
7537514,705867,2025-03-30 15:48:33,3765.78,paid
4253608,693667,2025-04-26 16:39:59,540.0,paid
2145270,687763,2025-09-14 07:47:42,406.49,paid
5751124,244208,2025-12-11 22:12:58,31.84,paid
5790045,561350,2025-11-01 08:42:22,533.99,paid
1165204,684083,2025-06-25 17:05:35,48.38,paid
3219956,282217,2025-10-04 17:36:33,5648.67,paid
3471423,819199,2025-02-16 06:57:04,34.39,paid
8486209,918351,2025-02-24 14:35:17,76.82,uncollectible
3151484,624691,2025-02-14 06:28:56,707.41,paid
6652826,554336,2025-10-31 08:19:11,34.52,paid
765391,302066,2025-10-06 13:57:28,89.34,paid
6939371,198781,2025-02-18 03:22:32,81.4,paid
8681141,150235,2025-07-05 05:15:35,48.18,paid
5443676,863338,2025-06-15 02:26:23,413.0,paid
7888643,891033,2025-03-24 11:23:43,115.65,paid
4965292,686916,2025-05-28 16:36:51,3957.57,paid
376997,881378,2025-06-25 16:04:22,11.75,paid
9250117,557608,2025-08-13 23:32:34,699.26,paid
6535651,835797,2025-05-10 22:22:24,647.42,paid
9977517,414766,2025-02-07 09:08:53,56.63,paid
5438808,177009,2025-07-29 15:27:19,25.38,paid
935279,907943,2025-09-14 10:59:00,37.05,paid
3346840,250471,2025-06-03 17:27:24,119.56,paid
3114205,283866,2025-04-12 15:06:51,3282.2,void
5019436,118279,2025-02-04 17:14:21,561.47,paid
8214918,372180,2025-03-13 11:56:59,54.41,paid
4168924,992229,2025-06-14 13:26:58,2576.63,paid
4595374,650852,2025-09-17 08:51:28,40.94,paid
2965523,196541,2025-11-25 05:23:40,33.88,paid
5929146,972041,2025-07-23 13:56:38,555.14,paid
1726791,418604,2025-04-22 15:15:17,41.29,paid
2314977,210309,2025-01-11 20:49:57,38.84,paid
7305699,768193,2025-04-07 19:00:40,724.26,paid
6974970,169880,2025-01-09 18:47:48,93.24,paid
4270771,626504,2025-01-22 10:14:52,99.7,paid
3927204,301631,2025-10-29 08:55:46,432.4,paid
9915352,515718,2025-11-16 10:35:02,404.39,paid
2072803,749288,2025-01-15 10:08:26,1803.65,paid
510862,661510,2025-08-29 21:40:44,546.42,paid
3768399,329586,2025-04-11 11:45:48,610.17,paid
8851211,997844,2025-10-24 10:20:59,6160.37,open
5237420,482349,2025-12-15 12:24:48,87.43,paid
7506028,693331,2025-08-11 08:23:08,39.21,paid
7570230,621112,2025-11-02 17:30:20,3790.41,paid
2300543,854467,2025-08-20 18:57:20,736.13,uncollectible
7865845,962759,2025-12-30 17:53:28,75.07,paid
7779253,172478,2025-11-13 17:41:30,486.01,paid
6282528,870010,2025-03-17 15:51:57,243.69,paid
4663619,854166,2025-05-07 15:12:16,526.04,paid
4141637,236391,2025-10-24 10:28:25,4036.68,paid
7703001,498584,2025-12-01 10:30:31,78.39,paid
1666384,734573,2025-04-08 15:41:41,621.51,open
7471827,789095,2025-12-20 08:06:58,71.1,paid
5266508,154252,2025-05-26 14:25:33,25.6,paid
164438,661816,2025-10-17 17:52:44,396.55,paid
825237,961826,2025-06-11 17:51:45,70.83,paid
2868385,280606,2025-03-01 08:50:38,33.05,paid
4710528,664655,2025-03-02 14:56:14,77.0,paid
8545989,668059,2025-12-25 14:57:51,65.46,paid
2194042,665391,2025-03-14 17:32:26,23.73,paid
5668160,365660,2025-04-05 16:09:37,320.41,paid
5085427,492564,2025-03-12 14:52:28,343.37,paid
2541505,950543,2025-03-19 14:37:24,34.72,paid
7220101,572896,2025-01-05 14:54:46,45.3,paid
3014500,662010,2025-11-17 16:51:28,49.18,paid
652458,519323,2025-06-01 07:56:07,40.1,paid
5884211,480190,2025-08-27 11:59:04,35.7,void
6032554,248542,2025-03-03 16:32:27,36.27,paid
1929899,863793,2025-07-27 13:15:56,93.16,paid
1652999,551362,2025-01-08 16:01:47,825.75,paid
7756633,419173,2025-01-23 14:41:46,3650.79,paid
2658206,469600,2025-07-16 09:27:46,713.89,paid
8055660,114026,2025-07-21 13:06:51,84.73,paid
4050386,224336,2025-01-21 06:00:05,36.52,paid
9616297,316254,2025-07-25 16:28:14,633.09,paid
2078011,365660,2025-08-09 09:49:27,306.51,paid
2760775,558269,2025-06-08 08:40:56,14173.16,paid
8053805,262644,2025-04-16 13:31:13,1197.45,paid
8255544,700790,2025-03-24 10:07:11,47.63,paid
8156957,907943,2025-02-11 12:43:50,33.19,paid
7737467,634053,2025-12-23 13:45:36,2585.14,void
3602793,479390,2025-06-30 12:42:59,36.05,paid
9641939,345955,2025-09-25 10:48:38,385.43,paid
214668,810968,2025-03-28 09:18:16,310.8,paid
1245957,887991,2025-05-27 08:38:35,76.6,paid
307086,952114,2025-05-06 08:19:13,3205.96,uncollectible
1342769,544215,2025-11-24 13:41:10,631.89,paid
162369,631096,2025-10-31 14:53:15,36.3,paid
8499895,765110,2025-06-28 04:36:47,36.38,paid
9765920,149208,2025-07-14 15:39:25,43.25,paid
6554610,600806,2025-05-23 16:07:56,71.88,paid
2564032,148986,2025-09-03 05:15:48,174.74,paid
7280432,863793,2025-02-15 22:31:52,87.38,paid
238423,488220,2025-05-08 08:57:36,238.52,paid
447741,209680,2025-08-26 07:23:46,34.08,paid
864723,810968,2025-11-27 13:42:06,297.5,paid
9409523,148986,2025-10-06 12:44:21,169.44,paid
2804628,461906,2025-02-05 09:07:50,50.2,paid
2111018,641547,2025-11-27 11:20:34,705.61,paid
5787874,415716,2025-03-20 10:11:40,38.02,paid
2561598,370589,2025-02-04 18:21:45,560.6,paid
43031,969783,2025-08-16 07:52:03,583.15,paid
6198324,513477,2025-05-24 13:58:59,822.09,paid
5477564,474120,2025-09-10 12:09:39,670.32,paid
5368500,874742,2025-01-22 08:18:47,878.58,paid
6409019,514217,2025-07-27 14:12:07,768.81,paid
1643267,695044,2025-10-05 19:08:10,3733.74,uncollectible
8363525,678569,2025-12-01 13:40:04,798.84,paid
30448,252079,2025-11-14 04:20:41,68.99,paid
7111414,858842,2025-03-21 17:51:15,405.22,paid
4489200,679810,2025-11-25 09:22:47,569.5,void
7584321,918212,2025-09-03 11:24:51,4153.28,paid
689914,246475,2025-09-26 15:09:23,85.0,paid
9346111,805099,2025-12-10 05:51:36,37.64,paid
9007744,912387,2025-04-22 14:26:59,51.08,paid
1311560,896894,2025-12-27 15:02:05,1457.11,paid
4912352,597040,2025-04-22 12:21:41,76.74,paid
3342370,301353,2025-03-23 12:48:11,74.24,open
4754873,201820,2025-03-05 09:38:25,3121.97,paid
3675417,223459,2025-06-27 17:12:55,74.03,paid
9987973,969635,2025-06-07 07:01:04,95.82,paid
2790687,200830,2025-04-09 11:37:48,550.91,paid
8110359,112840,2025-09-21 07:10:15,49.99,paid
4024175,989157,2025-09-19 09:36:36,92.9,paid
699553,336415,2025-05-29 13:13:12,57.44,paid
6821453,511879,2025-05-20 13:51:57,733.97,paid
1865376,142260,2025-12-18 21:36:48,6262.37,paid
503796,286547,2025-03-06 05:06:32,34.27,paid
3161807,299049,2025-08-25 15:24:59,99.21,paid
6525692,449827,2025-12-26 08:46:51,3143.92,paid
92087,364714,2025-07-23 08:45:42,90.65,paid
9380001,111647,2025-11-23 08:41:57,7517.74,paid
4864046,282217,2025-05-12 20:05:24,5685.94,paid
6565560,890103,2025-04-10 10:41:25,105.46,paid
6004996,170254,2025-10-10 15:13:29,633.94,paid
6816769,393626,2025-05-15 02:41:17,699.57,paid
6947139,973987,2025-08-09 10:12:38,24.77,paid
5251366,529391,2025-11-06 12:14:32,34.96,paid
2726305,782122,2025-02-18 09:35:39,33.68,paid
2571636,552380,2025-12-22 14:47:05,1498.26,paid
3013421,615864,2025-09-29 09:06:27,598.35,paid
3853857,663857,2025-02-08 15:53:35,2353.6,paid
2963322,207113,2025-09-12 18:18:13,126.39,paid
6260089,209357,2025-09-10 03:42:11,37.88,paid
4075424,516478,2025-07-30 13:18:50,34.48,paid
9170398,993977,2025-05-15 16:17:10,51.02,paid
1382665,775696,2025-11-21 07:02:53,60.06,paid
1382614,224336,2025-10-09 08:26:57,34.93,paid
104430,477382,2025-09-06 16:13:01,622.64,paid
2088731,909740,2025-07-31 11:04:14,244.67,paid
8733834,485273,2025-02-11 12:04:05,354.55,paid
826596,606408,2025-07-31 20:46:26,37.6,paid
892083,378702,2025-10-16 16:12:09,70.35,paid
6707162,368540,2025-06-22 06:27:10,68.23,paid
303712,631003,2025-06-06 11:18:05,309.54,paid
3224389,219926,2025-09-17 13:33:50,3551.93,paid
4218213,722037,2025-12-02 08:46:44,155.88,paid
7597764,640065,2025-01-26 06:17:44,39.18,paid
721670,744444,2025-03-19 14:11:46,2638.59,paid
4000855,150235,2025-07-24 16:48:50,46.74,paid
6696042,580435,2025-07-28 13:31:20,657.5,paid
9562844,518790,2025-09-07 06:13:35,24.29,paid
8791242,959623,2025-03-21 07:23:50,73.41,paid
5901300,400628,2025-01-15 02:03:24,35.11,paid
4180752,454905,2025-09-22 07:21:14,44.05,paid
2318316,952954,2025-08-14 19:26:31,446.02,paid
5505517,675863,2025-01-28 14:21:21,468.86,open
4836089,592265,2025-12-19 16:00:42,55.9,paid
9331178,713585,2025-10-07 10:08:55,81.3,paid
9527708,509193,2025-10-16 00:57:13,3995.4,paid
1645669,693331,2025-12-16 08:45:32,35.99,paid
8512023,333840,2025-03-17 17:32:50,3064.42,open
6184214,265516,2025-11-20 08:29:04,148.26,paid
5688048,673856,2025-11-23 12:48:26,59.07,paid
2787255,480190,2025-05-09 02:54:44,36.05,paid
7405642,951176,2025-10-09 10:32:53,84.58,paid
2421986,201820,2025-04-20 13:20:53,3228.06,paid
806180,147538,2025-08-23 09:45:35,58.35,paid
1376933,914638,2025-09-18 05:08:36,88.26,paid
7306316,358368,2025-05-17 11:53:20,51.81,paid
9274391,281254,2025-04-28 07:54:58,297.19,paid
8001112,818654,2025-11-15 07:24:35,93.97,paid
8626976,558269,2025-07-21 19:47:04,14745.77,paid
3936215,313943,2025-04-21 18:43:40,1076.43,paid
6882426,705867,2025-11-17 05:02:09,3962.13,paid
3886044,479650,2025-09-05 18:18:56,77.78,paid
9529315,133440,2025-07-26 13:54:31,79.71,paid
6919863,565218,2025-02-22 08:19:07,2502.92,paid
4121232,734926,2025-04-30 22:01:06,121.73,paid
4384034,143122,2025-09-09 21:50:52,34.47,paid
7748619,124671,2025-09-15 06:40:25,407.97,paid
1664344,302066,2025-03-01 18:07:58,79.6,paid
1336753,699585,2025-04-11 10:42:15,165.28,paid
6933108,271313,2025-11-03 17:35:31,1033.56,paid
616148,353158,2025-11-21 13:53:17,2180.74,paid
3240467,486520,2025-07-28 18:00:19,37.52,paid
8730012,919065,2025-04-30 13:37:50,599.71,paid
2104248,247003,2025-05-02 17:49:45,707.14,uncollectible
9597450,164080,2025-11-07 10:47:01,60.1,paid
754213,504080,2025-05-13 21:46:19,72.05,open
461432,431016,2025-09-03 14:28:06,36.77,paid
8583453,431648,2025-07-14 09:12:22,126.45,paid
3706546,696751,2025-12-03 12:56:59,69.09,paid
3627180,839821,2025-08-27 14:48:03,571.5,open
4649515,317879,2025-08-02 13:36:52,59.25,paid
6481767,466636,2025-05-25 09:54:51,126.76,paid
8532435,938137,2025-02-16 08:42:14,805.87,void
6781462,372540,2025-10-02 13:31:28,1647.11,uncollectible
2733411,114128,2025-06-19 09:55:23,36.96,open
1494032,235164,2025-11-26 09:44:27,1317.49,paid
6315928,189198,2025-03-04 09:01:02,11.64,paid
9405463,280606,2025-09-29 11:41:42,36.3,paid
2265190,646333,2025-11-27 06:41:56,64.83,paid
7383958,644079,2025-11-21 08:07:47,409.58,paid
8850020,902662,2025-09-08 12:26:39,38.43,paid
1142510,517173,2025-11-20 19:33:03,189.06,void
3263364,975237,2025-06-30 12:22:07,436.06,paid
446864,372180,2025-04-28 12:18:44,50.04,paid
7480630,567592,2025-01-17 15:06:41,738.79,paid
3327099,514217,2025-08-24 15:29:15,656.46,open
8829535,796619,2025-11-10 08:36:48,445.33,paid
4534695,870241,2025-08-10 14:08:37,37.48,paid
1935098,948864,2025-09-18 11:52:17,529.49,paid
4031541,142978,2025-11-15 18:37:31,235.27,paid
9751488,133243,2025-12-01 19:47:59,25.66,paid
3232886,119727,2025-03-05 11:30:02,300.67,paid
4439973,147538,2025-05-07 09:17:38,54.16,paid
2286726,320794,2025-09-29 16:44:21,59.61,paid
6673433,336415,2025-07-05 15:49:18,59.71,open
8786365,118279,2025-07-12 05:59:26,521.71,paid
2927530,997844,2025-11-04 12:16:57,5929.97,uncollectible
5630044,312337,2025-04-17 08:20:18,68.13,paid
6204522,700348,2025-06-23 21:21:08,47.26,open
9222731,684543,2025-04-22 20:22:08,89.81,paid
4043337,621112,2025-02-21 19:34:59,4823.23,paid
4424027,790364,2025-07-18 23:26:27,181.43,paid
5023794,352867,2025-10-03 10:32:34,740.36,paid
9804724,732615,2025-08-30 20:16:52,48.1,paid
9668610,404631,2025-09-24 15:50:02,347.14,paid
5318010,799901,2025-06-30 21:50:26,665.35,paid
2770658,136409,2025-10-21 12:52:37,83.49,paid
2666521,875061,2025-12-19 10:35:50,105.56,paid
1828126,739739,2025-11-16 20:40:07,42.37,paid
3980886,200830,2025-02-07 08:36:54,535.61,paid
3829348,473607,2025-10-13 15:33:40,37.75,paid
9378251,554320,2025-06-09 13:48:07,3411.51,paid
8061650,333840,2025-04-26 13:02:02,3257.52,paid
7040507,383348,2025-08-29 14:07:37,156.14,void
7173073,358134,2025-11-18 14:54:51,965.82,paid
2063433,668059,2025-09-12 14:29:38,61.4,open
6756419,744158,2025-05-19 14:29:17,1105.97,paid
6498027,379292,2025-05-11 08:45:08,3408.54,paid
61754,580725,2025-01-18 09:43:57,33.94,paid
2539041,678569,2025-12-28 12:36:26,880.67,paid
9068692,916616,2025-11-17 02:39:50,1257.85,paid
5220708,148986,2025-06-27 17:48:27,160.56,paid
2116340,893484,2025-06-28 09:28:19,471.45,paid
2003605,739777,2025-01-19 11:22:20,1403.2,paid
2066940,597592,2025-06-06 09:33:21,395.29,paid
3137026,991768,2025-07-18 11:53:57,76.24,paid
4052699,287710,2025-10-15 21:20:35,3753.69,paid
8388978,169880,2025-12-05 10:00:04,98.96,paid
1080772,245218,2025-05-14 12:35:55,1482.21,paid
5045371,217404,2025-03-01 12:59:14,47.66,uncollectible
2148149,999282,2025-11-13 22:18:14,35.05,paid
2746824,174010,2025-04-21 11:01:36,94.6,paid
7777191,681503,2025-11-08 07:02:36,63.21,paid
1110314,141893,2025-09-15 07:24:08,62.52,void
6228518,881378,2025-03-26 10:07:35,11.39,paid
4706361,631003,2025-11-12 14:11:36,312.76,paid
8819983,153122,2025-01-26 15:20:32,39.99,paid
5428919,312337,2025-04-06 19:56:08,79.01,open
1573224,766913,2025-12-03 09:29:37,467.9,paid
4432610,544253,2025-09-20 13:59:18,136.96,paid
3657286,488220,2025-03-01 22:33:50,236.82,paid
6818289,979522,2025-05-21 16:38:30,72.27,paid
6559365,302066,2025-01-29 15:32:36,84.95,paid
7851424,981433,2025-11-24 23:43:00,1687.89,paid
6635994,352867,2025-06-27 15:14:57,681.46,paid
6786236,557608,2025-08-13 09:28:06,767.81,paid
1323691,194570,2025-06-20 15:16:28,35.8,paid
4055774,242844,2025-09-17 14:01:49,1812.13,paid
4881139,449827,2025-10-27 08:42:46,3339.04,paid
7451005,822666,2025-07-03 17:31:48,751.71,paid
3986619,550912,2025-09-12 07:05:49,58.02,paid
677154,369202,2025-05-08 08:30:57,634.93,paid
3592860,613197,2025-12-03 21:33:54,921.32,paid
8562583,676397,2025-11-09 12:31:39,1027.06,paid
5194901,746335,2025-08-02 06:32:23,49.86,paid
5090590,968217,2025-07-25 15:31:08,89.18,paid
4342412,395913,2025-07-11 10:21:57,387.85,paid
314225,700790,2025-07-18 16:58:03,46.57,paid
2026718,369202,2025-03-29 18:24:11,609.25,paid
3056810,256019,2025-07-25 08:21:34,565.7,paid
5322335,577783,2025-06-14 13:36:28,696.47,paid
617858,211818,2025-11-03 09:11:11,865.52,paid
2244410,203860,2025-04-15 16:05:14,619.87,paid
2227351,288798,2025-09-25 06:02:20,67.57,paid
583542,574768,2025-08-11 09:46:39,889.77,paid
2633496,504630,2025-08-26 06:51:00,257.97,void
9446386,435506,2025-09-23 17:41:42,407.08,paid
6343335,902662,2025-11-26 12:36:27,38.67,paid
6175747,208561,2025-12-24 19:57:07,104.38,paid
6769848,651891,2025-03-25 15:28:23,11184.99,paid
3064953,946742,2025-02-24 02:38:48,69.27,paid
2667291,366471,2025-08-22 12:30:43,570.39,paid
3521546,114026,2025-06-21 18:28:57,80.7,paid
1489789,899024,2025-06-17 11:59:01,74.24,paid
3459853,674609,2025-10-05 15:11:51,79.53,paid
9853152,877086,2025-07-20 09:35:03,531.79,paid
7253280,175483,2025-08-02 09:40:09,4095.91,paid
5592088,913140,2025-02-24 22:27:27,145.36,paid
3759484,757684,2025-12-27 08:35:54,71.97,paid
7928556,366471,2025-12-22 09:48:18,497.88,paid
7677730,847327,2025-09-30 15:26:23,756.63,paid
3362613,171014,2025-08-16 18:56:50,37.3,paid
9524548,668059,2025-09-25 19:59:55,59.7,paid
8598346,466834,2025-12-20 13:14:43,657.23,paid
9065592,917868,2025-09-23 12:57:53,73.1,open
355627,642899,2025-12-13 09:00:04,81.38,paid
5032348,196472,2025-02-06 07:04:12,546.7,paid
9206050,290620,2025-10-02 13:42:20,87.09,paid
7091380,900536,2025-09-02 13:41:00,47.61,paid
8573106,729073,2025-12-21 10:28:32,537.77,paid
1761488,368540,2025-06-05 08:46:07,67.62,paid
1939240,407884,2025-03-09 13:20:44,976.85,paid
7505666,619995,2025-09-06 17:26:38,32.86,paid
157505,236900,2025-08-29 09:46:14,386.63,paid
8474582,280034,2025-12-22 08:20:45,100.27,paid
4504839,450789,2025-10-04 09:53:07,2444.35,paid
4189149,734573,2025-11-26 13:05:51,613.07,paid
3832139,575346,2025-12-03 10:02:23,516.94,paid
3528165,822666,2025-07-03 18:32:26,772.25,paid
6779848,550331,2025-06-22 23:53:46,60.23,paid
1944509,112651,2025-03-27 09:03:43,39.67,paid
5215908,155975,2025-08-16 02:28:42,959.16,paid
3422481,165039,2025-06-05 02:12:09,3622.82,paid
4086437,278870,2025-11-02 08:15:12,48.63,paid
6102535,149930,2025-10-28 08:57:29,945.98,paid
4320329,673856,2025-04-11 21:15:11,62.76,paid
330317,913140,2025-02-09 16:04:40,120.25,paid
3967815,741646,2025-06-02 16:22:05,856.69,paid
6774762,823165,2025-04-25 09:47:45,78.22,paid
6112436,178553,2025-10-25 12:27:27,33.43,paid
3722504,819199,2025-12-15 17:37:05,33.57,paid
7310269,774503,2025-07-21 17:01:41,62.39,paid
1834139,103319,2025-09-08 13:55:49,88.79,paid
5991189,505710,2025-10-09 14:44:29,455.51,paid
2127351,486582,2025-10-26 11:41:55,80.86,void
9066356,799789,2025-10-27 17:59:33,81.62,paid
2160720,344893,2025-05-04 15:44:09,2837.77,paid
6574172,228677,2025-08-27 05:57:15,63.52,paid
6240691,189580,2025-09-06 19:48:05,99.22,paid
298778,712131,2025-02-25 15:41:53,1054.73,paid
3458852,514217,2025-07-27 11:56:18,862.73,paid
5388662,695658,2025-05-18 13:47:15,210.87,paid
372704,232216,2025-01-16 09:22:47,36.34,paid
5787093,774503,2025-05-30 01:20:34,50.64,paid
1284681,669720,2025-02-18 21:48:16,5091.81,paid
6730619,132627,2025-10-08 07:06:16,65.86,open
5192224,395222,2025-06-05 10:51:45,191.7,paid
1918873,179049,2025-04-23 09:06:16,366.33,paid
8616884,480190,2025-05-06 19:17:20,33.59,paid
6153586,617646,2025-02-17 00:05:57,306.7,paid
4165860,970221,2025-07-25 12:41:47,51.46,paid
5889118,372540,2025-11-05 13:18:11,1842.94,paid
3935582,862941,2025-03-04 07:13:38,344.09,paid
8468867,641328,2025-04-08 11:07:55,23.74,paid
6023123,208561,2025-03-22 09:34:46,106.7,paid
1622906,733368,2025-07-21 09:28:39,47.4,paid
927349,975101,2025-04-19 18:14:38,55.91,paid
9942556,581789,2025-01-11 09:41:12,151.93,paid
7483057,119727,2025-04-28 12:33:05,310.91,open
3944170,596031,2025-11-23 09:18:42,269.98,paid
6072812,888218,2025-08-27 11:09:22,50.12,paid
3959359,774503,2025-05-29 18:19:52,60.42,paid
7548502,676614,2025-08-11 17:25:17,415.45,paid
2925487,606408,2025-07-31 17:14:15,34.67,paid
7306859,575421,2025-08-29 16:34:18,89.56,paid
9282333,661510,2025-08-29 23:24:14,451.31,paid
3114379,404631,2025-04-03 10:26:56,287.61,paid
7319090,591806,2025-12-17 11:06:44,411.38,paid
6376876,139506,2025-09-27 12:08:55,46.32,paid
7981242,466636,2025-06-06 13:42:21,127.49,paid
515906,605260,2025-08-06 14:29:05,69.4,paid
8579067,358134,2025-03-13 17:38:36,1025.67,paid
7623806,170008,2025-02-18 15:12:22,2257.71,paid
1227081,351485,2025-03-24 12:00:41,12.27,paid
9774201,885767,2025-01-26 13:19:16,302.8,paid
2078493,153452,2025-09-22 11:27:58,96.82,paid
9236071,205373,2025-12-10 08:34:00,1602.01,paid
7327578,358134,2025-12-30 13:25:49,1051.06,paid
7657253,259373,2025-06-18 23:38:45,83.38,paid
1093263,119727,2025-12-19 11:32:26,304.12,paid
6283820,876549,2025-09-18 16:47:00,718.04,paid
2524283,200830,2025-01-06 16:37:22,524.37,paid
312626,973361,2025-06-03 07:05:23,300.1,paid
3413940,729870,2025-10-20 11:20:16,245.52,paid
8418406,431648,2025-08-10 09:01:19,137.8,void
8683094,451700,2025-10-14 09:54:44,105.33,paid
1392829,685200,2025-09-13 12:48:09,511.96,paid
6652592,848871,2025-08-04 13:46:43,71.64,paid
8019076,242324,2025-12-28 10:00:41,42.21,paid
3526402,372540,2025-04-26 13:12:14,1512.03,void
4203264,574470,2025-10-04 10:33:28,435.44,paid
6702184,960588,2025-06-27 13:50:43,48.35,paid
6295702,504080,2025-10-22 14:36:06,72.45,paid
7538779,315118,2025-09-21 11:56:12,3603.18,void
478454,644475,2025-03-22 09:55:13,55.7,paid
5575436,157411,2025-10-17 08:08:23,5236.26,paid
395809,713585,2025-03-28 15:29:25,85.54,paid
1944103,321951,2025-05-24 07:44:55,36.26,paid
4013939,201117,2025-11-23 16:51:16,761.43,paid
6975417,125807,2025-07-11 15:37:39,639.63,paid
8175197,944315,2025-08-11 21:11:28,1709.37,paid
7597157,824578,2025-07-30 03:48:33,579.02,paid
6174343,691555,2025-08-27 10:57:21,586.94,paid
1992402,688496,2025-06-15 09:40:48,319.97,paid
305486,433844,2025-10-29 16:03:09,35.89,paid
3288190,119727,2025-02-20 17:51:09,311.68,paid
4579036,868446,2025-08-30 16:41:15,744.08,paid
995132,182129,2025-01-01 13:56:41,424.45,paid
3753736,202107,2025-11-25 12:47:34,731.25,paid
1483546,359178,2025-04-27 13:54:34,412.14,paid
7269772,700348,2025-06-23 21:17:27,51.68,paid
3132994,663857,2025-09-02 15:02:02,2439.32,void
9629920,332026,2025-04-25 11:57:24,36.65,paid
3481920,733368,2025-11-26 11:40:28,48.52,paid
1222724,449827,2025-05-14 08:50:54,3454.56,paid
1943998,941144,2025-02-19 18:58:25,243.54,paid
5533026,451700,2025-03-21 16:17:57,99.52,paid
9938676,676603,2025-05-31 20:40:16,297.42,paid
1963077,373043,2025-05-18 16:57:09,35.3,paid
2011410,170008,2025-08-05 19:45:36,1919.69,paid
3702846,298901,2025-04-16 13:31:43,62.54,paid
5783410,590704,2025-09-26 17:11:37,599.22,paid
1888239,435506,2025-06-06 16:17:31,406.07,paid
3945632,435506,2025-04-18 09:06:29,422.49,paid
3344948,504630,2025-07-25 09:36:21,235.86,paid
2084093,989157,2025-10-16 14:40:18,88.11,open
701652,938205,2025-02-08 07:20:39,132.35,paid
3122945,301453,2025-10-28 13:53:59,56.4,paid
5424669,285164,2025-05-23 16:50:51,90.06,paid
75184,951176,2025-03-23 10:14:09,98.09,paid
4231970,392724,2025-04-14 15:43:53,347.84,uncollectible
3321033,836507,2025-12-22 13:54:56,116.88,paid
497252,697314,2025-06-20 19:50:18,418.56,paid
7270372,558639,2025-03-09 16:29:48,53.94,uncollectible
8528676,358134,2025-06-29 07:01:02,1121.61,paid
1848553,779884,2025-12-13 16:11:12,4462.98,paid
9209532,110911,2025-09-20 15:21:40,35.32,paid
4747561,516432,2025-05-23 04:04:37,631.61,open
7249466,265516,2025-12-21 14:47:35,147.26,paid
9894247,699585,2025-06-06 10:39:04,172.04,paid
6276267,693667,2025-10-22 17:39:06,528.13,paid
3009397,554336,2025-07-14 11:19:25,38.62,open
8847781,799789,2025-05-30 14:29:21,93.93,paid
7150684,125160,2025-09-13 12:01:08,90.8,paid
897470,661510,2025-08-29 22:32:10,558.42,paid
3293740,676881,2025-06-08 17:20:34,34.83,open
9828798,565930,2025-07-30 15:43:58,712.62,paid
9918508,400628,2025-06-27 19:19:35,39.66,paid
1524304,280156,2025-11-13 15:09:57,772.1,open
2966136,269728,2025-08-12 08:12:45,3422.4,paid
6820999,893855,2025-05-06 21:52:55,36.46,paid
796614,959623,2025-01-01 08:11:44,69.23,paid
800670,218565,2025-08-29 06:15:45,49.22,paid
1763621,599502,2025-02-19 13:17:30,58.55,paid
7927493,427620,2025-09-13 14:22:11,747.12,paid
7575124,140321,2025-08-21 14:17:43,448.43,paid
9765284,218565,2025-02-14 09:08:58,51.29,paid
3801492,246475,2025-12-23 18:07:26,80.69,paid
9756872,316254,2025-03-22 16:30:21,668.95,paid
7696438,170902,2025-12-23 08:03:08,36.25,paid
6734732,561696,2025-08-28 12:35:08,47.95,paid
6949934,869256,2025-07-14 15:01:42,73.27,paid
8552649,473143,2025-01-03 11:19:37,115.06,paid
7033534,262565,2025-05-23 19:25:46,574.37,uncollectible
6541363,623050,2025-12-22 11:10:49,59.42,void
4650908,918351,2025-12-05 08:59:57,80.78,paid
1262029,679825,2025-10-16 08:32:14,3019.4,paid
6181511,353738,2025-09-01 05:14:43,788.25,paid
3716495,209357,2025-09-10 07:15:03,32.11,paid
3720684,513477,2025-02-26 09:05:05,815.62,paid
1266802,701732,2025-03-28 16:28:18,33.94,paid
1990076,452579,2025-03-11 18:14:38,100.78,paid
2620605,802565,2025-08-19 19:09:18,3028.54,paid
1702977,684543,2025-08-31 13:24:57,97.97,paid
5461866,275252,2025-03-14 12:36:02,491.41,paid
7826443,647019,2025-05-13 12:03:14,746.52,paid
9097851,863338,2025-06-14 22:54:01,375.53,paid
5192796,620446,2025-06-17 08:53:36,36.76,paid
9649637,787021,2025-10-17 11:36:38,76.15,uncollectible
1344767,244780,2025-02-07 13:02:58,5819.66,paid
8601086,211818,2025-10-19 07:56:06,916.47,paid
7475715,288393,2025-05-25 12:46:21,377.45,open
3898067,558167,2025-09-16 20:36:21,1698.93,void
3775276,290620,2025-07-14 08:23:34,82.93,paid
5535850,854467,2025-11-23 13:05:34,724.91,paid
7051227,374056,2025-11-11 02:12:18,478.54,paid
5144300,989345,2025-05-02 16:10:17,164.66,paid
727922,245218,2025-05-09 12:35:34,1451.69,paid
7220561,450199,2025-05-10 00:29:39,81.47,paid
3441825,995560,2025-02-22 15:06:59,35.93,paid
306367,379248,2025-04-15 10:33:03,2830.33,paid
6714678,359578,2025-06-12 14:41:19,60.87,paid
7594508,679825,2025-04-13 11:52:08,3118.39,void
8182670,468400,2025-11-13 08:57:21,4857.86,paid
5830963,395222,2025-08-30 06:49:19,162.36,paid
4636462,216864,2025-09-23 09:03:46,23.16,paid
5944829,331536,2025-09-01 09:18:27,57.62,paid
8621555,359748,2025-07-13 19:03:05,615.96,paid
6085344,739739,2025-01-25 16:14:05,35.57,paid
8873034,304962,2025-02-23 14:16:56,5379.04,paid
8858754,363319,2025-12-22 13:56:39,34.83,paid
4257859,633095,2025-08-24 09:58:43,1274.44,paid
7604404,741646,2025-05-09 12:39:34,859.98,paid
7607998,832207,2025-03-02 18:21:12,661.14,uncollectible
4530630,395222,2025-01-18 14:05:24,192.05,paid
7279928,540115,2025-08-02 08:05:15,930.21,paid
8077308,269728,2025-05-03 10:12:42,2960.25,paid
3153803,473143,2025-03-06 13:06:41,107.86,open
1732779,511879,2025-05-20 02:47:01,650.15,paid
7213322,249013,2025-10-02 07:13:17,4439.96,paid
2717377,294902,2025-08-22 07:18:57,649.74,paid
1850584,378702,2025-01-13 02:00:19,74.46,paid
7573756,593883,2025-05-14 02:22:52,40.03,paid
6758735,349634,2025-03-29 21:51:08,4218.21,paid
3663066,561622,2025-06-15 11:37:36,34.3,paid
3900881,980971,2025-07-18 11:50:54,495.8,paid
5229811,201820,2025-07-02 14:31:07,3103.26,paid
349839,386921,2025-07-16 18:03:31,2667.58,paid
4694389,386921,2025-12-16 07:32:50,2452.94,paid
7884841,504080,2025-03-31 15:11:24,71.8,paid
7294506,902662,2025-09-07 23:27:36,34.4,paid
3523297,650852,2025-10-25 08:09:42,33.39,paid
7221601,615864,2025-06-28 21:48:59,579.66,paid
5141208,567817,2025-11-19 12:46:01,47.49,paid
6468682,201370,2025-12-30 22:15:52,966.69,paid
2264892,262678,2025-10-16 20:44:08,82.21,paid
6261482,248542,2025-03-12 14:08:02,36.42,paid
4779947,749288,2025-11-18 19:42:47,1957.09,paid
8001129,490866,2025-01-17 12:14:35,393.67,paid
146652,110911,2025-01-21 08:54:24,30.61,paid
9813673,234922,2025-09-25 21:58:17,3004.05,paid
2780661,873644,2025-01-28 09:53:54,326.47,open
1101166,368540,2025-12-08 21:00:16,75.01,paid
1366644,210309,2025-01-28 09:44:45,33.51,paid
9700700,656283,2025-07-07 15:56:29,825.32,paid
2622443,661655,2025-03-18 16:42:17,61.58,paid
318516,888218,2025-11-03 15:49:46,47.63,paid
1595040,713866,2025-09-26 12:24:54,752.71,paid
7267834,868446,2025-06-24 14:15:34,801.43,paid
475277,462096,2025-09-09 09:46:57,3510.91,paid
7350310,697547,2025-11-02 23:42:52,354.13,paid
6712430,339409,2025-09-20 23:01:57,69.98,open
70537,379248,2025-11-27 17:58:30,2888.16,paid
896458,417940,2025-05-14 20:53:45,65.01,paid
9556359,486582,2025-02-19 10:17:01,72.84,void
3016052,661510,2025-10-07 09:08:50,508.84,paid
5876077,676603,2025-05-30 15:38:47,265.76,paid
3997934,155975,2025-08-20 14:04:50,827.82,paid
8221932,165228,2025-07-09 21:30:18,622.51,paid
219059,449270,2025-09-05 12:22:12,104.59,paid
6397670,143122,2025-11-29 10:37:27,34.42,paid
5180023,113224,2025-04-29 14:13:50,2764.2,paid
6559955,744158,2025-11-25 15:11:58,1030.66,paid
8181077,241116,2025-07-31 12:59:06,48.64,paid
72951,196331,2025-03-09 15:17:43,1136.57,paid
2710046,392724,2025-03-30 18:00:20,375.86,paid
1842940,873644,2025-09-02 13:49:25,339.36,paid
4898727,219926,2025-03-18 07:20:42,3568.64,paid
9105201,591806,2025-12-22 12:42:46,417.85,paid
1589599,313943,2025-04-21 21:58:28,903.0,paid
3944034,871334,2025-07-22 14:36:42,113.01,paid
3656749,985162,2025-09-13 13:44:44,143.82,paid
3895817,281254,2025-07-21 16:40:03,311.15,paid
285337,890103,2025-12-03 16:25:00,98.3,paid
1360788,145787,2025-10-13 14:26:18,661.59,paid
8689832,873654,2025-10-20 10:02:25,3627.16,open
5552679,684498,2025-11-24 03:33:42,1885.58,paid
9089979,203951,2025-11-24 08:17:47,586.37,paid
8775322,435261,2025-11-21 08:34:12,984.28,paid
2549846,358368,2025-02-26 12:29:18,47.02,open
9320732,249013,2025-12-18 08:19:52,5036.85,uncollectible
5049549,400628,2025-12-26 10:57:07,36.77,paid
2979227,567817,2025-02-01 09:37:40,51.5,paid
9883454,271695,2025-10-21 07:44:06,45.83,paid
379477,861636,2025-11-06 09:02:13,441.56,paid
4194847,336415,2025-05-17 10:50:23,55.11,paid
3167674,680171,2025-03-23 14:00:58,76.96,paid
9049223,140197,2025-07-27 13:15:08,1545.17,paid
712352,310019,2025-09-18 23:40:10,2629.12,paid
3693454,372540,2025-11-04 08:04:14,1750.86,open
6582111,377902,2025-07-12 19:36:13,3586.69,paid
2311045,256019,2025-10-07 15:21:01,680.93,paid
173957,210309,2025-05-03 20:53:32,37.58,paid
1603282,839782,2025-03-06 21:14:51,1790.86,paid
5433891,248669,2025-02-09 15:42:25,113.6,paid
7309851,331311,2025-05-09 16:51:03,793.9,paid
1800191,317879,2025-08-29 10:32:46,61.11,paid
166763,488457,2025-05-02 14:28:20,73.9,paid
2604031,176018,2025-03-27 02:32:43,712.15,paid
9950882,952233,2025-09-18 15:28:29,586.29,paid
3107820,493447,2025-11-27 05:51:00,2199.76,paid
3148545,951176,2025-06-13 12:28:01,88.84,paid
5596831,742562,2025-10-09 16:51:09,1633.71,paid
4721186,530957,2025-03-08 07:54:30,209.02,paid
270232,185683,2025-06-24 10:41:31,4781.48,paid
4014614,822380,2025-05-06 12:44:03,261.16,paid
3010184,596031,2025-09-13 15:27:45,293.25,paid
8811593,836465,2025-06-14 10:15:58,240.68,paid
6748843,179746,2025-09-18 11:31:45,36.1,paid
4680073,654271,2025-11-21 15:35:55,528.89,paid
396318,346678,2025-11-15 16:16:32,428.49,void
1900787,248542,2025-03-27 20:15:08,32.32,open
7334801,679825,2025-06-25 15:24:35,3332.56,paid
7662974,190126,2025-12-11 11:59:31,57.29,paid
3302675,632926,2025-09-25 12:06:38,1058.18,paid
7367086,198116,2025-07-22 10:40:58,830.44,paid
4130320,286547,2025-07-27 13:32:45,37.68,paid
4763098,523028,2025-02-07 15:28:14,60.2,paid
9876499,119727,2025-03-22 12:07:56,321.94,paid
1260928,695658,2025-03-15 09:12:34,194.26,paid
8898904,248542,2025-09-01 12:35:22,35.67,paid
3200985,999282,2025-10-05 11:28:14,39.21,paid
351130,865183,2025-12-23 21:11:07,2994.53,paid
1072194,961788,2025-04-22 14:16:39,37.1,paid
3621769,450199,2025-12-27 11:58:16,101.44,paid
1824278,201572,2025-09-22 19:23:01,842.82,paid
3655136,549442,2025-05-16 13:10:12,4091.02,paid
6036408,950959,2025-08-18 15:06:09,1283.31,paid
8035996,436439,2025-03-15 11:19:33,37.18,paid
859003,132627,2025-03-29 12:56:40,62.56,paid
9135856,679825,2025-05-20 15:33:13,3076.36,paid
3065865,170254,2025-06-02 09:54:45,708.86,paid
8345813,540233,2025-01-17 16:47:12,24.19,paid
5216435,515718,2025-07-31 09:10:41,427.56,paid
6086610,395913,2025-02-05 13:38:01,322.23,paid
8527568,802565,2025-12-19 18:40:59,2887.4,paid
9700846,133440,2025-10-21 05:37:12,86.16,open
5300848,973987,2025-11-22 11:22:08,23.84,paid
2429356,461906,2025-10-01 11:41:18,52.96,paid
4095012,190126,2025-10-18 05:49:32,59.83,paid
8748559,861636,2025-09-20 09:27:57,487.66,paid
1455604,210552,2025-09-12 04:05:18,3580.29,open
6983382,514217,2025-08-22 11:18:56,749.07,open
705668,870377,2025-09-22 07:46:23,36.99,paid
8236197,557985,2025-05-23 16:34:46,50.58,paid
5578135,372638,2025-10-20 19:13:00,33.8,paid
6809431,498584,2025-03-27 15:33:46,78.87,paid
7929416,283866,2025-09-11 09:44:58,3414.43,paid
6557082,950959,2025-06-17 10:43:06,1257.12,paid
6404869,117687,2025-08-31 11:45:15,13191.52,paid
3587230,487420,2025-10-25 16:59:09,568.54,paid
7227872,527428,2025-08-22 21:29:34,5687.61,paid
771328,451436,2025-10-23 19:27:04,36.41,paid
8558744,656281,2025-12-03 05:47:13,261.81,paid
9974478,586841,2025-12-19 08:50:11,221.49,paid
7156830,836465,2025-06-14 20:16:01,240.93,paid
3709374,958517,2025-11-24 15:12:19,710.72,paid
2894598,686652,2025-03-08 11:09:14,66.34,paid
3396094,216864,2025-08-29 20:32:04,22.96,paid
3507092,725693,2025-08-15 06:58:07,298.11,paid
493147,741646,2025-06-03 11:31:44,955.21,paid
3465539,207113,2025-12-08 09:04:56,118.16,paid
461814,575346,2025-08-16 22:11:35,577.51,paid
3076538,114026,2025-06-24 13:57:40,84.37,paid
9330214,271313,2025-05-21 13:35:49,1037.24,paid
5116915,892691,2025-10-06 08:29:21,473.3,paid
4913771,112840,2025-11-01 14:23:08,40.26,paid
6761155,177009,2025-08-04 09:38:16,23.46,paid
4809271,893484,2025-07-19 13:59:04,438.48,paid
6886784,165982,2025-09-18 00:15:46,401.44,paid
8054108,358468,2025-03-02 16:56:15,364.14,paid
7194384,902662,2025-09-08 14:27:26,37.87,paid
6033309,394508,2025-10-15 17:13:25,35.79,open
3948933,174373,2025-04-08 11:32:05,466.91,paid
4598406,671372,2025-02-16 15:56:07,71.9,paid
8347999,351485,2025-09-07 08:04:39,11.06,paid
4346114,622939,2025-05-04 16:10:02,473.53,paid
2735875,481021,2025-05-17 17:32:41,22.75,paid
256101,150144,2025-01-13 14:25:29,143.04,paid
3915814,669720,2025-08-05 11:36:25,5500.45,paid
7262846,313943,2025-04-21 19:53:44,860.67,paid
7509273,733368,2025-02-10 17:17:17,46.08,paid
2660576,757684,2025-05-01 07:56:46,72.18,paid
387678,411362,2025-03-30 10:15:21,78.76,paid
1259908,103319,2025-11-29 14:00:55,91.75,paid
3309260,301453,2025-05-06 04:53:43,64.18,paid
1663969,734573,2025-03-20 11:02:44,641.22,paid
4248960,498584,2025-01-27 12:17:39,70.71,open
128986,116626,2025-10-09 11:49:46,3406.12,paid
6739773,165982,2025-09-16 19:53:11,373.42,paid
8808497,604126,2025-06-13 13:45:19,53.23,paid
585928,194570,2025-02-01 06:24:31,40.62,paid
5193410,779156,2025-08-09 22:05:58,548.74,paid
5992766,885767,2025-08-03 10:18:21,310.92,paid
7114249,213004,2025-06-13 16:11:21,81.7,paid
8085573,912387,2025-01-02 14:03:51,49.95,paid
9828733,787021,2025-12-02 08:05:11,67.3,paid
1505556,352867,2025-08-15 03:29:18,700.95,paid
4815034,208561,2025-07-27 17:33:33,99.41,paid
3064081,695658,2025-07-14 11:47:47,231.1,paid
8924101,474008,2025-03-27 08:22:39,792.88,paid
6354059,995560,2025-02-21 16:14:25,32.37,paid
5687835,792694,2025-08-15 15:03:49,1203.05,paid
6895264,284692,2025-05-21 03:05:49,874.23,paid
2862304,117687,2025-10-16 08:38:22,13180.47,void
156612,691462,2025-07-19 07:19:52,130.7,paid
3838990,862228,2025-01-16 11:46:18,26.89,paid
1354914,682986,2025-06-17 22:36:47,124.55,paid
2952625,424962,2025-11-17 16:36:23,769.87,paid
8510759,687595,2025-08-11 13:19:38,2073.82,paid
2013873,359105,2025-05-10 08:23:22,607.49,paid
315750,424962,2025-07-05 12:46:06,751.7,paid
4289850,912127,2025-05-04 06:24:38,1702.03,paid
1411459,147538,2025-07-31 10:23:09,54.21,paid
9481976,142260,2025-10-28 09:41:39,5617.09,paid
2381385,895559,2025-11-02 11:59:08,712.52,paid
5968598,225784,2025-08-25 12:30:39,5131.47,paid
4694034,751207,2025-06-10 05:30:48,47.05,paid
4711565,979522,2025-05-11 07:17:05,75.36,paid
7618878,693331,2025-02-12 11:11:23,38.25,paid
1099028,535256,2025-10-09 11:41:23,494.05,paid
4579346,549442,2025-12-15 14:14:45,3416.84,paid
7236517,734042,2025-01-05 15:07:18,62.6,paid
7709255,298652,2025-04-14 15:07:12,616.32,paid
2637,599502,2025-09-21 16:23:07,63.29,paid
3223188,700790,2025-06-19 17:10:40,41.83,paid
9397633,768839,2025-10-14 20:56:13,12.3,paid
1943152,713583,2025-10-11 10:36:50,62.04,paid
7649208,316254,2025-07-02 09:26:56,627.05,paid
9780582,216530,2025-12-27 07:45:47,78.03,paid
157551,874742,2025-02-19 15:30:53,919.2,paid
7081768,395913,2025-05-19 15:07:32,351.11,paid
8447503,409157,2025-09-19 16:16:55,61.07,paid
1804643,292435,2025-01-04 14:38:16,913.83,paid
4062293,133243,2025-09-30 16:21:52,22.68,paid
687167,153452,2025-09-09 13:13:46,98.97,paid
3930792,935611,2025-05-01 13:43:08,35.85,paid
298253,190126,2025-07-27 12:21:47,59.37,open
3714614,775589,2025-03-02 11:02:43,782.49,paid
3078113,919775,2025-11-03 16:07:47,596.92,void
2672071,796619,2025-06-25 11:17:57,451.51,paid
5452353,556479,2025-08-05 17:33:28,68.25,paid
2840855,889010,2025-10-15 11:04:39,211.67,paid
6937058,716836,2025-03-08 09:59:09,105.61,paid
5978422,232421,2025-04-01 13:31:15,850.21,paid
2027621,450789,2025-06-05 08:20:38,2498.76,paid
9607000,713866,2025-11-27 09:29:51,698.73,paid
4897575,479493,2025-09-22 12:55:10,111.34,paid
8061037,223459,2025-06-27 17:56:10,85.68,paid
3431985,241116,2025-05-23 16:00:20,47.95,paid
2296914,404963,2025-08-15 19:36:20,576.56,paid
6325382,787021,2025-02-05 14:48:58,72.61,open
4256090,379292,2025-11-22 15:54:01,3514.21,paid
233499,474120,2025-06-01 16:11:22,628.31,paid
7411332,822380,2025-11-23 10:19:55,290.39,paid
1870127,713907,2025-06-07 17:27:26,55.41,uncollectible
8820305,143805,2025-10-07 13:28:23,511.94,paid
6337947,318405,2025-06-25 23:14:08,47.48,paid
951774,391164,2025-11-29 14:11:21,23.67,paid
1188031,561696,2025-11-06 10:06:03,50.39,paid
7733024,259726,2025-05-11 16:20:01,49.0,paid
5544511,200865,2025-05-24 19:40:01,272.94,paid
241024,708315,2025-06-24 16:03:20,37.57,paid
3819671,721049,2025-09-08 16:53:08,109.43,paid
6771588,482349,2025-10-08 17:41:12,85.16,paid
5425477,731867,2025-05-01 21:42:00,661.49,paid
2437917,491474,2025-12-25 14:37:03,2563.36,paid
9160780,818984,2025-05-29 12:26:58,1776.56,void
6354738,404631,2025-05-02 13:55:41,355.55,paid
8038555,632926,2025-08-06 19:12:28,1112.86,paid
165903,232159,2025-06-05 15:12:38,2670.16,paid
5001224,875381,2025-12-24 15:55:52,780.57,paid
3241900,701732,2025-04-21 18:18:28,40.91,paid
5093214,492564,2025-02-17 20:20:00,371.67,paid
6357283,280961,2025-03-28 08:36:09,281.33,void
9520989,793847,2025-09-04 10:28:07,601.45,paid
893648,550131,2025-07-12 21:58:37,790.33,paid
7083493,902628,2025-05-24 00:03:41,2981.91,paid
7874515,958517,2025-07-31 16:02:48,673.67,paid
3865053,663857,2025-10-20 16:44:38,2496.99,paid
3327166,371884,2025-11-14 15:37:01,70.53,paid
4584457,452579,2025-10-11 14:04:15,89.24,paid
6418530,540635,2025-10-20 12:58:36,157.69,paid
9889668,145787,2025-10-18 16:25:42,558.93,paid
9850008,424994,2025-08-27 15:21:14,3442.6,uncollectible
7463246,181128,2025-01-13 14:03:58,572.53,paid
2512922,431648,2025-07-06 14:44:05,127.56,paid
632801,381306,2025-07-01 21:09:21,497.02,paid
4953964,695658,2025-11-07 08:53:49,209.57,paid
1935931,805943,2025-11-25 23:11:52,51.25,paid
7818411,482349,2025-03-22 12:12:33,87.96,paid
3199043,832207,2025-08-31 13:38:29,796.19,paid
9418633,178553,2025-11-09 09:24:21,35.27,paid
3986002,620640,2025-01-20 12:31:24,430.52,paid
8427096,399545,2025-12-17 17:13:54,102.15,paid
5758900,847327,2025-05-08 17:00:52,816.38,paid
9846207,691555,2025-11-16 04:39:34,639.64,paid
8237257,245270,2025-01-27 09:51:47,21.14,paid
5750791,899024,2025-06-05 10:36:39,62.65,paid
7952573,662747,2025-06-29 10:41:17,17573.47,paid
3281361,820834,2025-09-24 03:55:36,664.66,paid
9919368,374056,2025-12-26 16:18:47,488.07,paid
6036866,244208,2025-01-16 12:02:20,35.11,paid
9913378,695658,2025-05-10 14:35:21,221.38,paid
8921102,228567,2025-09-05 02:16:05,666.77,paid
4803086,876153,2025-05-22 16:37:24,59.38,paid
3644729,205204,2025-04-25 13:19:41,128.99,paid
6991618,549691,2025-07-08 06:03:46,664.96,paid
1452868,925364,2025-06-18 04:16:17,595.04,paid
5034706,686916,2025-11-03 08:50:50,3511.82,paid
5500985,313943,2025-11-21 13:44:55,1045.23,paid
7818011,143529,2025-07-13 20:49:36,86.03,paid
3739990,699585,2025-06-11 17:09:49,168.07,open
2692318,166599,2025-07-18 21:54:30,656.59,paid
311665,254108,2025-02-25 09:11:01,136.6,open
3583532,942304,2025-09-03 19:39:46,5086.7,paid
9928632,468400,2025-12-09 20:49:03,4817.02,paid
3933461,116626,2025-05-12 10:22:16,3512.79,paid
3246970,445354,2025-02-22 13:19:43,71.75,paid
9484701,695703,2025-07-24 13:28:18,77.04,paid
8050407,740262,2025-07-14 14:13:21,64.73,paid
3138021,600525,2025-12-30 06:12:26,1157.56,paid
9674004,370589,2025-02-24 13:55:51,568.39,paid
7030603,435261,2025-01-10 09:22:15,1019.66,paid
5138189,691462,2025-02-05 12:19:07,113.85,paid
9596608,863338,2025-10-15 14:15:19,425.31,paid
8522562,644475,2025-04-04 10:46:06,62.71,paid
8221992,154626,2025-07-20 16:33:11,623.39,open
2868455,629593,2025-06-06 14:13:30,2556.69,paid
2799639,114128,2025-11-09 10:43:58,35.15,paid
1389879,345589,2025-11-12 04:09:20,808.47,paid
7737323,269728,2025-09-17 06:07:26,3291.11,paid
6738823,414105,2025-08-21 19:13:13,73.09,paid
4404797,722460,2025-02-03 17:49:55,58.31,paid
7004839,158251,2025-05-11 16:09:36,642.78,paid
6765706,391164,2025-02-26 17:32:06,24.53,paid
7673832,822380,2025-11-07 20:27:26,266.14,paid
7502693,557850,2025-03-05 08:52:57,4588.96,paid
6892088,962759,2025-04-20 15:29:56,76.77,paid
2841588,374056,2025-09-07 14:32:36,432.18,paid
5775667,379292,2025-10-13 15:52:04,3254.36,paid
7503475,617749,2025-12-28 07:17:44,77.32,paid
9189013,149930,2025-03-25 13:31:35,869.71,paid
8826768,943858,2025-04-05 14:04:31,431.41,paid
7334788,369202,2025-10-06 07:38:39,584.05,paid
5328441,805099,2025-01-11 08:11:44,35.42,paid
4364933,150235,2025-01-19 09:54:54,46.67,paid
5250458,211963,2025-01-12 13:19:04,422.53,paid
2668489,825599,2025-11-20 13:31:22,83.28,paid
751066,318214,2025-01-13 08:50:53,63.67,void
754965,663683,2025-10-26 13:44:57,53.99,paid
3704631,431648,2025-07-18 10:19:58,127.65,paid
8026019,991768,2025-07-15 11:41:13,76.5,paid
8774806,901636,2025-08-22 14:59:32,424.13,paid
969813,334270,2025-08-07 07:19:43,2949.44,open
4887041,839782,2025-03-06 20:19:19,1856.54,paid
1775732,171084,2025-03-31 05:05:16,995.51,paid
9285289,112840,2025-04-29 12:05:07,44.6,paid
6906241,511497,2025-07-16 13:39:35,897.69,uncollectible
4344855,835797,2025-05-23 15:27:35,582.61,paid
1684685,952233,2025-02-02 07:10:03,598.53,paid
756424,290492,2025-07-09 14:23:56,113.71,void
921208,206487,2025-12-08 19:32:34,69.02,paid
8359166,662010,2025-06-09 14:00:27,44.2,paid
3110784,695829,2025-08-30 17:11:08,44.62,paid
9499852,378343,2025-08-24 07:04:11,561.68,paid
1527504,695044,2025-10-29 13:40:45,3680.8,paid
4016917,812313,2025-04-07 06:03:56,84.55,paid
7138461,203951,2025-01-21 15:48:59,598.25,paid
6053606,705867,2025-03-29 14:02:10,3914.45,paid
7294048,870241,2025-11-16 10:11:04,34.21,paid
218048,586841,2025-09-25 10:14:04,227.91,paid
542149,353158,2025-04-25 22:30:22,1691.71,paid
8535508,588070,2025-10-07 10:57:15,263.28,paid
5845198,492564,2025-09-23 11:21:23,389.28,paid
9831088,966960,2025-09-15 12:25:08,750.77,paid
4345241,995560,2025-04-12 11:40:38,35.17,paid
2036640,278618,2025-05-01 13:06:48,637.5,paid
7280985,279735,2025-06-25 16:31:34,94.31,paid
2984232,517173,2025-08-27 11:18:41,173.75,paid
4629474,378702,2025-11-21 16:52:15,77.39,paid
3960773,988431,2025-09-26 08:07:11,39.35,paid
1972848,647876,2025-07-13 15:07:09,237.26,uncollectible
8227298,175483,2025-09-25 14:26:22,3913.21,paid
7395141,603307,2025-09-17 14:04:21,35.81,paid
5768441,876324,2025-10-04 18:58:56,1891.12,paid
5613633,501273,2025-01-18 09:29:05,58.99,paid
6143540,316254,2025-04-17 11:04:26,759.46,paid
2214332,948864,2025-04-07 14:27:39,494.53,paid
440378,550331,2025-09-04 13:39:34,61.41,paid
7905402,938120,2025-10-27 07:07:13,214.62,paid
6977297,210552,2025-09-11 19:43:21,3517.96,paid
2123741,693331,2025-10-30 15:40:40,35.35,paid
4103800,561350,2025-07-30 10:50:47,523.87,paid
4969769,242324,2025-01-06 15:33:56,34.99,paid
2557086,669720,2025-10-17 14:00:43,5659.78,open
9207375,899024,2025-09-24 16:18:07,68.6,paid
2147100,147475,2025-12-24 10:41:45,33.97,paid
4300030,133896,2025-08-07 20:59:40,2744.13,paid
4260165,661510,2025-08-30 04:21:06,543.32,paid
4028523,362499,2025-06-29 12:55:58,563.34,paid
3806327,969783,2025-10-18 13:41:12,598.53,paid
9226292,896132,2025-05-05 18:28:05,98.32,paid
8912595,845929,2025-10-19 15:01:55,49.09,paid
3626922,336415,2025-04-24 13:04:06,62.7,paid
8857011,650871,2025-07-29 14:28:52,454.8,paid
5853052,641547,2025-09-18 10:36:46,752.82,paid
4809120,824578,2025-07-29 21:08:09,552.79,paid
9400170,406504,2025-07-25 10:07:17,2664.89,open
5220922,826663,2025-06-16 08:16:39,2398.8,paid
7064082,399159,2025-06-18 16:39:26,204.0,paid
7100107,198781,2025-07-25 14:50:12,88.22,paid
656195,687117,2025-11-05 12:28:34,44.31,paid
7962397,201370,2025-08-04 15:19:59,983.8,paid
7131413,529391,2025-12-28 14:33:34,39.53,paid
167618,600774,2025-04-07 14:51:34,3201.24,paid
2961027,110840,2025-09-07 13:23:23,3020.33,paid
7344761,824578,2025-07-30 02:36:49,650.81,paid
7533000,973987,2025-07-17 22:36:35,23.95,paid
43283,950543,2025-01-14 08:43:33,32.01,paid
3041536,487099,2025-01-02 16:01:09,31.23,paid
1453674,802565,2025-12-12 08:26:08,2646.33,open
8965422,242324,2025-11-11 20:23:23,32.89,paid
5745034,723271,2025-08-20 14:06:53,543.84,paid
7612134,362956,2025-02-03 16:20:05,49.44,paid
8998234,106212,2025-03-12 14:34:54,3257.05,paid
9436724,508782,2025-06-05 13:27:50,75.61,paid
7974236,473143,2025-01-09 11:36:29,104.69,paid
6831289,775816,2025-05-03 14:35:48,50.66,paid
6669694,902628,2025-05-23 11:00:14,3116.38,paid
2505358,734926,2025-09-22 08:18:14,123.26,paid
1469020,691462,2025-12-01 10:09:37,136.59,paid
9122166,507445,2025-08-12 14:00:33,663.72,paid
439504,735377,2025-09-05 10:04:51,23.3,open
6214470,780194,2025-03-13 22:08:57,1431.04,paid
3805275,581789,2025-10-30 13:45:06,137.9,paid
5953148,842517,2025-07-23 01:07:19,927.99,paid
6248106,663216,2025-05-29 09:46:55,439.96,open
65345,663683,2025-06-11 13:24:24,48.76,paid
8393277,575382,2025-09-28 14:41:06,779.54,paid
757464,799789,2025-11-24 09:04:54,87.08,paid
5584445,433844,2025-08-15 13:56:20,34.25,paid
1331928,833504,2025-04-13 11:47:38,3261.04,paid
8325881,574882,2025-04-12 16:00:29,71.06,open
56166,558918,2025-03-10 08:01:12,916.11,paid
3325482,441439,2025-03-21 13:47:20,70.3,uncollectible
4347785,931016,2025-10-22 08:07:05,265.78,paid
7483665,556479,2025-11-26 01:25:13,77.28,paid
4224644,676603,2025-05-30 16:58:17,272.72,paid
9753374,501273,2025-02-03 08:36:46,63.53,paid
7083524,551362,2025-04-04 14:35:39,908.12,paid
6641250,925203,2025-01-25 14:47:17,38.06,paid
9828451,996360,2025-10-09 16:42:34,96.24,paid
945395,684498,2025-05-28 16:31:59,2155.01,paid
9837180,687595,2025-10-27 12:11:05,1975.92,paid
45888,351475,2025-02-13 11:07:29,95.66,paid
8755442,740617,2025-03-09 19:46:10,1924.31,paid
2734185,301410,2025-04-01 12:49:08,253.5,paid
6756681,713583,2025-01-26 07:06:37,57.44,paid
7149134,479649,2025-10-14 14:17:38,54.52,paid
8935144,783281,2025-05-12 09:20:05,35.62,paid
4821843,744158,2025-01-22 16:08:20,1115.26,paid
1477668,952105,2025-10-27 11:59:48,622.02,paid
1951658,552380,2025-08-10 12:54:08,1702.54,paid
7186882,298048,2025-12-19 18:45:34,62.4,uncollectible
8382471,346678,2025-05-26 12:24:56,441.73,paid
4259254,400628,2025-05-21 14:49:01,36.62,paid
958001,687595,2025-10-30 10:16:19,1812.86,paid
7405608,102347,2025-03-03 05:28:36,568.33,paid
1718642,925203,2025-02-23 11:01:27,38.1,paid
199252,735377,2025-08-26 07:38:14,24.43,paid
9347247,179746,2025-05-23 14:09:19,37.77,open
3858407,246475,2025-01-29 11:31:18,87.71,paid
4008304,236900,2025-08-29 13:02:26,376.83,paid
188326,865573,2025-03-01 16:44:58,115.02,paid
6536947,700790,2025-02-15 12:56:21,50.36,open
1049976,537253,2025-08-27 21:26:33,35.51,paid
5989776,355983,2025-11-06 12:25:42,260.23,paid
8502606,722460,2025-02-15 15:53:57,63.59,paid
3428629,989157,2025-11-01 16:44:48,91.71,paid
6193592,284939,2025-08-08 16:36:58,70.85,paid
2177332,564779,2025-04-10 05:39:45,34.86,paid
2791032,687595,2025-02-24 09:36:51,1985.7,paid
7193502,516809,2025-09-26 09:58:04,645.42,paid
5631276,277459,2025-07-29 14:09:48,137.75,paid
4833352,105266,2025-07-16 10:13:25,62.87,uncollectible
4142922,175483,2025-07-07 11:04:35,3866.65,paid
2922996,662023,2025-05-28 15:13:39,114.32,paid
7840512,140197,2025-04-11 11:23:33,1817.49,paid
301339,556479,2025-04-19 17:10:50,66.23,open
8751351,729870,2025-05-27 17:45:01,266.92,paid
7783305,436381,2025-06-26 08:51:45,58.23,paid
1399580,872118,2025-06-14 08:21:28,8725.32,paid
3460386,505397,2025-06-21 04:06:13,91.97,paid
2374871,605260,2025-08-08 11:51:52,72.05,paid
5898760,631096,2025-01-15 13:11:42,35.09,paid
1289178,265989,2025-01-16 15:49:40,43.99,paid
8867237,604126,2025-10-22 10:21:06,44.53,paid
378968,487099,2025-02-28 10:43:54,34.37,paid
8449047,356856,2025-03-13 15:26:04,79.4,paid
1710941,870377,2025-07-19 14:09:24,35.17,paid
6972951,558269,2025-09-20 07:57:15,14919.21,paid
2690257,716836,2025-01-04 11:53:08,102.13,paid
4466085,548818,2025-07-28 13:29:50,383.2,paid
1209648,560307,2025-10-08 09:37:40,40.24,paid
3377940,280606,2025-05-10 19:42:23,36.1,paid
5687111,661655,2025-01-23 10:26:10,56.71,paid
9300030,863793,2025-10-19 06:34:31,89.68,paid
1599672,822380,2025-06-09 21:13:01,295.87,paid
2011577,201572,2025-09-23 04:47:09,890.4,paid
1737710,996819,2025-11-16 12:33:05,1685.92,paid
5338054,228677,2025-06-17 13:31:34,61.29,paid
4785225,617749,2025-11-10 09:20:39,77.14,paid
7029452,485273,2025-10-13 08:31:42,426.07,paid
1171896,314260,2025-09-01 15:04:35,2063.89,paid
4447635,291292,2025-12-09 08:25:15,576.73,paid
3699358,103319,2025-06-30 13:06:02,86.3,paid
9440794,820834,2025-10-05 13:45:24,742.21,paid
3801747,597746,2025-04-23 10:09:11,60.42,paid
6949840,259373,2025-05-16 22:03:33,73.14,paid
3774838,897529,2025-10-01 14:39:41,23.2,paid
9212972,105266,2025-12-02 13:44:11,69.25,paid
7561885,110911,2025-07-18 16:27:02,37.78,paid
356587,260951,2025-03-11 08:13:27,3218.8,paid
6755034,647876,2025-04-29 12:26:18,247.48,paid
1451026,792694,2025-11-04 13:25:07,1085.86,paid
4854085,499802,2025-07-05 21:38:57,84.94,void
525113,686117,2025-04-21 12:58:46,81.54,open
9819675,896132,2025-09-28 14:05:24,103.34,paid
5027453,149930,2025-01-15 14:37:49,1083.15,paid
8507191,513019,2025-02-19 16:32:50,251.63,paid
7779315,802565,2025-11-04 13:22:05,3168.75,paid
8176064,359178,2025-02-27 12:23:44,479.78,paid
7658023,320794,2025-08-07 10:30:46,54.56,uncollectible
8488912,951550,2025-05-02 11:14:08,35.55,paid
4572845,165982,2025-12-24 09:43:49,339.57,open
7056659,695658,2025-07-01 12:48:56,204.27,paid
7931879,571416,2025-06-15 17:30:07,198.94,paid
1844462,120608,2025-01-26 13:22:22,53.15,uncollectible
2751303,209357,2025-12-26 09:32:57,34.58,paid
842322,218565,2025-06-03 21:21:39,51.76,paid
9759800,811779,2025-08-27 13:13:54,79.57,paid
5713941,218565,2025-05-15 12:45:03,50.46,paid
4628552,260885,2025-07-23 16:06:08,35.41,paid
8760241,157478,2025-08-07 06:43:39,53.07,uncollectible
5355115,198116,2025-07-22 12:18:37,862.38,paid
2066680,552380,2025-03-13 16:33:49,1648.51,paid
672072,417940,2025-07-18 15:14:58,78.12,paid
6143139,789095,2025-03-23 08:49:49,74.4,paid
840380,780194,2025-06-06 13:52:08,1512.17,paid
8790312,351475,2025-01-06 13:58:18,79.78,paid
2150099,749734,2025-09-05 16:01:00,63.89,paid
3930484,436439,2025-01-27 19:56:08,36.73,paid
549418,368540,2025-01-07 07:06:31,57.59,paid
4213649,457669,2025-04-27 14:39:45,25573.75,paid
7594408,549976,2025-09-27 11:17:08,2047.76,paid
3448856,399545,2025-04-05 17:34:42,102.47,paid
2303150,209357,2025-10-10 15:37:54,37.76,paid
3466370,728261,2025-07-01 04:31:20,96.46,open
1775268,952105,2025-11-20 14:59:11,565.81,paid
8591607,995560,2025-12-04 15:34:41,35.73,paid
2177000,236900,2025-08-29 12:19:13,355.34,paid
4589057,988184,2025-07-12 10:46:59,1902.76,paid
1429974,144659,2025-03-29 22:37:49,536.34,paid
4097033,886365,2025-01-28 14:46:34,2628.95,paid
7315766,199248,2025-08-23 12:31:59,3747.09,paid
4857474,291773,2025-12-30 12:26:17,69.46,paid
4540351,863793,2025-02-26 05:54:49,85.76,open
9292917,676881,2025-02-13 14:07:29,37.72,paid
1900925,381513,2025-12-15 13:52:56,37.94,void
345275,282217,2025-12-03 09:03:12,6114.68,open
5116539,606408,2025-09-05 15:43:47,34.19,paid
9596617,419173,2025-08-05 14:15:00,4129.11,paid
6905720,721049,2025-10-02 18:14:16,118.85,paid
7832099,943757,2025-10-29 15:28:14,412.17,paid
1706350,197488,2025-09-06 15:43:59,391.43,paid
4995662,787646,2025-08-26 17:56:07,618.3,paid
7790406,349808,2025-01-07 13:05:44,398.54,void
9795129,315118,2025-08-12 13:28:06,3467.5,open
726758,686652,2025-01-25 10:56:06,72.32,paid
3945561,310258,2025-01-05 08:01:37,47.57,paid
2413064,513477,2025-01-03 14:39:44,771.44,void
1402943,943067,2025-08-20 16:45:49,438.04,paid
7370655,567592,2025-11-07 07:55:58,803.63,paid
8439223,290736,2025-06-19 12:50:57,15412.12,paid
7476424,749288,2025-10-28 09:12:10,1869.71,paid
5780334,139506,2025-10-11 12:49:16,50.71,paid
8967306,684083,2025-10-20 09:12:58,46.9,paid
2822513,975689,2025-05-09 19:47:23,366.21,paid
6248591,129289,2025-09-23 12:39:42,24.6,paid
3272367,950543,2025-07-29 11:49:20,35.32,paid
9535762,865765,2025-04-06 16:05:50,111.86,open
2303210,796619,2025-10-19 00:47:42,446.22,paid
2898454,634053,2025-09-29 14:11:01,2804.37,paid
2991991,262565,2025-05-05 09:55:47,561.91,paid
938471,292475,2025-02-18 14:29:36,2509.83,paid
1595392,815996,2025-09-23 19:17:42,866.88,paid
6360452,353738,2025-04-21 10:18:21,782.88,paid
4455900,253647,2025-06-25 11:44:16,58.12,paid
4212198,491257,2025-11-12 19:03:38,662.93,paid
548186,179746,2025-10-26 09:07:55,34.74,paid
3802388,439406,2025-09-18 10:59:57,108.15,paid
4694066,198781,2025-04-05 09:52:09,86.15,paid
4046874,298652,2025-12-19 07:26:06,640.73,paid
2412952,554320,2025-04-29 17:02:30,3780.39,paid
3840244,787646,2025-12-15 11:21:08,609.24,paid
8030073,493447,2025-10-02 13:56:50,2241.5,void
2877374,832087,2025-09-08 16:56:36,334.28,paid
7733484,668250,2025-03-17 09:21:19,4612.71,paid
6304486,992844,2025-03-16 07:54:21,290.56,paid
6615711,143805,2025-05-04 21:49:07,564.58,paid
5077692,186866,2025-01-28 10:38:57,439.4,paid
6861093,950543,2025-06-02 09:47:20,32.59,paid
6073918,704441,2025-08-19 08:34:24,754.51,paid
4202806,477382,2025-02-18 19:23:07,647.37,paid
5147108,259984,2025-05-21 16:30:57,2058.92,paid
8938969,757684,2025-12-23 09:03:03,67.48,paid
2159058,198781,2025-05-17 18:57:16,82.98,uncollectible
8334232,269555,2025-11-30 02:46:49,255.51,paid
4476112,653379,2025-04-26 12:09:52,318.79,paid
4478956,759736,2025-08-15 10:16:35,487.64,paid
7501747,157315,2025-04-28 14:27:17,38.89,paid
2705034,836465,2025-12-12 17:48:30,233.84,paid
8359399,646309,2025-05-25 15:56:24,323.02,paid
4525751,820426,2025-08-21 10:38:57,55.32,paid
3678252,400628,2025-02-19 15:47:08,35.29,paid
9751906,124671,2025-09-10 09:51:42,444.99,paid
3708392,875381,2025-05-31 09:58:47,806.1,paid
5886558,331311,2025-11-03 16:14:18,714.02,paid
8370870,551545,2025-06-27 09:36:53,36.24,paid
5963124,550912,2025-01-13 14:38:18,62.58,paid
9678953,919065,2025-03-03 07:24:44,616.83,paid
4305743,304212,2025-09-15 15:04:39,85.45,void
6570718,304962,2025-06-24 15:26:28,5350.64,paid
2105253,747100,2025-11-09 14:03:17,61.39,open
4652537,395913,2025-02-08 16:15:40,441.34,paid
1678852,346678,2025-05-13 10:12:17,415.07,paid
7810313,992844,2025-11-15 09:42:05,300.48,paid
9671518,228567,2025-08-13 12:18:52,693.2,paid
2780566,362499,2025-09-29 16:15:23,626.81,paid
8719364,520785,2025-03-22 12:23:36,32.66,paid
4218360,997844,2025-07-20 16:09:54,6443.37,paid
717690,492337,2025-09-26 19:25:22,50.42,paid
1783593,259984,2025-05-28 11:11:03,2131.7,paid
1897454,333795,2025-09-17 19:49:03,522.75,paid
5637208,950873,2025-10-30 11:57:13,703.84,paid
8373301,114128,2025-10-03 15:52:34,35.81,paid
4125695,262644,2025-04-09 19:40:14,1206.82,uncollectible
5671508,202107,2025-08-26 16:29:05,737.19,paid
6859004,774503,2025-05-29 02:44:54,57.77,paid
4008051,604137,2025-09-28 16:55:49,54.46,paid
455984,363319,2025-02-25 08:28:45,35.42,paid
4102253,441926,2025-12-14 10:22:36,55.43,paid
300964,995264,2025-01-19 09:46:59,69.97,paid
5003708,833504,2025-05-12 12:13:00,3038.71,paid
4714089,847561,2025-01-03 10:02:24,88.0,open
3288688,938120,2025-02-27 04:12:27,184.16,paid
5530687,203860,2025-05-06 15:18:39,594.51,paid
2053406,785078,2025-12-27 13:27:47,63.44,paid
1290440,310258,2025-02-22 09:11:55,51.61,open
1096068,814957,2025-06-03 16:20:40,509.89,paid
3297845,610566,2025-09-12 06:53:26,365.98,paid
9295960,227254,2025-06-14 10:32:21,64.76,open
3627740,740262,2025-11-28 12:57:40,55.82,paid
9432672,318405,2025-02-18 07:15:29,51.22,paid
4730010,135223,2025-03-02 11:02:46,65.93,paid
2892556,211963,2025-02-18 07:31:02,462.29,paid
2994384,393626,2025-10-03 18:07:14,689.06,paid
4115228,164239,2025-01-26 14:45:39,34.01,paid
2399382,607403,2025-07-18 09:53:33,574.18,paid
8959098,290492,2025-03-18 21:13:54,104.84,paid
6284147,492337,2025-09-27 02:16:58,49.91,paid
1365107,806120,2025-09-23 15:21:33,52.15,paid
723308,820834,2025-09-23 17:32:17,717.34,paid
1734184,481021,2025-05-06 10:16:45,22.83,paid
4646699,227569,2025-02-10 06:35:49,283.92,paid
6306779,158251,2025-06-28 14:43:59,574.5,paid
821119,181128,2025-10-01 15:56:53,586.03,open
2641863,296755,2025-01-25 14:52:16,133.88,paid
9283818,874496,2025-01-31 11:49:05,1388.75,paid
8771197,977420,2025-08-26 17:44:45,24.43,paid
1692643,893855,2025-01-15 14:42:49,37.44,paid
2270354,302271,2025-10-25 16:01:48,4708.96,paid
1322046,511879,2025-05-20 01:03:28,649.36,paid
6249861,364714,2025-11-24 11:47:32,90.58,paid
3533094,304212,2025-08-04 17:15:09,82.84,paid
6197232,580435,2025-02-25 08:28:10,554.12,paid
8547530,686652,2025-01-07 18:06:47,75.43,paid
7237520,799789,2025-11-23 12:14:35,92.48,paid
3547451,221118,2025-06-17 19:40:28,35.74,paid
4488250,768839,2025-07-14 18:09:47,11.88,paid
6634684,194570,2025-11-12 14:22:15,38.28,open
2450105,312337,2025-01-15 15:41:50,66.68,paid
3609098,252079,2025-02-11 14:47:54,74.32,paid
9268713,919775,2025-09-12 16:46:53,594.09,paid
9640417,371569,2025-10-12 16:56:01,799.46,paid
6526726,286547,2025-09-19 16:01:30,37.36,paid
135264,836507,2025-08-30 15:38:13,93.55,paid
8652228,539755,2025-07-13 04:13:37,26.22,paid
6022709,208561,2025-07-11 15:06:13,94.16,paid
5311290,893066,2025-09-23 10:07:48,85.45,paid
1865516,726509,2025-11-17 12:14:26,78.93,paid
6264235,218019,2025-12-23 10:47:27,73.71,paid
9303561,140321,2025-04-10 19:16:47,426.92,paid
8482899,964514,2025-11-11 11:13:19,502.73,paid
9085104,750386,2025-05-26 12:48:52,42.16,paid
5483934,372540,2025-08-03 17:04:12,1753.5,paid
4330477,907943,2025-07-23 22:13:33,30.34,paid
3187581,892691,2025-09-01 14:56:44,486.69,paid
7069923,739777,2025-01-06 09:51:28,1276.86,paid
3510355,610566,2025-07-30 14:56:25,306.77,paid
1868440,395222,2025-03-04 13:44:14,216.07,paid
2213922,757620,2025-11-27 08:33:45,15869.87,paid
7634345,772806,2025-03-23 08:10:29,83.76,paid
800337,359105,2025-06-18 14:39:35,625.17,open
3210765,952105,2025-03-15 07:36:51,557.44,paid
4899899,372540,2025-05-29 12:10:52,1783.0,paid
1776077,769943,2025-08-01 16:55:33,87.6,paid
3738123,540382,2025-06-03 05:05:55,540.72,paid
4049274,572896,2025-07-19 13:47:47,45.81,paid
2048761,874742,2025-03-01 16:20:59,995.47,uncollectible
6537998,993977,2025-03-28 08:06:24,46.12,paid
9511977,822380,2025-12-30 10:24:49,325.91,open
274138,119663,2025-10-31 11:05:18,3679.26,paid
1004200,498799,2025-09-05 17:21:12,394.07,paid
3307739,236797,2025-10-20 18:16:18,49.97,paid
8510804,427620,2025-01-29 08:03:08,703.18,paid
3987751,819199,2025-07-16 13:46:21,35.81,paid
422269,380358,2025-07-20 13:18:57,82.53,paid
4568928,629593,2025-06-05 17:23:05,2420.87,paid
8640364,818984,2025-05-19 19:01:24,2021.72,paid
4375470,819790,2025-04-11 12:57:22,634.08,paid
8780151,351485,2025-03-01 12:04:26,13.24,paid
888987,729073,2025-12-19 09:06:13,593.88,paid
1722441,304962,2025-08-05 10:40:55,5673.37,paid
8312955,259726,2025-01-06 08:58:21,48.69,paid
705905,586841,2025-08-15 10:31:19,205.32,paid
2771761,353738,2025-04-01 08:15:00,890.81,paid
765110,676397,2025-08-13 16:07:08,1163.29,paid
5871561,143122,2025-09-09 23:44:36,34.7,paid
3239394,530957,2025-04-03 15:41:36,195.53,paid
1340543,631393,2025-09-25 19:11:06,33.3,void
2632035,650871,2025-03-15 14:09:14,536.02,paid
8560271,989410,2025-12-19 12:08:15,12.03,open
9468152,157411,2025-01-25 16:49:26,5135.17,paid
1090245,301453,2025-05-05 18:03:29,58.66,paid
7755176,254108,2025-01-15 14:29:56,123.77,paid
724923,619995,2025-09-07 21:00:27,35.72,paid
6650482,269555,2025-12-02 13:00:20,222.63,open
3787876,912387,2025-01-03 10:59:39,47.5,paid
4643484,551545,2025-03-13 04:11:25,39.25,void
3649904,775527,2025-07-11 14:47:06,2124.6,paid
1891798,377902,2025-10-26 07:43:01,4211.49,paid
6107872,774503,2025-05-29 04:24:15,59.68,paid
1331641,693331,2025-11-09 12:55:32,32.86,paid
1541611,511241,2025-03-14 13:07:27,107.13,paid
3697964,695829,2025-08-12 14:17:42,46.18,paid
3481615,331536,2025-12-14 14:01:12,66.95,paid
7556719,283866,2025-09-04 15:37:38,2925.65,paid
934888,583252,2025-02-13 02:35:26,484.7,paid
4261798,766913,2025-11-30 09:39:25,415.14,paid
6026557,599502,2025-06-22 18:48:42,58.27,paid
4960543,250471,2025-05-13 13:04:39,106.92,paid
3970314,443866,2025-05-05 22:08:21,36.61,paid
6959303,861107,2025-12-16 13:23:37,550.96,paid
5603673,769943,2025-05-24 16:56:09,86.27,paid
4980249,312337,2025-01-26 06:56:32,68.2,paid
3229093,198781,2025-04-06 17:23:25,73.81,paid
8049817,269978,2025-03-22 14:15:25,506.65,paid
9986910,280606,2025-12-27 11:13:35,35.94,paid
7741324,768839,2025-07-14 15:13:19,12.18,paid
2191704,394508,2025-09-02 15:18:54,34.68,paid
3934928,870519,2025-07-31 09:55:03,24.48,paid
9147855,692735,2025-11-07 12:27:46,105.04,paid
5685452,793847,2025-05-13 13:24:43,634.57,paid
3905808,444827,2025-08-16 09:06:27,34.15,paid
5902452,125160,2025-09-28 20:20:41,81.37,paid
5569131,462638,2025-11-17 21:34:41,6368.94,paid
8525144,588070,2025-07-16 19:50:56,246.27,paid
8084724,916616,2025-01-07 22:00:52,1220.3,paid
7675764,530957,2025-06-12 08:45:28,182.96,paid
8957688,968217,2025-09-09 11:08:27,86.05,paid
1522781,687117,2025-10-03 16:16:00,47.11,paid
429225,122331,2025-08-12 18:05:27,34.62,paid
4314404,624691,2025-06-15 08:00:31,720.27,paid
5281319,877086,2025-07-20 08:34:16,515.04,paid
4257355,449827,2025-05-13 19:42:16,3355.63,paid
1374,571416,2025-07-04 14:27:13,200.47,uncollectible
2717006,664752,2025-02-16 11:45:39,81.95,paid
6046308,431648,2025-07-06 14:23:13,120.78,paid
5079670,837734,2025-09-23 22:02:04,1142.17,paid
9312464,561350,2025-01-01 01:37:31,548.01,paid
2418358,869256,2025-10-02 04:28:22,73.63,paid
1393101,540749,2025-01-21 14:44:35,22.35,open
3220790,247268,2025-04-25 09:24:55,514.99,uncollectible
7698836,769811,2025-09-21 14:37:57,1539.92,paid
2618971,991572,2025-09-29 10:37:29,381.16,uncollectible
1290086,746335,2025-08-02 06:03:35,48.36,open
5891141,278077,2025-01-20 11:28:10,244.64,open
8312254,646915,2025-07-20 08:56:02,410.58,paid
4909648,142978,2025-04-12 12:28:37,227.73,paid
9501185,544253,2025-07-18 11:05:58,137.63,paid
1045896,651891,2025-05-05 08:20:33,12791.42,paid
7624797,152728,2025-08-11 09:02:06,9570.13,paid
1213860,181156,2025-08-09 12:06:35,450.56,paid
3041886,983167,2025-12-23 13:15:23,1002.98,paid
3324672,416815,2025-05-21 08:56:57,552.54,paid
4666688,480190,2025-07-13 09:11:33,36.29,paid
106819,567817,2025-08-16 11:04:58,43.27,paid
4663162,631003,2025-07-05 18:54:49,287.28,paid
2013669,398032,2025-09-22 16:30:08,37.48,paid
3604,102220,2025-07-22 17:24:10,279.06,paid
3792446,430826,2025-09-08 13:48:11,3999.89,paid
6514267,852560,2025-11-17 18:28:23,705.33,open
1537300,989157,2025-01-08 10:55:04,95.22,paid
7503364,205373,2025-08-13 08:12:44,1412.13,paid
6483762,724555,2025-09-29 14:55:10,48.16,paid
1926859,125160,2025-09-14 00:34:27,90.18,paid
6595728,465105,2025-03-17 09:44:01,48.78,paid
4994254,352867,2025-02-02 09:55:17,698.47,paid
2429941,890103,2025-06-30 16:01:35,94.8,paid
1042760,261774,2025-06-14 20:57:04,198.68,paid
3117134,634412,2025-07-20 20:53:38,4182.15,paid
4018582,870519,2025-05-04 13:53:09,22.56,open
1011451,672009,2025-11-12 11:27:27,1148.0,paid
6024909,166599,2025-07-29 11:38:50,740.89,paid
9644870,181156,2025-02-15 09:57:48,437.21,paid
6537698,899547,2025-12-01 07:38:41,345.45,uncollectible
5125701,870377,2025-05-21 16:26:39,36.56,paid
926726,890103,2025-06-13 14:00:39,95.72,paid
1081569,530957,2025-08-03 03:44:55,195.04,open
9240159,359105,2025-03-12 13:32:06,719.54,uncollectible
5047409,735377,2025-06-02 11:57:22,22.21,paid
8336721,488457,2025-10-01 06:13:50,76.57,open
5984026,687117,2025-11-17 12:17:52,47.3,paid
8073165,511470,2025-11-04 03:33:29,3727.09,paid
478016,393626,2025-11-01 10:00:04,649.93,open
9750192,262565,2025-04-03 12:19:55,569.88,paid
9562601,992844,2025-08-11 15:11:49,282.14,paid
7400572,499701,2025-07-10 12:45:39,265.4,void
1935371,313943,2025-10-17 02:37:18,1003.72,paid
6452260,838808,2025-12-10 19:21:31,827.52,open
8287680,169258,2025-02-09 13:12:26,575.1,paid
6527046,704625,2025-05-09 15:34:10,596.93,paid
4518762,581789,2025-11-01 17:43:58,136.04,open
9159017,209127,2025-12-03 15:24:31,1961.81,paid
4386549,790364,2025-10-18 11:06:33,203.49,paid
1963157,554320,2025-05-26 14:05:22,3278.69,paid
4015693,914996,2025-10-17 09:40:12,784.04,paid
3725954,428057,2025-12-16 08:49:38,50.68,paid
9163564,400628,2025-04-14 17:33:52,40.45,paid
7906152,166599,2025-01-28 14:00:22,658.03,paid
4188045,754948,2025-11-12 16:06:03,2838.63,paid
8842855,487420,2025-08-16 12:08:39,565.51,paid
2857635,474120,2025-04-19 00:12:16,582.97,paid
620673,713866,2025-12-01 10:44:25,677.09,paid
4455584,516478,2025-08-03 12:19:07,37.46,paid
9868334,820426,2025-05-07 11:45:12,61.12,uncollectible
4469708,649882,2025-10-08 11:12:22,80.97,paid
6700957,285164,2025-12-22 10:43:33,88.22,paid
2262568,498584,2025-09-25 16:26:11,75.75,paid
350788,696918,2025-03-30 13:25:07,325.03,paid
1667709,265516,2025-12-23 15:02:20,152.06,paid
1288912,295860,2025-09-23 08:22:56,75.61,open
959666,181156,2025-08-11 07:47:11,485.43,paid
2374134,540115,2025-03-17 09:07:56,859.78,paid
3239311,679825,2025-11-11 15:03:54,3445.6,paid
6602582,479390,2025-03-26 09:24:35,35.83,paid
7259345,401402,2025-11-04 15:38:41,230.42,paid
9165679,516677,2025-08-24 19:29:09,251.12,paid
2853628,893066,2025-04-13 23:00:11,88.15,paid
1593544,205373,2025-08-17 15:22:44,1445.7,paid
6710657,676603,2025-06-14 09:37:58,275.91,paid
5303806,701732,2025-12-24 12:40:55,32.5,paid
495029,155975,2025-08-23 08:38:29,794.11,paid
2596073,378702,2025-04-10 14:14:08,71.92,paid
8285549,831303,2025-03-19 18:48:00,231.62,paid
646478,135223,2025-11-27 10:02:40,69.09,paid
2321024,618152,2025-08-30 03:04:23,1654.57,paid
880359,725268,2025-07-05 16:42:46,250.4,paid
1647215,309198,2025-05-26 18:30:54,36.42,paid
1061847,566579,2025-07-19 12:18:57,2528.14,paid
7983446,599502,2025-09-30 15:59:36,60.41,paid
322779,249013,2025-05-18 21:20:19,4845.5,paid
7294410,136409,2025-09-20 11:31:31,84.05,paid
413817,713834,2025-02-27 18:20:22,46.7,paid
8021082,228499,2025-06-04 14:35:39,36.87,paid
376129,843432,2025-06-19 13:57:15,24.03,paid
1010450,671372,2025-08-05 16:58:14,62.58,paid
7147984,314615,2025-03-13 14:55:06,65.98,paid
9586684,450199,2025-10-24 09:38:05,95.23,paid
8150564,604126,2025-12-26 12:38:30,45.25,paid
8608956,392724,2025-06-28 15:11:57,375.41,paid
2488349,139085,2025-12-17 17:34:38,35.73,paid
6696016,654271,2025-12-15 08:54:44,556.72,paid
449554,501273,2025-10-02 14:04:20,61.79,paid
2864025,543184,2025-02-18 17:54:33,51.13,paid
28688,620640,2025-05-14 07:16:14,497.11,paid
7085282,686652,2025-02-01 20:40:29,66.8,paid
1380462,629593,2025-07-01 13:46:08,2500.68,paid
3374996,617749,2025-12-15 21:16:13,86.62,paid
1874750,917801,2025-09-29 13:59:24,3661.33,paid
2376172,687117,2025-11-20 14:54:59,47.58,paid
590863,147538,2025-01-26 12:36:18,64.49,paid
2993906,457669,2025-04-27 13:35:48,27604.03,paid
7551878,175177,2025-10-23 17:53:52,33.82,paid
5009225,807582,2025-01-11 09:33:55,346.7,paid
2598162,196472,2025-04-30 07:26:55,525.8,paid
8210777,784693,2025-05-01 08:57:45,266.53,paid
235048,176599,2025-07-21 13:45:30,61.7,paid
9839040,591895,2025-07-16 08:15:28,112.45,paid
9667799,265516,2025-09-27 10:17:23,157.8,paid
4084164,535256,2025-07-10 07:23:18,536.89,paid
1275152,791336,2025-04-27 13:52:44,468.2,paid
4566407,892300,2025-12-11 23:10:08,796.18,paid
8732278,400614,2025-09-23 06:40:43,88.78,paid
2129566,870241,2025-09-07 15:53:43,35.7,open
4500058,909042,2025-02-07 10:35:45,52.12,paid
7569239,517368,2025-06-30 15:12:05,4888.6,paid
6467300,907406,2025-12-24 07:54:30,35.09,paid
201233,892691,2025-10-31 11:23:33,452.47,paid
4336657,318162,2025-01-22 16:13:54,238.58,paid
3761150,391958,2025-03-07 09:57:14,35.38,paid
710943,315012,2025-07-26 13:28:48,3430.69,paid
3395554,317879,2025-09-26 13:08:31,65.13,paid
3880633,248669,2025-05-25 14:45:52,112.21,uncollectible
6306580,768839,2025-07-14 22:33:15,11.72,paid
5085669,832087,2025-06-18 13:55:43,327.74,void
759141,557985,2025-12-12 20:32:43,45.02,paid
4434923,654271,2025-01-30 07:49:49,543.05,paid
7611848,351485,2025-05-28 14:37:23,13.06,paid
4851668,357563,2025-03-08 19:41:50,186.85,paid
265502,164239,2025-03-19 09:53:32,37.65,paid
9909774,872833,2025-09-17 12:34:53,36.45,paid
9162654,757526,2025-03-18 09:09:49,44.62,paid
2181081,304962,2025-09-13 06:28:50,5927.93,paid
5003089,235164,2025-02-19 15:09:49,1368.96,paid
4653724,785078,2025-10-06 18:04:26,68.04,paid
7528424,112840,2025-12-05 16:13:58,49.12,paid
3462199,754948,2025-03-28 04:39:02,3211.02,paid
3950725,164080,2025-03-14 09:06:49,60.15,paid
7177808,212090,2025-04-25 14:18:43,841.33,paid
2572138,353158,2025-07-29 08:50:33,1781.19,paid
4626938,179746,2025-04-18 11:44:54,34.01,paid
1832790,381513,2025-08-08 13:31:18,39.53,paid
2720041,535256,2025-02-10 13:16:42,493.69,paid
1302616,172596,2025-08-30 15:02:00,314.71,paid
5266991,741646,2025-11-30 16:06:59,821.92,paid
1202828,466834,2025-10-13 15:09:11,718.56,paid
3408280,662010,2025-06-24 23:04:28,49.78,open
9726655,176590,2025-11-02 08:17:09,39.39,paid
7973932,723271,2025-08-20 17:18:28,549.5,paid
5117277,621112,2025-07-06 13:37:49,4949.98,paid
608024,921303,2025-01-03 08:53:03,530.67,paid
5596211,796619,2025-07-30 11:17:32,466.11,void
5238563,961788,2025-04-13 15:09:03,33.71,paid
1526096,520785,2025-08-12 14:39:22,36.82,paid
49670,739213,2025-03-10 05:30:16,77.47,paid
3313756,731867,2025-07-20 13:35:40,730.09,paid
4329883,662010,2025-06-01 10:37:16,44.9,paid
7113508,262644,2025-10-16 08:07:22,1183.87,paid
9076903,686117,2025-03-26 11:11:12,85.27,paid
2139373,875061,2025-06-21 07:55:54,105.93,paid
9344366,519323,2025-11-07 11:34:38,36.05,paid
1077074,212090,2025-10-28 08:07:57,850.9,paid
4895125,189198,2025-01-27 16:40:30,11.25,paid
9888796,263552,2025-08-17 19:35:24,34.33,paid
5580305,196541,2025-03-28 17:10:33,38.87,paid
7374840,854166,2025-06-28 12:58:20,517.69,paid
7452187,621013,2025-12-25 15:09:41,39.81,paid
1601150,649261,2025-03-12 06:37:11,521.46,paid
9242320,352867,2025-09-25 10:21:35,775.94,paid
2204272,282693,2025-03-05 15:40:42,34.32,paid
9964337,174373,2025-09-07 10:00:31,461.9,paid
4652076,352867,2025-05-21 13:16:32,769.8,paid
6908142,125807,2025-06-07 05:35:11,574.95,paid
2818965,930786,2025-07-27 12:14:59,553.4,paid
7357336,929449,2025-09-09 20:17:52,905.54,paid
5670579,170902,2025-01-18 12:12:46,37.58,paid
114916,665391,2025-02-23 17:33:15,21.88,paid
774552,133896,2025-08-08 20:23:13,2559.26,open
328283,156588,2025-01-11 17:27:25,294.0,paid
5707805,156588,2025-08-08 06:55:03,290.06,paid
8304951,281254,2025-09-02 14:02:09,356.36,paid
7470712,646333,2025-06-22 07:33:54,59.81,paid
3384619,999282,2025-09-02 17:08:25,38.75,paid
5476088,631589,2025-05-30 09:45:40,537.66,paid
6008412,901602,2025-03-01 08:16:41,955.76,paid
1527413,782825,2025-02-24 18:51:50,7184.17,paid
3505536,108657,2025-07-09 11:11:32,646.93,paid
5029284,597040,2025-05-11 18:53:55,70.69,paid
8325077,975237,2025-11-06 10:53:48,449.81,paid
2422367,529391,2025-07-14 10:32:24,36.33,paid
635983,893066,2025-06-08 20:21:39,81.22,void
7446665,479649,2025-02-10 18:23:47,52.7,paid
8146452,377997,2025-01-31 11:34:35,287.21,paid
8104886,668250,2025-08-23 10:34:25,4150.39,paid
7585511,335302,2025-08-31 09:00:03,23.99,paid
9576551,217404,2025-07-06 08:28:59,42.7,paid
8332570,164239,2025-11-15 14:25:47,31.8,void
7914574,515850,2025-08-07 08:05:43,63.31,paid
5053337,436439,2025-02-25 00:48:05,32.57,paid
3541199,227254,2025-09-15 17:56:40,69.15,paid
4553226,694103,2025-04-30 12:32:18,38.18,paid
1815278,908690,2025-02-18 20:40:39,931.96,paid
5141502,365756,2025-08-12 12:02:26,45.47,paid
2620172,289034,2025-01-06 15:13:08,95.4,paid
2896748,441439,2025-04-01 15:54:33,70.58,paid
4795938,519899,2025-12-13 16:29:43,36.25,paid
1838152,881378,2025-09-24 13:42:24,11.08,paid
2800730,209680,2025-02-01 11:07:54,36.9,paid
1449216,492564,2025-11-22 08:41:09,358.99,open
8949527,216864,2025-09-03 10:25:36,23.65,paid
4757113,863793,2025-02-12 09:52:46,96.73,open
254678,511470,2025-03-17 17:00:39,4214.81,paid
372090,876153,2025-08-06 13:57:55,56.64,open
7201701,228280,2025-02-27 05:54:03,651.44,paid
4833474,282947,2025-09-27 13:59:14,63.9,paid
1447658,988431,2025-11-11 09:29:36,33.16,paid
2204031,244208,2025-11-20 19:43:07,33.27,paid
452158,145787,2025-03-12 11:51:46,705.88,paid
4466641,177341,2025-04-29 10:17:59,118.95,uncollectible
3633284,141893,2025-09-11 10:49:12,63.5,paid
6758707,201117,2025-03-25 11:27:41,735.58,paid
2292268,716836,2025-04-30 10:47:01,103.14,paid
3827282,989345,2025-07-10 07:22:58,172.83,uncollectible
7060128,732615,2025-05-08 13:38:32,48.52,paid
6018839,260951,2025-09-26 06:03:34,2796.22,paid
1413661,365660,2025-07-08 08:54:34,331.03,paid
8651801,133243,2025-10-26 02:34:28,22.58,paid
6719410,404963,2025-12-04 14:18:07,540.44,paid
860414,723768,2025-07-26 10:24:15,396.12,paid
2052020,209357,2025-09-09 19:17:56,36.0,paid
2591827,610566,2025-05-11 15:25:32,303.94,paid
5626062,523028,2025-07-25 08:11:39,55.58,paid
6034226,669720,2025-09-14 03:41:02,5409.98,paid
1103755,295860,2025-12-17 06:30:40,72.4,open
3172228,822666,2025-07-03 16:51:05,661.87,paid
3939915,909042,2025-10-01 13:04:31,47.23,paid
7792632,574768,2025-09-17 12:46:07,838.54,paid
8813584,651612,2025-05-10 13:04:21,65.37,paid
8543667,486520,2025-08-15 13:59:37,38.15,paid
8701949,979522,2025-12-17 14:27:41,75.75,paid
7828811,631589,2025-07-01 15:39:09,495.28,paid
5635196,741178,2025-09-23 17:56:01,474.8,paid
6746455,691462,2025-10-09 19:58:18,120.01,paid
2490291,119546,2025-02-20 17:14:55,76.35,paid
3337198,597746,2025-04-23 12:44:51,76.17,paid
8755811,488220,2025-05-25 10:08:49,234.44,paid
7589798,363319,2025-10-04 20:11:06,39.72,paid
4040908,676603,2025-06-01 13:13:54,248.71,open
1017727,646309,2025-09-30 15:49:15,352.05,paid
3669199,259373,2025-09-02 14:42:18,71.45,paid
1637162,218019,2025-09-21 07:52:19,68.47,void
8597108,561622,2025-03-10 14:12:49,38.02,void
4858569,301501,2025-11-25 17:53:52,728.67,paid
3512138,283866,2025-03-21 14:46:09,3191.08,void
9896980,556047,2025-12-10 15:20:27,843.31,open
786192,248669,2025-11-13 07:08:06,108.53,paid
8072149,280156,2025-01-09 21:08:50,779.39,paid
7300362,617749,2025-09-07 09:16:44,87.21,open
6325209,122331,2025-08-18 16:41:21,36.19,paid
9911847,572896,2025-05-26 04:14:35,50.42,open
118812,725268,2025-12-17 16:12:08,274.25,paid
1391836,145787,2025-04-23 08:23:52,644.73,paid
7121709,575421,2025-09-12 18:48:20,99.69,paid
9866903,247268,2025-11-04 13:56:55,478.08,paid
7235335,145787,2025-05-28 13:29:21,595.08,paid
3851634,540382,2025-07-07 08:49:09,527.88,paid
7324760,230161,2025-08-16 15:39:08,488.26,paid
1691282,448227,2025-06-20 09:51:52,803.69,paid
7173812,511241,2025-09-23 10:44:32,101.82,paid
6897392,228280,2025-11-05 11:46:20,637.51,paid
6650107,563394,2025-06-24 05:16:30,805.3,paid
3706731,828822,2025-07-17 13:42:47,3669.45,paid
5636884,697314,2025-03-01 15:35:02,396.51,paid
9062314,115359,2025-03-19 14:39:34,37.44,paid
6637255,194356,2025-08-23 16:01:14,36.37,paid
6701975,269555,2025-01-31 08:36:38,245.11,paid
8892025,847537,2025-10-27 09:50:31,15937.02,paid
2861327,726509,2025-08-25 10:46:10,86.13,paid
7818149,206528,2025-09-12 08:50:27,90.84,paid
9940486,975101,2025-05-06 09:53:47,58.76,paid
4043887,917868,2025-09-24 02:46:16,79.47,paid
3144478,431648,2025-07-06 11:38:54,121.69,paid
1094685,289993,2025-11-02 08:12:13,529.57,void
5531778,912127,2025-07-06 17:27:53,1760.06,paid
3456896,549976,2025-06-24 07:43:25,1919.51,paid
8420266,435506,2025-03-30 15:58:59,487.76,paid
5959208,736270,2025-01-30 18:51:23,5314.36,paid
4207701,462096,2025-10-23 09:13:14,3221.45,paid
3698658,157315,2025-05-31 13:03:48,38.0,paid
6084914,198116,2025-07-22 11:30:32,842.97,paid
8318103,336415,2025-05-17 09:00:10,64.41,paid
2034664,780194,2025-06-16 12:54:06,1180.49,paid
4669543,687763,2025-02-10 13:27:32,432.29,paid
3248679,742518,2025-04-19 11:45:37,859.71,paid
4186990,183180,2025-03-06 19:53:49,353.57,paid
3711361,900536,2025-08-27 16:56:19,52.23,paid
8096316,692337,2025-03-07 20:06:56,578.97,paid
1787224,839821,2025-08-12 17:23:20,593.28,paid
5451139,837734,2025-09-23 14:35:13,1159.94,paid
4926343,186866,2025-04-21 13:29:23,390.69,paid
7281870,583252,2025-02-09 10:36:22,479.81,open
9127116,800274,2025-08-18 11:33:24,601.44,paid
6313179,571416,2025-05-22 04:27:44,204.41,paid
9660019,873654,2025-11-13 18:38:34,3695.91,paid
7505271,679023,2025-11-29 19:10:41,41.44,paid
1763729,575346,2025-08-17 04:49:04,623.15,paid
7827812,485273,2025-02-23 11:31:40,443.23,uncollectible
6821028,561350,2025-01-02 13:05:59,547.27,paid
3564329,201370,2025-04-10 07:01:18,978.86,paid
69623,741178,2025-05-12 13:13:52,452.8,paid
9619600,772806,2025-01-15 13:38:34,84.63,open
9929487,479650,2025-09-22 11:23:01,81.74,paid
3881217,679825,2025-09-18 14:11:17,3098.6,paid
8411665,520785,2025-06-02 14:29:30,37.73,paid
690969,597746,2025-04-23 15:20:39,67.14,paid
3310692,511107,2025-06-16 15:45:09,59.33,paid
4053360,554336,2025-12-11 10:37:34,36.82,paid
6580822,479242,2025-08-28 16:54:07,246.75,paid
4001276,370589,2025-08-19 15:16:12,609.87,paid
9003080,579749,2025-05-22 15:52:49,67.93,paid
3720484,774503,2025-08-09 11:29:55,63.34,uncollectible
746665,664752,2025-10-13 14:49:14,81.34,paid
5544724,124671,2025-05-04 15:12:25,355.83,paid
765566,281254,2025-09-12 10:15:23,324.35,paid
1149863,757620,2025-12-05 11:04:55,17098.39,paid
4619270,687595,2025-12-26 03:52:28,1870.99,paid
5582741,211963,2025-08-14 21:03:49,459.68,paid
7302273,600806,2025-04-21 06:25:52,74.95,paid
7309145,415716,2025-10-15 14:42:48,35.95,paid
116863,515850,2025-02-07 17:59:37,62.0,paid
2767048,731867,2025-08-14 10:44:29,748.24,paid
3917886,583252,2025-01-15 13:12:24,458.3,paid
5323646,236391,2025-08-10 21:02:55,3872.8,paid
4038208,462638,2025-09-19 09:57:06,6352.82,paid
9374014,599502,2025-05-16 13:14:25,67.67,paid
4335581,157411,2025-01-21 07:56:58,5066.16,paid
236916,341901,2025-01-29 18:26:16,77.35,paid
5444708,147538,2025-03-01 09:05:01,61.98,paid
7785191,889010,2025-06-25 12:53:07,231.35,paid
7060848,516677,2025-08-24 18:24:16,265.86,paid
3908136,148986,2025-11-05 16:13:06,180.36,paid
5739473,347163,2025-10-30 18:37:09,283.34,void
4930429,661816,2025-01-22 17:31:19,376.92,paid
2612583,956011,2025-12-30 11:53:57,395.98,paid
478959,415716,2025-03-15 13:23:56,36.72,paid
5509543,790366,2025-07-03 15:14:49,35.34,paid
8919453,881378,2025-03-10 12:48:22,12.66,paid
649363,631393,2025-10-22 11:21:31,38.68,paid
7712134,294902,2025-05-06 08:18:07,687.59,paid
9054279,540382,2025-06-03 03:01:12,447.33,paid
5056385,349808,2025-03-12 14:23:51,395.63,paid
8176446,696918,2025-03-04 13:13:43,312.71,paid
1272541,240194,2025-07-22 07:49:47,108.61,paid
8080577,433844,2025-10-11 09:31:02,34.81,uncollectible
2927329,961918,2025-11-21 07:43:08,51.09,paid
5342372,450199,2025-05-09 20:07:55,106.34,paid
7277040,335302,2025-03-15 07:32:32,23.89,paid
3795776,858507,2025-06-06 16:49:59,2361.21,paid
5885806,865765,2025-09-24 20:53:43,117.37,paid
424747,509193,2025-01-04 09:24:56,3774.06,paid
3066965,679023,2025-02-19 10:44:42,32.93,paid
369870,969783,2025-08-15 16:16:06,592.91,paid
1046927,789095,2025-07-07 14:33:03,70.04,paid
8993497,631096,2025-08-18 14:34:33,37.52,paid
7267541,290620,2025-01-11 09:19:02,81.72,paid
3833629,644079,2025-01-24 16:38:48,371.44,paid
8642077,806501,2025-12-10 11:39:53,461.94,paid
2141217,954668,2025-08-05 16:58:00,436.9,paid
1919002,177341,2025-05-25 08:12:54,118.18,paid
9077498,679810,2025-03-30 09:15:00,545.35,open
1012003,574470,2025-06-07 10:13:32,445.5,paid
3374422,975101,2025-03-01 08:22:59,61.6,paid
4002463,441439,2025-10-12 11:15:26,72.55,paid
3683478,916616,2025-06-11 10:29:06,1101.44,paid
1719523,831303,2025-11-12 11:10:35,203.84,paid
9504859,708315,2025-01-16 06:56:53,37.83,paid
3867770,629593,2025-06-05 10:44:47,2532.71,paid
532273,911267,2025-07-30 16:53:24,2612.43,paid
7035952,498799,2025-10-22 08:37:53,472.01,paid
4870997,380284,2025-08-29 15:41:26,5561.06,paid
759322,526874,2025-01-27 13:44:04,1012.79,paid
8071642,468400,2025-01-23 12:55:31,5126.99,paid
5973237,790364,2025-07-18 19:09:13,191.48,paid
7221046,706802,2025-06-23 17:58:15,632.81,paid
2518445,700348,2025-10-27 06:58:23,45.52,paid
1530759,873644,2025-04-10 10:28:46,379.29,paid
1946543,929449,2025-03-04 13:32:03,914.69,paid
8222900,674609,2025-08-11 07:01:19,68.94,paid
4931330,302066,2025-03-17 12:56:22,81.56,open
6117520,885767,2025-05-04 16:22:35,300.45,paid
3641019,290620,2025-03-06 11:37:38,71.13,paid
601242,250089,2025-12-20 15:35:32,35.52,paid
6199487,751178,2025-05-13 18:26:31,2052.34,paid
1768729,481021,2025-11-14 09:32:53,24.55,paid
1457038,115359,2025-01-21 14:12:48,36.95,paid
901112,925203,2025-04-02 22:25:23,35.01,paid
2524976,288393,2025-05-14 09:54:51,387.23,open
7675947,248358,2025-09-03 19:30:24,534.37,paid
7262692,566579,2025-06-06 13:34:34,2340.12,paid
2843834,378702,2025-09-18 15:10:35,66.83,paid
5605560,731506,2025-06-27 10:44:30,11.34,paid
8372570,704441,2025-08-21 11:42:03,799.78,paid
2091758,820834,2025-09-23 16:24:31,651.08,paid
1567234,451238,2025-11-20 14:36:36,852.87,paid
3289636,899024,2025-07-10 19:05:11,65.29,paid
2187893,676397,2025-11-08 08:13:32,1223.39,paid
93281,190126,2025-02-09 07:22:18,59.41,paid
4788258,533010,2025-08-31 09:27:46,262.35,paid
7866829,907406,2025-11-28 12:50:57,37.98,open
3024455,662023,2025-12-30 15:08:39,114.01,void
7585040,823165,2025-07-08 09:34:03,71.28,paid
3601276,668059,2025-03-26 18:06:25,62.99,paid
7703994,839821,2025-08-13 00:58:43,620.38,paid
3788533,376354,2025-07-02 13:58:01,84.86,paid
6206303,606408,2025-07-31 17:50:56,36.8,paid
6657195,894894,2025-03-21 07:15:50,483.01,paid
880379,179049,2025-10-20 13:30:12,343.66,paid
5751855,118279,2025-04-20 12:27:42,576.63,paid
9028731,412093,2025-02-22 14:09:33,36.74,paid
9165750,493447,2025-04-30 12:53:42,2267.06,paid
4419684,350292,2025-11-14 18:10:44,105.14,paid
7174251,372638,2025-07-03 09:34:03,38.36,paid
2581247,557850,2025-09-27 11:57:58,4632.84,paid
6241418,237614,2025-10-14 08:02:33,570.35,paid
7289390,660322,2025-04-06 16:59:20,510.94,paid
4825487,504630,2025-07-25 01:09:16,283.21,paid
3267443,604126,2025-06-22 06:34:14,51.62,uncollectible
9327233,909740,2025-06-13 05:59:28,234.57,paid
1857058,636784,2025-10-17 08:54:47,478.95,paid
2410619,221718,2025-05-20 00:58:40,51.6,paid
1703499,592265,2025-09-25 01:53:42,64.45,paid
526502,468400,2025-04-12 11:29:34,4482.21,paid
2980366,435261,2025-06-26 12:17:47,985.03,paid
7452944,295334,2025-07-19 21:33:33,524.91,paid
570353,516677,2025-08-25 08:42:34,250.33,paid
5182184,467235,2025-11-26 14:17:05,88.18,paid
3504439,948864,2025-11-18 20:08:09,539.75,open
2906811,141893,2025-11-03 12:30:32,62.6,paid
8017433,359178,2025-08-31 15:01:00,445.5,paid
7004540,515718,2025-10-18 09:15:45,417.53,paid
3328904,469600,2025-06-22 07:25:31,677.81,paid
9403785,750386,2025-09-05 06:14:28,44.24,paid
4938565,717660,2025-12-23 14:01:27,82.52,paid
5465735,729870,2025-10-14 12:34:44,222.73,paid
265333,692735,2025-03-17 19:47:49,102.97,paid
5145523,142057,2025-08-07 16:01:36,449.51,paid
7358941,196472,2025-06-04 08:57:11,515.0,paid
994634,970778,2025-02-14 12:23:42,590.81,void
5291030,676603,2025-05-31 13:38:35,269.59,paid
7017289,537263,2025-11-02 14:07:52,707.39,paid
211608,663857,2025-02-01 22:47:29,2505.18,paid
6673081,294902,2025-03-11 10:31:03,647.23,paid
4944996,196541,2025-04-17 14:46:27,39.23,paid
9162824,620725,2025-08-26 18:01:29,48.68,paid
6313094,225784,2025-08-23 15:25:33,4838.6,paid
963935,304212,2025-04-01 11:44:56,82.32,paid
9622731,695829,2025-02-10 11:53:48,45.43,paid
7626063,145787,2025-01-18 10:49:14,646.45,paid
248278,572896,2025-07-03 13:51:03,52.04,paid
545612,260951,2025-10-30 04:47:55,2952.73,void
6478107,241116,2025-11-15 11:44:08,47.38,open
1700525,689717,2025-08-13 14:21:51,46.16,paid
301634,802565,2025-09-21 12:32:09,3129.48,paid
133602,550912,2025-06-18 15:46:07,62.57,paid
6884018,870519,2025-06-03 08:26:27,22.3,paid
4966033,285164,2025-12-29 16:46:46,81.07,paid
2884823,670699,2025-02-17 15:50:15,722.05,open
3500299,216067,2025-12-18 15:03:55,348.2,paid
5040645,269728,2025-10-26 09:48:52,3570.05,paid
6778785,980971,2025-09-30 07:42:40,490.15,paid
1378986,550331,2025-05-21 15:32:19,69.59,paid
1873877,765110,2025-06-28 03:03:57,34.03,paid
8929691,444827,2025-06-14 15:42:21,36.89,paid
3670605,604137,2025-11-07 18:40:51,60.49,paid
651038,889010,2025-06-27 15:31:25,245.59,paid
8785557,556479,2025-04-01 14:45:25,74.92,paid
24099,684083,2025-10-28 08:23:18,47.77,paid
1299012,517173,2025-01-20 12:59:36,205.71,paid
6989314,197488,2025-03-20 19:04:13,401.65,paid
178696,517368,2025-02-17 13:30:47,4456.95,paid
1046941,174373,2025-11-23 14:51:01,404.6,paid
7150473,141134,2025-09-13 11:34:59,69.54,paid
3185145,133896,2025-04-23 11:24:17,2685.7,paid
97056,259726,2025-03-19 09:46:35,47.88,paid
7450767,423101,2025-10-12 13:44:54,4493.06,paid
3379673,735377,2025-02-22 15:16:30,23.77,paid
4527626,800274,2025-01-20 10:56:06,694.62,paid
8203654,741646,2025-02-06 20:27:27,721.13,paid
1618224,430826,2025-09-08 11:15:14,4645.2,paid
996403,253221,2025-05-31 13:51:30,120.47,paid
7724326,417896,2025-08-28 17:16:13,545.3,paid
5249103,952233,2025-09-09 10:04:00,579.05,paid
4116715,631003,2025-01-15 08:54:03,330.7,paid
7145037,985138,2025-01-03 02:38:10,2156.38,paid
7781507,805850,2025-06-05 12:27:39,410.67,paid
2666551,663857,2025-07-22 12:56:21,2487.61,paid
4930843,818654,2025-02-28 13:08:23,96.15,paid
2652479,571416,2025-03-30 14:19:47,204.08,paid
8084795,556047,2025-03-31 08:06:57,745.55,paid
3318261,395913,2025-07-22 10:37:35,366.45,paid
2672838,209357,2025-09-11 03:59:20,40.28,void
9525214,558167,2025-11-06 06:08:58,1907.11,paid
9384784,296755,2025-08-28 11:30:11,130.24,paid
5085695,190126,2025-01-31 12:34:38,61.64,paid
2934206,675863,2025-10-13 10:03:15,425.83,paid
6941234,700348,2025-10-06 09:20:49,48.03,paid
2977183,141893,2025-03-17 17:52:22,57.13,paid
2349547,742562,2025-10-29 07:03:26,1672.62,open
3986137,750386,2025-11-22 11:31:49,49.28,paid
6045665,362499,2025-05-30 11:16:34,558.08,paid
1143738,847327,2025-02-14 14:57:29,869.76,paid
9195643,440806,2025-06-02 15:41:27,23.63,paid
8971926,477382,2025-03-21 15:22:57,650.48,paid
3610777,368540,2025-04-17 14:15:12,77.33,paid
4813276,265516,2025-11-19 12:58:25,146.55,open
1904265,892691,2025-07-30 10:18:01,472.75,paid
3705930,353738,2025-12-21 17:39:27,825.46,paid
1323293,727732,2025-05-23 14:09:46,51.02,paid
5939229,540233,2025-04-26 15:56:13,21.84,paid
7878454,298901,2025-11-24 06:18:21,61.48,paid
5457130,265989,2025-04-30 09:06:33,43.07,paid
8936685,140197,2025-08-11 15:51:24,1581.57,paid
7191468,858842,2025-10-11 12:04:53,405.34,paid
6369231,511107,2025-06-29 15:32:34,51.92,paid
1595908,551545,2025-10-31 14:01:37,33.18,paid
2541080,943223,2025-10-20 08:46:47,416.76,open
5620030,663216,2025-04-05 09:45:19,393.29,paid
3501071,615864,2025-02-10 10:29:24,629.24,paid
4842676,693667,2025-11-23 10:25:48,536.93,paid
2216506,535256,2025-03-26 12:39:12,475.06,paid
8641358,909740,2025-03-21 16:33:39,242.01,paid
2033701,213004,2025-12-27 07:27:44,83.51,paid
2036205,668059,2025-12-03 13:51:28,59.5,void
171204,445138,2025-06-19 16:09:10,137.2,paid
4209836,298652,2025-03-03 09:42:09,668.13,paid
8782977,526700,2025-05-05 10:54:19,56.56,paid
677564,232216,2025-10-21 13:26:37,34.02,open
7965170,751207,2025-04-06 11:50:14,45.25,paid
2735347,368540,2025-04-07 12:27:27,65.01,void
7023330,613449,2025-04-01 18:55:21,219.25,paid
4182039,356856,2025-12-14 07:58:02,85.51,paid
5359273,970221,2025-12-28 12:35:13,50.91,paid
5657132,357563,2025-12-26 15:38:19,194.08,paid
5915356,973361,2025-11-25 06:02:43,357.44,paid
9418089,992844,2025-03-28 16:42:07,292.23,paid
719880,693331,2025-09-26 16:49:26,34.93,paid
2998206,768839,2025-09-24 10:49:22,11.39,paid
947847,653379,2025-01-10 14:08:54,301.18,paid
296143,741646,2025-08-03 16:59:50,742.03,open
6263601,467325,2025-11-19 10:14:18,192.3,paid
9428420,775589,2025-06-19 07:01:54,776.77,paid
1523103,267533,2025-05-31 13:50:16,895.75,paid
2277979,157411,2025-03-27 11:51:23,4812.75,paid
9268306,366471,2025-07-13 03:06:43,473.83,void
6374616,477382,2025-04-17 10:22:49,654.99,paid
1893576,865765,2025-03-10 18:51:44,117.42,paid
1796348,753247,2025-07-28 20:23:51,680.11,paid
5928436,486520,2025-10-09 11:49:00,39.19,paid
7218339,989157,2025-09-20 18:45:53,101.06,open
3968434,910761,2025-05-26 07:22:58,3132.05,paid
3823487,333840,2025-04-21 15:49:58,3264.66,paid
5456291,603307,2025-04-19 09:07:32,34.03,paid
1488749,501273,2025-03-18 08:48:06,58.88,paid
1494301,513019,2025-12-03 08:12:22,224.08,paid
1396190,417940,2025-05-14 18:03:15,75.58,paid
6715405,260118,2025-07-18 16:29:09,3609.26,paid
2480529,749734,2025-05-12 14:44:41,64.54,paid
7775624,200323,2025-03-24 16:22:40,127.76,paid
7923155,113010,2025-07-25 13:02:22,63.92,paid
513493,339409,2025-09-21 05:51:43,67.23,paid
430802,260118,2025-08-14 10:30:09,3879.45,paid
5482942,603307,2025-08-05 17:07:59,34.7,paid
8851568,651891,2025-02-06 08:24:29,13070.08,paid
3686754,329586,2025-09-05 14:43:25,563.02,paid
2870190,112414,2025-09-24 13:12:26,34.6,paid
9852168,514217,2025-07-27 17:42:18,787.94,paid
513569,566579,2025-10-22 03:28:54,2200.88,paid
5734721,298901,2025-04-12 07:13:26,56.85,paid
40433,113010,2025-01-18 22:23:30,63.85,paid
4608946,326211,2025-11-07 21:34:45,706.79,paid
7799565,468130,2025-03-22 13:18:18,779.91,paid
2671598,189580,2025-11-11 14:57:13,107.94,paid
8706401,363319,2025-03-28 18:30:41,38.33,paid
9133924,544215,2025-10-16 11:51:59,641.63,paid
8312136,799789,2025-11-17 10:07:47,84.3,paid
9206342,732615,2025-07-24 14:56:17,49.44,paid
3292429,558918,2025-04-16 19:51:31,770.73,paid
2054935,200830,2025-02-28 11:21:07,521.9,paid
2015558,761986,2025-03-02 09:27:48,3553.84,paid
1788392,155872,2025-06-24 17:55:10,647.58,paid
2107697,876324,2025-12-03 17:11:54,2078.8,paid
3784391,282947,2025-04-09 15:03:13,59.63,paid
2833233,805099,2025-07-12 04:17:29,35.29,open
6444717,870010,2025-05-27 17:26:12,251.73,paid
8561168,468400,2025-01-05 08:20:26,5052.56,open
2955280,679825,2025-03-20 10:13:09,3099.29,paid
6270436,194570,2025-10-18 16:44:52,37.42,paid
6082433,435261,2025-10-30 02:50:56,938.48,paid
2195869,232159,2025-10-17 11:39:42,3029.66,paid
2946117,769395,2025-07-19 11:16:26,64.57,paid
2369135,321951,2025-08-21 23:34:30,37.37,paid
9068992,553479,2025-12-01 13:26:14,3409.11,paid
5005673,435261,2025-04-16 13:34:57,949.06,paid
4398995,845929,2025-05-07 12:55:52,48.98,paid
7070218,621013,2025-09-25 15:18:49,37.41,paid
4807899,761571,2025-06-30 21:48:35,56.29,paid
6208618,651612,2025-10-16 15:17:11,60.25,paid
4338541,740262,2025-06-16 12:01:17,56.57,paid
5867933,597040,2025-10-29 13:49:01,67.02,paid
2207755,356856,2025-08-19 12:10:44,77.84,paid
9908782,391164,2025-08-16 12:16:15,25.03,paid
3299290,142057,2025-09-19 16:28:39,413.31,paid
4994841,433844,2025-12-05 12:49:41,34.8,paid
7857909,104172,2025-12-08 14:56:14,24.08,paid
1225283,734042,2025-01-12 10:19:43,59.08,paid
8635829,975689,2025-12-15 18:06:08,397.17,paid
6199231,704101,2025-03-08 15:06:46,788.76,paid
9626546,508782,2025-07-04 13:36:44,70.48,paid
3059674,634412,2025-09-03 10:46:32,4029.31,paid
7600212,430826,2025-10-01 15:23:59,4622.25,paid
2041378,558269,2025-02-16 02:23:51,14884.29,paid
8268503,527428,2025-08-22 09:43:39,5410.36,paid
4907251,700790,2025-10-01 14:13:28,47.64,paid
7870602,435261,2025-06-23 17:31:33,1118.38,paid
5575615,951176,2025-09-09 18:23:53,89.06,paid
591909,377997,2025-10-15 16:25:32,261.64,paid
4551709,558918,2025-01-08 15:15:16,890.61,paid
2031715,631096,2025-12-03 15:30:51,37.28,paid
2885207,830784,2025-08-07 13:32:46,549.47,paid
9157391,290620,2025-12-10 12:12:45,86.54,paid
7407895,362956,2025-11-28 05:20:43,48.83,paid
2400586,259984,2025-10-18 08:04:11,1832.62,paid
2685412,110911,2025-11-20 07:06:28,34.45,paid
6048822,277459,2025-05-08 06:01:42,141.38,paid
8410447,499802,2025-05-14 08:24:19,90.07,paid
8254882,872118,2025-07-31 12:45:12,8656.73,paid
7320700,225448,2025-07-26 12:50:03,3433.05,paid
1286320,636784,2025-11-25 16:47:16,473.28,paid
9970822,989157,2025-04-05 16:48:40,110.98,paid
4429034,952105,2025-04-03 10:19:51,606.93,paid
5913871,205373,2025-11-24 06:20:30,1590.08,open
7761611,592265,2025-09-25 00:15:41,58.71,paid
1371783,588070,2025-07-16 15:52:45,263.32,paid
7178792,697314,2025-01-09 11:09:12,444.44,paid
4300084,452461,2025-12-26 16:12:03,567.43,paid
9496403,966960,2025-06-26 11:52:00,761.87,paid
4866851,831303,2025-10-04 09:51:22,230.35,paid
7806082,907406,2025-03-04 09:45:57,35.29,paid
7914534,733368,2025-10-20 14:55:45,40.72,paid
4944592,355983,2025-03-28 16:44:44,252.57,paid
4777985,944315,2025-10-10 09:47:59,1569.52,paid
4995199,790364,2025-08-14 14:38:33,196.43,paid
1309428,631393,2025-11-28 08:56:03,35.12,paid
1581449,280034,2025-12-07 15:21:23,94.56,open
7872988,211963,2025-07-11 13:14:27,418.95,paid
8866018,170008,2025-10-21 09:04:27,2220.52,paid
6768621,952114,2025-08-16 09:42:19,3256.66,open
8109827,821114,2025-08-22 18:14:26,434.82,paid
3647267,862228,2025-08-13 14:14:36,23.99,paid
8981310,361379,2025-12-22 10:45:04,823.34,paid
9733496,105131,2025-10-03 13:53:30,35.26,paid
7635012,460814,2025-06-03 10:18:44,35.14,paid
885056,129145,2025-09-06 17:33:03,720.54,paid
6235522,664655,2025-09-02 08:47:08,69.29,paid
6487666,218565,2025-12-19 06:36:18,52.92,paid
5003995,163603,2025-10-31 14:38:12,37.95,paid
5396984,347163,2025-04-18 06:36:42,283.31,paid
2439571,791336,2025-05-07 14:15:04,510.94,paid
494682,406504,2025-08-27 14:44:52,2852.31,paid
3584627,114128,2025-01-21 10:53:05,35.34,paid
7443520,505397,2025-08-14 10:01:44,98.63,paid
6106682,280156,2025-10-05 10:23:05,734.69,paid
7035741,842629,2025-01-03 09:44:35,463.56,paid
5186434,351475,2025-07-09 13:54:48,87.17,paid
5063714,194570,2025-07-13 13:59:59,37.06,paid
2363239,207018,2025-11-19 15:16:33,37.02,paid
7102758,943757,2025-07-23 06:08:59,435.65,paid
4608310,138819,2025-09-12 11:23:32,68.27,paid
3827719,246475,2025-11-24 09:09:36,89.37,paid
5937366,400628,2025-05-19 10:52:02,33.68,open
3677471,769811,2025-04-15 11:42:12,1500.18,paid
8110833,393542,2025-11-16 16:30:26,34.0,paid
491182,852560,2025-09-24 12:06:55,638.97,paid
3482362,547854,2025-07-01 09:47:21,412.5,paid
9094361,918351,2025-04-11 06:48:58,85.29,paid
3049490,482349,2025-01-22 10:38:52,85.7,paid
381970,383211,2025-05-09 11:38:24,858.6,paid
3364399,805099,2025-08-02 08:31:33,34.86,paid
1749281,662747,2025-07-27 09:05:59,17190.23,paid
8061802,482349,2025-03-11 14:37:53,83.5,paid
7761844,501273,2025-02-22 12:03:44,63.82,open
8075520,444827,2025-04-18 13:53:54,32.91,paid
7960228,150235,2025-02-26 22:31:02,44.7,paid
5495785,600864,2025-04-26 00:05:55,46.79,paid
6107841,314615,2025-01-11 18:03:12,65.91,paid
6563857,651891,2025-05-19 09:37:52,11838.51,paid
2938489,566579,2025-05-06 16:39:07,2424.24,paid
2901959,207113,2025-11-12 13:55:31,124.87,paid
3919639,854467,2025-02-16 10:47:16,799.54,uncollectible
4255054,977420,2025-08-26 16:08:52,25.24,paid
9022289,141134,2025-10-23 10:41:24,66.91,paid
1225668,301353,2025-08-05 18:49:16,71.39,paid
924712,250471,2025-03-15 16:40:03,101.39,paid
3015939,935611,2025-11-29 08:01:53,38.41,paid
9822831,636784,2025-05-15 05:28:48,429.45,paid
3441688,481021,2025-12-09 15:33:17,23.56,paid
7064280,549442,2025-04-27 14:38:19,4097.65,paid
9081506,262565,2025-12-03 09:44:42,540.99,paid
7610655,116787,2025-08-16 18:50:30,341.22,paid
8403131,211956,2025-07-16 07:07:55,277.46,paid
2697496,649261,2025-05-16 19:25:08,548.9,paid
5087515,116626,2025-01-20 10:25:52,3775.45,paid
472882,704101,2025-03-02 17:41:00,659.23,paid
8530543,691462,2025-05-14 18:32:00,127.81,paid
1389100,414766,2025-05-01 17:31:40,58.36,paid
6772481,138819,2025-10-27 10:19:26,68.85,paid
612378,284686,2025-06-14 08:56:16,46.84,paid
5914610,169880,2025-06-12 08:22:01,94.49,paid
747841,139506,2025-05-08 10:27:39,45.3,paid
2878606,869256,2025-02-09 12:13:50,70.11,paid
951697,696918,2025-01-27 09:51:36,281.07,paid
4114122,943757,2025-06-10 11:12:23,389.39,paid
1999991,761571,2025-07-16 18:08:17,55.54,paid
2114240,163603,2025-10-25 08:56:36,39.29,paid
5538157,902628,2025-05-23 09:44:05,3125.78,paid
6735177,765110,2025-11-30 16:41:30,34.14,open
2477189,837734,2025-09-23 09:44:32,1151.56,paid
4635385,810858,2025-04-20 09:34:47,261.77,paid
9398939,807582,2025-10-22 10:29:11,348.53,paid
1190613,355983,2025-07-28 09:12:40,249.59,paid
5552609,742518,2025-05-06 19:14:24,836.1,paid
650680,125160,2025-09-13 15:18:10,82.08,paid
7397671,714944,2025-11-19 21:22:36,778.07,paid
8320916,962615,2025-12-02 14:41:41,758.26,paid
502955,453260,2025-05-28 08:19:48,496.49,paid
8276780,775816,2025-07-14 09:19:22,47.21,paid
6994693,515850,2025-04-21 18:09:58,57.4,paid
5210725,914996,2025-11-08 16:26:38,743.36,paid
3544083,359578,2025-05-05 09:35:46,61.8,paid
6959072,453260,2025-12-21 06:33:38,530.15,paid
6514026,504080,2025-12-15 15:17:27,65.09,paid
4455147,468400,2025-04-01 11:39:50,4891.87,paid
4517109,694103,2025-09-05 17:11:21,37.03,paid
9844935,757526,2025-03-02 10:45:59,47.43,paid
8694731,549442,2025-04-11 11:08:46,3648.44,paid
5938455,717660,2025-05-15 14:45:53,87.53,paid
6199988,649882,2025-11-09 19:02:00,88.53,paid
9213235,475777,2025-08-09 18:06:54,47.83,paid
8408481,820426,2025-05-07 10:39:57,63.99,paid
6981506,196847,2025-07-10 11:09:47,3010.23,paid
9461000,119727,2025-04-11 15:22:36,304.3,paid
6791710,721049,2025-08-26 19:37:46,103.96,paid
4413636,148986,2025-03-21 07:40:15,160.87,paid
9780980,198781,2025-08-02 11:14:13,91.7,paid
1769681,211956,2025-05-17 15:38:32,321.6,paid
2444295,729499,2025-10-06 10:48:45,415.98,paid
2487115,544253,2025-07-20 01:37:42,142.29,paid
7730541,294902,2025-12-03 18:44:30,625.11,paid
9783429,252591,2025-04-19 13:27:28,457.89,paid
8019431,465105,2025-11-09 09:21:39,44.62,paid
9804502,676881,2025-09-02 18:01:17,38.12,paid
4362673,564516,2025-10-29 08:22:05,626.64,paid
5968874,863793,2025-12-30 07:11:51,103.16,paid
3715220,519899,2025-02-02 08:16:49,34.02,paid
1145716,557850,2025-05-29 13:33:20,4601.12,paid
1419632,271313,2025-01-29 10:21:39,1007.7,paid
5023861,687763,2025-05-01 16:27:47,410.91,paid
4296656,861107,2025-02-28 10:41:20,539.94,uncollectible
6778899,691620,2025-01-29 09:14:50,31.78,paid
6262080,619995,2025-11-15 12:56:23,35.56,open
3668600,379248,2025-10-04 00:35:17,3103.94,paid
1360284,870241,2025-02-10 16:06:24,37.52,paid
5082568,544253,2025-11-16 16:44:43,134.84,paid
1987138,819790,2025-05-23 11:46:44,668.49,paid
1419131,102347,2025-12-12 18:03:50,639.48,paid
5129563,203708,2025-05-02 11:13:53,631.84,paid
7318153,757620,2025-02-02 16:08:00,15852.2,open
5429975,731867,2025-05-01 21:39:04,808.99,paid
5325722,374056,2025-12-03 16:55:53,477.32,paid
1103361,394508,2025-10-12 12:47:31,38.23,paid
8976646,723271,2025-11-16 09:44:54,574.73,paid
3360571,304212,2025-08-13 15:10:13,85.47,paid
6502735,651612,2025-06-12 16:00:43,61.53,paid
449681,157478,2025-10-03 09:39:47,51.42,paid
3587289,177341,2025-11-24 16:54:41,118.91,paid
1164562,941144,2025-10-31 12:00:42,259.96,paid
1931554,741646,2025-12-19 19:00:22,793.5,paid
652323,339830,2025-10-25 12:33:14,3106.54,paid
9807959,661510,2025-08-29 23:18:02,533.82,paid
4408045,339409,2025-09-20 23:51:18,73.72,paid
3722375,979522,2025-11-15 08:33:48,70.68,paid
9089655,412093,2025-09-24 13:15:59,38.21,paid
7171967,381513,2025-03-02 05:45:17,34.51,paid
7048936,378702,2025-11-07 14:10:55,68.76,paid
7463522,894894,2025-07-16 13:26:28,537.11,void
3802243,728261,2025-11-01 11:20:37,101.37,paid
2357777,149208,2025-01-10 11:11:56,50.85,paid
4951973,211058,2025-02-08 09:59:18,470.5,paid
1006495,978965,2025-03-10 16:47:19,613.83,paid
6171658,469600,2025-08-06 07:14:36,672.01,paid
2808570,902628,2025-05-23 13:19:37,3443.79,paid
1737010,175483,2025-03-07 17:31:38,3511.98,paid
1588660,343808,2025-10-10 14:44:57,70.94,paid
193124,436381,2025-08-19 05:54:26,51.55,paid
9748178,872118,2025-02-23 20:49:57,8689.46,paid
8796315,807582,2025-01-08 09:49:34,301.76,paid
5230673,574470,2025-04-15 14:14:16,404.42,paid
3511443,124161,2025-03-30 15:54:28,139.24,paid
9415553,583252,2025-07-18 13:12:43,451.24,open
2072375,868446,2025-08-12 15:05:29,819.2,paid
4574685,952954,2025-08-24 17:40:36,473.11,paid
4122045,632926,2025-12-23 10:21:08,1122.24,paid
6434333,952954,2025-01-07 11:36:46,406.08,paid
4989529,733368,2025-09-11 20:46:51,42.12,paid
107177,400628,2025-10-01 11:03:28,40.5,paid
8494075,301501,2025-04-07 10:47:35,691.77,paid
2425125,699585,2025-07-30 09:32:07,168.26,paid
6679125,450789,2025-02-22 12:02:31,2707.8,open
4561508,877086,2025-12-05 11:27:23,546.5,void
5178475,868446,2025-08-05 14:25:04,825.55,paid
7987865,302066,2025-02-04 07:37:39,86.73,paid
591548,209357,2025-09-10 01:19:23,37.44,paid
9026263,219926,2025-05-25 03:07:31,3784.76,paid
3921121,493074,2025-03-01 13:28:41,60.85,paid
6946827,110861,2025-04-30 16:24:30,67.02,open
2064648,119727,2025-02-24 10:49:21,318.8,paid
2174232,563161,2025-10-30 14:33:08,599.42,paid
6895384,833504,2025-05-31 15:19:48,3525.89,paid
7101278,230161,2025-03-08 13:33:49,450.73,paid
1747641,477382,2025-03-19 18:47:04,627.35,open
564251,345589,2025-05-14 08:36:42,846.44,paid
7239370,344893,2025-10-15 10:40:55,2909.6,paid
75869,256019,2025-08-09 07:13:50,600.23,paid
4063095,996360,2025-12-09 08:01:43,97.18,paid
5871969,119546,2025-02-04 14:08:13,76.17,paid
4619555,362499,2025-12-12 16:03:43,573.05,paid
4573424,113010,2025-07-01 19:28:40,52.65,paid
3847311,695829,2025-12-13 12:25:21,43.92,paid
1862088,153452,2025-02-16 18:00:24,102.24,paid
2117282,358468,2025-04-01 11:14:57,362.31,uncollectible
7379086,637831,2025-10-09 09:13:37,378.88,paid
9890887,256231,2025-05-07 22:26:19,933.92,paid
6042243,216864,2025-03-09 23:40:45,24.51,paid
3237810,427620,2025-02-24 03:08:49,738.57,paid
3728846,516478,2025-10-18 16:45:48,34.17,paid
6448019,280156,2025-01-22 14:09:06,745.76,paid
6536480,912387,2025-08-21 10:21:05,45.95,paid
4860334,969635,2025-04-17 12:20:49,104.88,paid
9993929,205204,2025-10-21 02:43:51,124.25,uncollectible
4462458,279735,2025-05-23 10:58:47,114.52,paid
9677127,902662,2025-09-07 19:33:00,36.83,paid
5336489,147538,2025-08-03 14:02:59,61.57,paid
4295183,490866,2025-06-14 08:07:19,376.23,paid
8478120,298901,2025-08-15 11:03:07,64.58,paid
5013038,244780,2025-06-30 11:30:49,5344.43,open
3474657,359578,2025-11-14 17:12:56,60.2,paid
9352267,111936,2025-05-16 18:59:34,765.32,paid
1030380,310258,2025-07-25 14:40:33,50.58,paid
3897726,402163,2025-04-04 07:28:32,60.28,paid
6735250,346678,2025-05-14 04:22:29,428.37,paid
1982665,916037,2025-09-08 23:41:37,38.44,paid
7372618,900536,2025-02-28 13:18:27,47.21,paid
1704570,262660,2025-10-05 09:42:22,189.16,paid
9782313,793847,2025-05-08 18:47:36,558.33,paid
1029115,488220,2025-02-22 19:50:10,249.82,paid
4778832,740617,2025-04-02 12:36:52,1941.4,paid
8177687,617646,2025-07-14 09:35:05,328.61,uncollectible
1691133,461906,2025-04-08 10:03:10,41.99,open
2998097,621013,2025-09-26 18:42:45,34.18,uncollectible
2376446,443384,2025-02-02 17:59:03,86.04,paid
1333858,416815,2025-06-29 02:51:05,580.38,paid
8534370,351485,2025-12-18 14:36:39,12.24,open
9423666,581789,2025-06-24 07:28:58,132.57,void
3982023,369202,2025-12-14 01:47:57,596.58,paid
7330703,288393,2025-12-17 13:54:21,383.75,paid
1735377,317879,2025-04-14 09:09:18,66.23,paid
1019239,806501,2025-05-16 15:20:05,416.58,paid
7294894,451238,2025-05-15 12:26:18,748.74,paid
8920575,216864,2025-10-30 08:22:23,24.8,paid
4803026,253647,2025-10-30 10:37:17,57.05,paid
153118,741646,2025-02-11 11:16:54,781.86,paid
2226752,784693,2025-06-17 07:02:22,314.03,paid
6653420,216490,2025-12-16 09:54:34,38.38,paid
4896171,436439,2025-07-15 16:40:19,38.62,paid
6043764,779884,2025-01-20 16:11:14,4533.13,paid
9887123,591895,2025-07-27 16:53:45,105.03,paid
5062466,631096,2025-11-20 07:27:32,34.15,paid
6829741,114128,2025-06-02 16:35:05,35.29,paid
6542959,693331,2025-02-03 12:28:37,33.31,paid
4235346,122331,2025-12-05 10:19:37,34.84,paid
5157114,407884,2025-07-26 21:59:38,927.43,paid
8845086,278077,2025-10-13 10:26:47,241.94,paid
1525720,379610,2025-09-28 08:00:45,24.14,paid
1281262,139051,2025-08-19 06:58:12,35.97,paid
634717,769811,2025-08-24 08:13:39,1529.04,paid
4729986,516432,2025-05-22 21:02:45,663.97,paid
1982606,919775,2025-09-25 12:11:19,650.85,paid
7828331,399159,2025-12-21 09:14:43,209.48,paid
7157138,288150,2025-03-21 15:15:20,342.73,paid
6934061,681503,2025-07-13 05:53:01,59.48,paid
2060254,704441,2025-08-19 07:44:25,760.66,paid
7810434,314615,2025-07-22 17:05:44,76.42,paid
1732427,228499,2025-11-19 08:12:08,40.99,paid
6280499,444888,2025-11-24 17:20:26,707.48,paid
2535899,664752,2025-05-02 16:50:03,83.41,paid
9745327,371884,2025-07-20 15:52:19,77.31,paid
3430568,133243,2025-09-22 02:06:23,26.1,paid
5109757,663683,2025-10-10 09:20:18,44.7,uncollectible
3214068,244208,2025-05-29 00:54:38,40.73,paid
3916098,669363,2025-08-31 21:11:22,43.8,open
1083661,828822,2025-12-18 08:42:43,3266.21,paid
4592859,196472,2025-02-18 15:19:59,562.1,paid
2690019,980971,2025-03-23 10:49:27,515.67,paid
9989520,278077,2025-07-26 16:20:14,256.71,paid
8065728,358134,2025-09-25 17:40:02,1017.42,paid
5484367,863793,2025-04-27 13:58:38,86.49,paid
5929744,451634,2025-10-26 12:59:24,189.67,paid
9454004,535256,2025-12-13 12:07:22,489.64,paid
1883145,110220,2025-01-11 14:08:58,55.88,paid
1679896,603842,2025-12-12 12:27:38,70.03,uncollectible
8432890,149208,2025-11-19 14:04:41,50.29,paid
1903909,784693,2025-08-28 13:15:21,277.62,paid
3281806,973361,2025-04-24 09:33:11,332.07,void
8282017,818984,2025-12-28 02:40:46,1868.3,uncollectible
7218,364738,2025-04-14 10:00:19,859.86,paid
8038149,822380,2025-02-03 12:14:13,302.05,paid
5860963,891033,2025-04-13 09:27:19,111.26,paid
6164997,749288,2025-04-01 09:14:07,1695.64,paid
9250301,757349,2025-06-11 16:14:49,13146.42,open
4016736,558167,2025-11-16 13:57:58,1632.45,paid
5000800,241116,2025-03-03 10:44:01,50.09,paid
1549146,619919,2025-07-26 11:15:00,21.86,paid
8034780,241202,2025-10-12 10:04:02,1004.56,paid
1850990,318147,2025-08-21 08:36:29,33.85,paid
4405339,580435,2025-09-24 12:02:14,603.35,paid
7734291,136968,2025-03-18 12:10:41,243.43,paid
6217372,262678,2025-06-02 12:40:22,77.49,paid
5240874,818984,2025-01-24 12:58:00,1688.63,paid
9959895,245270,2025-07-16 11:18:29,25.21,paid
1110492,504637,2025-03-10 13:15:22,46.59,paid
5848630,909042,2025-11-05 11:51:45,45.24,paid
9107326,848871,2025-10-19 10:02:57,67.27,paid
4796961,440806,2025-12-08 19:06:27,26.82,paid
9340222,565218,2025-07-24 16:37:30,2805.44,paid
5007217,516432,2025-07-28 19:20:09,647.94,paid
4244925,744158,2025-10-03 14:05:05,1053.91,paid
8367925,444827,2025-02-03 00:15:48,37.61,paid
464482,299619,2025-04-16 09:53:21,396.75,paid
2171453,713583,2025-12-21 08:54:01,55.41,paid
4761162,776288,2025-01-28 12:15:53,542.42,paid
2386082,460814,2025-02-08 17:30:06,34.81,paid
9566244,862228,2025-02-21 14:53:17,24.94,open
2202481,265989,2025-10-17 09:21:30,44.15,paid
8558319,688496,2025-03-25 13:56:48,327.91,paid
933057,828822,2025-08-02 08:09:39,3315.16,uncollectible
5585285,825599,2025-04-17 02:03:05,88.9,paid
842399,108606,2025-05-20 12:15:23,641.42,paid
192248,371569,2025-12-04 11:48:12,825.3,paid
861891,982749,2025-07-04 09:16:32,74.79,paid
5206786,436381,2025-05-09 23:43:45,58.38,paid
4724739,961788,2025-11-29 05:59:51,37.3,paid
6288113,208743,2025-02-19 14:56:33,554.95,paid
8244319,761571,2025-09-25 14:14:45,60.01,paid
8542655,625558,2025-04-10 11:18:35,75.44,paid
2428125,634053,2025-06-23 16:46:22,2665.56,paid
2133785,301453,2025-05-20 18:06:52,61.39,paid
9267649,381513,2025-07-11 16:12:38,32.0,paid
6749881,943858,2025-08-07 00:14:27,412.32,open
1039416,351485,2025-11-24 12:36:01,9.8,paid
7961925,899547,2025-10-10 13:57:32,287.13,paid
6289707,664655,2025-12-19 16:26:32,76.07,paid
2019087,647019,2025-04-19 17:34:10,721.76,paid
406380,114026,2025-07-16 08:35:29,77.38,paid
8507483,102347,2025-08-14 14:45:12,612.64,paid
3697657,925203,2025-07-02 11:03:10,31.87,paid
5971584,412644,2025-06-21 13:35:09,64.53,paid
1929434,284692,2025-06-22 14:42:40,865.53,paid
5051593,982749,2025-07-24 10:40:00,76.13,paid
5431312,492337,2025-11-14 09:53:46,50.02,paid
5174208,157478,2025-08-06 02:55:51,52.27,paid
1760799,697314,2025-01-02 09:12:25,426.33,paid
945920,689717,2025-04-22 10:12:20,49.17,paid
8710679,649882,2025-04-10 16:50:39,84.34,paid
6610652,831195,2025-09-12 15:11:49,958.64,paid
8957656,501273,2025-01-18 15:42:00,61.68,open
6544637,686652,2025-04-20 14:33:41,74.03,paid
1756721,600864,2025-03-24 20:09:11,51.83,paid
4338609,326211,2025-06-29 15:18:38,679.32,paid
4526916,269555,2025-01-14 08:54:35,238.43,paid
4755526,221718,2025-12-07 09:32:36,49.59,paid
2176248,373043,2025-01-11 18:39:09,35.7,paid
4500491,223459,2025-06-27 16:05:27,87.24,paid
62236,618509,2025-10-14 15:58:16,605.42,open
3204452,244780,2025-07-12 07:40:30,6026.44,paid
3066557,445138,2025-01-26 07:46:46,143.14,paid
829893,255136,2025-04-26 13:47:25,93.73,paid
6078180,225784,2025-05-20 09:32:36,4788.09,uncollectible
7692289,304962,2025-02-25 17:45:40,6021.61,paid
7727989,982749,2025-05-02 16:35:34,74.89,paid
3448183,842517,2025-11-29 17:13:54,1029.2,paid
4587133,435506,2025-11-14 07:16:01,422.93,paid
4844084,833504,2025-12-05 04:39:04,3441.89,paid
648005,895559,2025-03-26 11:50:34,703.85,paid
9156340,110861,2025-05-13 13:17:52,70.62,paid
3628717,336415,2025-10-04 14:37:58,49.94,paid
3817315,834134,2025-03-25 07:26:37,37.99,paid
4528757,531301,2025-04-05 09:38:11,37.47,paid
5972048,242324,2025-10-30 15:12:21,39.72,paid
1801899,278618,2025-03-07 17:55:24,621.51,paid
5623287,866791,2025-07-12 09:12:50,36.17,paid
2101475,177341,2025-04-18 09:00:56,114.65,paid
5016682,600774,2025-03-05 16:40:42,2994.37,paid
398184,475777,2025-08-09 21:59:37,49.09,paid
5115915,201370,2025-04-04 19:54:05,1006.17,paid
2479045,848871,2025-06-15 18:49:06,71.97,void
5618013,176590,2025-10-13 09:09:42,35.49,paid
1792103,868446,2025-09-03 14:25:19,755.89,paid
9139813,347163,2025-08-30 09:39:35,333.57,paid
8656674,597592,2025-07-17 14:04:14,421.2,paid
3848059,701732,2025-11-12 17:22:46,32.83,paid
4400946,441926,2025-03-06 09:10:53,56.7,open
6115861,661510,2025-08-30 09:16:40,493.84,paid
7033965,663683,2025-06-14 21:06:59,46.03,paid
8027297,757349,2025-08-25 20:48:57,13831.14,paid
1496256,452579,2025-09-17 07:15:39,94.31,paid
1456985,540658,2025-07-09 16:02:00,56.0,paid
4126616,991572,2025-08-01 15:07:18,355.21,paid
9188615,417896,2025-12-27 12:23:16,606.78,open
2947318,697314,2025-09-07 15:11:08,414.82,paid
4410289,952233,2025-08-03 07:58:57,546.78,paid
9163310,386921,2025-04-11 14:16:20,2933.92,paid
6298249,301353,2025-09-17 15:53:50,70.65,paid
1575666,641276,2025-01-10 14:16:45,170.42,paid
6657260,154252,2025-08-11 08:43:51,24.13,paid
1020136,787646,2025-07-01 14:01:06,614.04,paid
4131855,725268,2025-02-10 07:59:36,257.22,paid
938529,599218,2025-09-09 16:34:49,5107.16,paid
91573,373043,2025-08-04 15:52:37,35.52,paid
5370709,757349,2025-05-31 13:07:05,14253.48,paid
3371797,332026,2025-11-21 10:07:27,37.49,paid
6143187,129289,2025-04-29 09:11:12,23.05,paid
8101412,102347,2025-07-30 10:49:06,648.9,paid
8784484,209357,2025-09-10 09:59:56,34.56,paid
20564,488220,2025-05-14 17:10:29,269.48,paid
9557574,960588,2025-03-06 13:15:19,45.0,paid
371866,259373,2025-01-03 18:10:34,75.09,paid
9978796,914638,2025-06-27 22:12:10,76.4,paid
7689143,728261,2025-03-28 09:44:18,114.37,paid
5012862,186866,2025-02-10 15:04:04,404.09,paid
9670983,961918,2025-10-18 12:51:35,54.42,paid
15538,952114,2025-12-22 13:16:30,3213.51,paid
7969365,644475,2025-09-23 10:25:18,62.47,paid
2434813,364738,2025-06-11 11:02:52,825.75,paid
3046483,505710,2025-06-27 13:46:51,436.92,open
8188091,600806,2025-09-25 15:20:21,67.7,paid
7572888,693331,2025-11-12 13:34:21,37.86,paid
4356650,353158,2025-04-25 10:00:12,1675.72,paid
6063497,556479,2025-11-27 11:08:58,75.52,paid
5164007,118948,2025-03-20 12:26:08,108.94,paid
542395,691462,2025-05-29 16:52:18,112.32,paid
9750204,342116,2025-08-24 23:01:33,55.02,paid
9507605,843432,2025-03-01 14:11:26,24.99,paid
8809510,599502,2025-01-29 18:01:33,61.02,paid
9114927,223459,2025-06-27 09:51:06,75.51,paid
9866844,669363,2025-09-25 14:26:37,44.7,paid
988748,629748,2025-04-18 15:11:06,85.82,paid
4045288,457960,2025-07-11 18:45:07,34.46,paid
2190531,839782,2025-11-02 15:09:46,1881.92,paid
3268307,155872,2025-06-17 19:08:04,657.91,paid
5841642,751454,2025-06-24 23:52:49,2882.23,paid
5971443,201572,2025-09-23 02:11:36,901.49,paid
5600645,480190,2025-01-05 12:27:01,34.25,paid
2093988,800274,2025-06-04 12:39:58,678.89,void
3431421,772806,2025-12-29 12:33:56,87.97,paid
1574431,649261,2025-03-07 10:46:52,540.7,paid
9860979,671372,2025-05-09 14:19:14,69.12,paid
5072409,271150,2025-06-25 17:35:53,314.54,paid
9876535,380358,2025-12-07 10:55:36,86.89,paid
8286566,111647,2025-12-02 12:15:04,7556.08,paid
520100,925203,2025-04-29 14:24:02,34.13,paid
510821,164080,2025-11-22 15:38:31,56.96,paid
5047187,253622,2025-10-12 10:52:51,690.43,paid
415042,691462,2025-08-18 15:04:05,119.05,paid
5614213,298652,2025-12-04 12:01:44,648.09,paid
7772151,511879,2025-07-19 10:34:00,709.41,paid
9700224,673856,2025-06-23 13:24:49,61.9,paid
2180063,649882,2025-12-30 05:56:43,77.87,paid
9788565,212090,2025-09-28 13:17:08,823.14,paid
2500191,870010,2025-07-11 09:48:26,263.82,paid
1054338,674609,2025-12-25 08:29:46,75.9,paid
2729997,513019,2025-08-01 07:14:11,241.17,paid
3872321,331311,2025-12-20 08:18:50,774.29,paid
7530174,519899,2025-08-12 14:06:30,35.06,paid
5551134,863793,2025-02-23 07:01:54,101.23,paid
3880903,727242,2025-11-02 13:12:45,103.03,paid
4952898,105131,2025-02-07 20:04:57,36.43,paid
8971674,318214,2025-06-25 09:02:09,75.24,paid
7924223,153452,2025-06-22 10:13:00,105.64,paid
99892,863793,2025-04-12 08:20:08,89.72,paid
7899992,856439,2025-02-25 13:09:11,80.35,paid
9952201,207113,2025-09-26 15:41:03,120.54,paid
1062692,564516,2025-11-09 11:04:39,664.35,paid
9718346,586292,2025-09-08 15:05:18,36.16,paid
6875995,696918,2025-04-20 13:15:14,347.59,paid
6433860,685200,2025-12-13 09:17:01,499.29,open
8319230,511241,2025-12-26 20:25:00,110.52,paid
2750966,839782,2025-11-07 14:50:20,1763.86,paid
9815886,694103,2025-06-10 07:07:49,39.5,paid
5439510,444827,2025-09-18 16:07:05,34.49,paid
2007340,798586,2025-02-04 07:19:43,4213.21,paid
304397,443866,2025-04-20 16:02:23,32.58,paid
9623172,145787,2025-10-02 13:13:43,709.85,paid
8407178,133440,2025-02-11 14:54:57,86.93,open
6002370,931016,2025-11-17 05:53:11,250.89,paid
5612688,271695,2025-08-29 17:14:44,46.4,paid
7986079,353111,2025-05-01 18:43:02,597.52,paid
9955199,516478,2025-08-04 12:11:27,34.16,paid
1717345,208743,2025-10-27 14:27:59,531.62,paid
2142805,641276,2025-07-25 16:03:43,161.15,paid
7021779,301410,2025-04-15 06:12:44,249.83,paid
1619026,149930,2025-02-27 06:55:15,932.92,open
4138199,301453,2025-12-13 16:27:01,57.41,paid
762190,918643,2025-11-10 14:08:43,623.9,paid
7379843,669363,2025-10-24 08:36:20,47.66,open
5057489,969783,2025-08-15 16:13:31,579.35,paid
7601262,557608,2025-08-14 08:17:07,724.22,paid
9263855,467235,2025-09-24 03:12:04,88.3,paid
1369074,474008,2025-11-17 20:54:27,790.49,paid
8748838,894894,2025-08-30 17:34:23,533.8,paid
3067994,132627,2025-04-27 08:13:47,63.69,paid
7968375,875381,2025-07-17 08:14:42,816.95,paid
1552214,863793,2025-01-18 10:17:16,93.07,paid
1590274,890103,2025-04-25 12:31:21,90.96,paid
4095658,622939,2025-11-13 20:23:46,542.63,paid
6040672,358468,2025-07-10 13:34:54,364.33,paid
444469,416704,2025-05-23 13:01:32,88.87,paid
1336478,369202,2025-07-26 18:19:20,563.59,paid
9176358,373043,2025-03-12 10:50:35,32.44,paid
2163076,248358,2025-03-30 09:15:46,509.48,paid
1368835,182485,2025-07-14 11:50:48,143.38,paid
8295679,142057,2025-10-26 14:31:05,433.16,paid
3733275,962615,2025-01-21 11:38:28,744.77,paid
9657094,194356,2025-12-29 14:17:05,37.95,paid
8264150,541269,2025-02-20 16:25:28,238.82,paid
2032794,747100,2025-06-13 08:59:01,63.41,paid
732627,742562,2025-08-16 12:59:43,1893.52,paid
8910566,473143,2025-02-09 22:08:53,110.91,paid
5977497,269785,2025-02-10 12:41:17,700.28,paid
138986,561622,2025-10-16 09:00:03,41.58,open
7461133,240194,2025-10-16 00:18:38,112.4,paid
2804860,970221,2025-10-15 10:03:13,49.72,void
7929669,668059,2025-10-27 13:27:58,62.64,paid
6192790,870519,2025-09-17 07:06:00,23.55,open
725351,312337,2025-12-19 08:32:28,71.22,paid
3008190,252079,2025-09-04 12:16:51,67.68,paid
7109049,943223,2025-06-01 09:17:15,431.65,paid
4548782,651891,2025-08-02 09:46:43,12702.08,uncollectible
8953794,969635,2025-12-18 04:42:30,83.53,paid
5690711,700790,2025-05-10 08:02:55,50.81,paid
8427368,139051,2025-04-16 11:49:57,37.03,paid
6966548,943067,2025-05-28 22:12:31,443.98,paid
5018752,253221,2025-05-31 13:48:12,124.99,paid
1459877,921303,2025-05-24 11:23:42,645.61,paid
2608053,910761,2025-09-19 17:43:25,2840.16,paid
2983225,848871,2025-04-20 07:03:27,65.38,paid
9082547,200830,2025-08-23 13:10:45,522.27,paid
3273006,201572,2025-11-25 19:33:56,896.87,paid
9396434,218019,2025-10-26 01:05:15,71.98,paid
1376537,740617,2025-05-06 22:01:45,1775.32,paid
8481114,516432,2025-05-23 05:08:43,698.47,open
1621850,112651,2025-01-10 06:20:55,34.95,paid
7976263,317879,2025-04-05 14:51:02,60.11,uncollectible
3822479,750386,2025-11-18 19:53:50,49.98,paid
834342,632926,2025-08-07 01:16:19,1088.1,paid
5182610,725268,2025-10-07 03:33:11,280.24,paid
1017202,157478,2025-08-06 05:01:07,49.48,paid
9821027,909042,2025-01-25 17:40:01,52.35,paid
815321,859443,2025-09-08 18:42:38,17617.79,paid
8521041,713907,2025-01-30 17:16:14,49.64,open
5761377,552380,2025-04-13 15:22:38,1624.4,paid
5892382,282693,2025-07-01 16:10:02,37.04,open
5172929,379610,2025-07-19 14:26:13,22.89,paid
3799850,488220,2025-04-28 16:22:04,226.98,paid
7956884,486520,2025-12-27 19:20:39,34.79,paid
1423572,676603,2025-05-30 16:54:48,279.06,paid
539631,341901,2025-03-27 08:05:30,70.48,paid
9712941,976274,2025-11-24 03:00:03,891.46,paid
3975710,237614,2025-03-21 15:47:06,578.02,paid
3465875,158251,2025-07-22 22:30:21,627.48,paid
3590800,967279,2025-04-04 11:34:30,101.53,paid
7642402,140321,2025-10-13 14:15:50,402.55,paid
3790129,117687,2025-06-05 09:12:47,14834.48,paid
1690963,200323,2025-12-25 10:23:17,140.87,paid
3684267,369202,2025-11-06 12:23:43,607.32,void
201197,842629,2025-01-27 06:41:44,430.35,paid
5654157,634412,2025-05-21 17:31:33,4206.67,paid
7233844,452579,2025-05-24 14:14:39,96.27,paid
2163850,988184,2025-07-12 06:08:48,1541.97,paid
9368783,345955,2025-04-05 12:37:02,352.28,paid
5342219,575382,2025-08-13 16:31:38,789.19,paid
6978372,144659,2025-10-08 12:03:41,582.14,paid
5962006,943067,2025-07-30 11:44:06,441.66,paid
1270496,383347,2025-05-26 14:00:54,86.8,open
2338907,164239,2025-08-31 09:33:35,33.46,paid
4177947,431648,2025-09-03 06:30:29,132.39,paid
9395560,269785,2025-01-21 12:44:05,666.64,paid
1133673,228677,2025-11-27 06:12:56,55.46,paid
1384071,625558,2025-10-12 17:56:38,69.85,paid
7936150,196847,2025-05-10 16:21:14,2538.04,paid
819919,358368,2025-08-28 12:23:19,45.8,paid
7950707,577783,2025-08-08 17:15:08,738.76,paid
676188,491257,2025-02-23 14:11:44,716.54,paid
1934291,636784,2025-02-03 10:32:04,468.04,paid
3274279,282693,2025-02-13 12:00:29,34.22,paid
6959355,695829,2025-02-05 09:09:34,45.67,paid
627213,574882,2025-02-20 12:33:16,71.15,paid
1664123,875061,2025-12-06 09:11:02,109.52,open
940581,799901,2025-11-09 10:23:12,695.87,uncollectible
2277580,295860,2025-12-02 09:19:53,67.83,paid
8967473,728261,2025-01-05 11:06:15,96.36,paid
6723729,874742,2025-05-26 08:19:35,912.23,open
1574994,253221,2025-06-06 11:46:42,132.11,paid
84676,661510,2025-08-30 05:29:56,551.28,paid
8201967,750386,2025-06-06 14:21:25,46.49,paid
4413160,854166,2025-10-23 09:27:06,523.44,paid
6363921,157411,2025-11-08 09:14:35,4711.95,paid
5028971,995560,2025-03-07 14:44:06,33.14,paid
170152,118948,2025-10-11 08:30:13,112.54,paid
1439244,342116,2025-12-24 14:40:58,64.37,paid
2277384,169880,2025-10-28 07:15:36,90.17,paid
667543,444827,2025-03-17 09:54:55,33.84,paid
1141632,431016,2025-09-03 15:28:36,37.73,paid
9156462,152728,2025-08-27 05:26:57,10255.66,paid
8137788,742834,2025-07-12 09:43:32,101.62,paid
116363,818654,2025-10-22 05:43:53,94.99,paid
7223467,244780,2025-10-08 12:43:39,5337.95,paid
4757529,774503,2025-05-29 23:01:43,60.17,paid
6926962,590704,2025-09-04 10:07:25,547.6,paid
189022,676397,2025-04-11 13:51:11,1134.47,open
9969775,516478,2025-08-18 15:51:49,34.66,paid
6409458,114128,2025-02-25 11:49:48,35.72,paid
1281474,669720,2025-08-21 15:25:02,4924.76,paid
3512243,141893,2025-01-15 13:43:41,65.74,paid
7973779,535256,2025-09-17 08:06:38,500.8,paid
2972968,626504,2025-10-06 13:55:50,115.19,paid
3988554,218565,2025-09-30 13:38:59,45.79,paid
969822,412093,2025-01-23 17:37:41,36.52,paid
9981973,875381,2025-09-28 12:23:50,773.87,paid
7211023,692863,2025-01-16 09:10:25,88.52,paid
7285839,225784,2025-03-24 10:36:32,5080.73,paid
930127,597592,2025-04-04 19:47:02,437.13,paid
4043222,580435,2025-05-18 09:06:06,616.37,paid
714212,798586,2025-12-29 11:36:58,4503.31,paid
619280,295167,2025-11-19 12:16:45,50.4,paid
5489990,692089,2025-07-28 09:36:56,703.11,paid
7738213,178553,2025-02-21 11:00:57,30.57,paid
8462225,554336,2025-01-31 13:31:44,35.18,paid
6041204,441844,2025-03-24 22:22:53,736.7,paid
9776960,301453,2025-11-16 09:01:50,63.5,paid
946242,909042,2025-08-18 10:30:17,51.27,paid
6564240,896894,2025-07-08 02:59:17,1622.29,paid
353188,560307,2025-09-21 17:38:43,36.79,paid
1632944,487420,2025-08-22 13:52:16,639.91,void
7065064,349634,2025-10-28 12:13:13,4109.83,paid
7258005,102220,2025-06-24 08:57:11,275.21,paid
8326719,200323,2025-06-01 15:16:55,127.34,paid
2122532,619919,2025-06-06 13:27:43,25.54,paid
7203513,149208,2025-03-14 14:27:25,47.41,paid
4091871,520785,2025-03-01 11:47:19,34.43,paid
5235044,111647,2025-01-17 15:43:19,7997.9,paid
8177593,999282,2025-12-25 20:08:02,38.24,paid
2653196,997844,2025-11-04 08:42:43,6704.97,paid
8487870,901602,2025-06-29 15:07:17,990.21,paid
3044045,634053,2025-12-21 10:13:23,2498.2,paid
7921557,301631,2025-12-07 14:54:06,430.26,open
4626776,712131,2025-09-19 13:04:19,1033.12,paid
624460,182485,2025-01-24 16:23:03,148.58,paid
4163936,917801,2025-11-13 23:29:01,3858.09,paid
5262366,900536,2025-04-26 10:31:33,51.3,paid
5704204,631393,2025-02-15 12:40:55,33.56,paid
2184796,791209,2025-05-09 20:21:45,88.82,paid
6842743,751207,2025-11-04 16:31:43,48.32,paid
5519242,309198,2025-07-05 15:17:55,35.5,paid
7749987,141893,2025-02-12 10:44:46,57.32,paid
2323498,631589,2025-09-02 07:02:32,461.94,paid
9008154,631096,2025-07-16 09:35:04,32.79,paid
8075139,631003,2025-03-21 08:33:15,309.04,paid
1476962,742834,2025-05-16 08:13:16,92.4,paid
3808773,331311,2025-12-08 15:56:03,698.4,paid
2107658,316254,2025-07-10 05:57:25,693.84,paid
9778493,404631,2025-05-05 17:02:54,335.19,paid
6074630,983961,2025-06-06 14:06:19,480.34,paid
355943,757526,2025-03-05 17:43:21,46.24,paid
6454988,631003,2025-07-25 14:49:06,305.57,open
5018272,145787,2025-07-24 11:43:45,726.01,paid
8647047,247268,2025-08-23 08:34:38,580.28,paid
4735948,331536,2025-02-12 13:37:01,53.96,paid
8525170,706802,2025-05-23 11:38:52,707.29,paid
1504985,457960,2025-11-20 09:14:38,37.57,paid
4218950,642899,2025-04-26 23:02:36,75.6,paid
6850796,365756,2025-06-01 15:24:20,51.29,paid
1681156,626504,2025-09-05 14:53:18,105.59,paid
7669040,606858,2025-12-13 08:49:03,66.78,paid
9587026,549691,2025-06-22 11:43:19,560.03,paid
5332611,315118,2025-03-17 06:29:09,3187.66,open
1651913,258458,2025-08-24 13:16:24,3110.25,paid
3649557,196331,2025-09-09 10:56:46,1068.19,paid
4493771,540498,2025-07-27 09:10:56,670.63,paid
5615444,537253,2025-08-27 11:58:13,36.84,paid
3073854,809176,2025-12-01 09:13:25,692.59,paid
9739987,269054,2025-04-21 17:53:02,80.99,paid
8352733,404631,2025-06-29 07:54:21,346.56,paid
2811424,644920,2025-05-12 16:45:50,602.07,open
6396915,669363,2025-01-03 06:13:58,46.76,paid
9382949,253647,2025-09-27 16:18:26,59.76,paid
263814,110861,2025-05-11 08:14:51,69.64,paid
1117724,647876,2025-12-25 17:04:17,252.8,paid
5986310,143122,2025-09-11 08:27:01,36.26,paid
7505646,141893,2025-04-16 16:23:56,58.4,paid
8096872,646309,2025-11-04 12:42:51,386.4,paid
3183049,766913,2025-11-23 21:40:23,460.52,paid
9397905,935611,2025-07-11 10:12:20,36.14,paid
3854205,430738,2025-12-16 12:47:38,46.14,paid
4725574,351475,2025-08-06 19:50:57,83.37,paid
5639635,517368,2025-10-11 09:01:13,4557.07,paid
3889977,558269,2025-08-19 14:09:25,15249.96,paid
2297758,416704,2025-09-08 12:54:43,84.15,paid
851788,914996,2025-05-16 07:54:17,692.17,paid
5386249,954668,2025-09-25 10:12:43,464.86,paid
7413008,602857,2025-05-25 13:07:20,72.55,paid
2075169,216530,2025-11-26 05:04:37,86.85,paid
9081365,663683,2025-10-19 07:14:30,46.57,paid
7703550,200631,2025-12-09 10:20:41,268.72,paid
8859454,739739,2025-02-28 14:51:57,34.79,paid
7969938,797764,2025-09-25 17:50:22,97.63,uncollectible
5837721,189198,2025-07-27 15:50:42,13.22,paid
6778639,992844,2025-08-31 10:41:06,264.34,paid
7167565,549976,2025-04-30 00:47:19,1900.86,paid
5691692,164080,2025-01-08 09:18:16,58.51,paid
6270993,145314,2025-03-24 08:23:18,47.97,paid
6518790,153122,2025-08-14 14:52:21,54.22,open
5000643,875381,2025-07-28 12:44:14,748.11,uncollectible
4473994,551545,2025-03-21 08:20:46,38.28,paid
920763,810060,2025-07-10 10:23:38,50.02,paid
2447873,631096,2025-11-20 17:45:20,36.88,paid
1257008,207018,2025-01-29 07:51:56,34.3,paid
8020134,561696,2025-08-27 17:57:12,48.39,paid
1639893,749734,2025-05-11 14:46:01,53.17,paid
6498945,492564,2025-02-02 23:20:02,428.14,paid
1808644,141134,2025-12-29 07:09:29,75.12,paid
4078761,695658,2025-11-29 10:55:07,191.92,paid
8404977,353738,2025-10-02 11:48:37,865.24,void
9049940,557608,2025-11-17 04:55:46,772.7,paid
6032486,242324,2025-05-16 08:01:21,31.02,paid
5893742,684543,2025-12-28 10:08:54,99.56,open
3317209,660322,2025-01-16 13:02:46,448.57,paid
2653304,982749,2025-08-06 16:52:58,70.01,paid
2214677,236797,2025-04-11 21:42:17,43.34,paid
6705249,604137,2025-07-06 14:25:27,59.94,paid
9496825,395222,2025-03-24 15:19:47,192.3,paid
3926897,181156,2025-03-25 10:55:06,474.95,paid
8771353,296755,2025-05-09 17:27:10,127.67,open
9704265,295167,2025-10-28 14:34:37,48.8,paid
487812,728261,2025-10-18 08:09:27,92.52,paid
5296346,603274,2025-09-11 10:59:14,35.97,paid
2604883,757349,2025-03-24 16:55:20,12874.75,paid
3304895,858842,2025-10-28 05:12:15,463.18,open
5000006,129289,2025-05-08 07:44:15,24.93,paid
9724626,913140,2025-10-19 10:03:55,137.41,paid
6842648,549691,2025-06-22 12:02:03,596.87,paid
2039511,605260,2025-05-25 09:20:30,71.01,paid
1707697,491474,2025-05-02 12:22:34,2914.14,paid
5807197,741178,2025-11-17 07:03:37,407.32,paid
5561294,526700,2025-01-01 13:22:11,51.93,paid
3866396,830784,2025-06-10 17:49:01,436.78,paid
121692,574768,2025-06-22 13:57:21,895.37,paid
2562849,436381,2025-05-08 13:41:57,59.78,paid
8928419,453260,2025-09-22 11:10:44,496.1,paid
7569095,157411,2025-06-01 00:39:06,5614.76,paid
4855855,106212,2025-03-07 10:07:25,2779.05,paid
559428,761986,2025-02-23 08:57:37,3453.51,paid
9543001,749288,2025-12-20 11:19:54,1953.57,paid
9148803,336415,2025-08-07 16:34:34,58.04,paid
7530634,944315,2025-03-12 16:42:19,1536.35,paid
8132005,431016,2025-09-02 18:49:53,34.56,paid
9570029,966960,2025-06-06 08:17:54,698.75,paid
7618848,504080,2025-04-20 14:17:26,73.02,paid
3819792,395913,2025-07-24 15:24:59,350.79,paid
2650617,217404,2025-04-07 12:12:57,45.51,paid
9862695,679023,2025-07-25 08:55:22,33.1,paid
9541617,613197,2025-06-05 16:14:54,917.05,paid
4005901,511497,2025-06-25 08:16:01,894.33,paid
262305,246475,2025-02-02 09:24:50,92.18,paid
9901028,113010,2025-04-30 15:57:35,52.72,paid
8076768,358134,2025-12-12 14:18:33,986.42,paid
671479,696918,2025-10-21 04:02:07,315.88,paid
4974652,577783,2025-05-05 10:17:37,763.64,paid
4452836,564516,2025-10-15 07:41:13,718.87,paid
2100801,619919,2025-10-27 14:11:13,23.14,paid
2005053,171014,2025-06-15 15:22:50,39.32,paid
8998722,292435,2025-08-04 17:56:33,890.56,paid
3920219,142057,2025-02-02 13:23:47,405.97,void
3684520,116626,2025-10-17 11:44:53,3820.09,paid
5964569,412468,2025-04-18 17:56:26,47.42,paid
6764804,813618,2025-11-07 15:33:55,22.11,paid
5776242,822504,2025-04-25 09:06:57,697.54,open
7242676,359178,2025-07-09 00:55:19,454.83,paid
1956376,202107,2025-12-13 14:23:21,647.34,open
3833423,453260,2025-01-04 14:04:19,516.02,paid
3183716,925203,2025-01-27 09:09:38,34.93,paid
8212424,996360,2025-02-26 10:02:56,95.37,paid
2723779,157478,2025-08-05 16:52:11,47.36,paid
3705602,862941,2025-01-24 16:40:01,416.95,paid
8928566,850797,2025-10-17 08:57:32,92.36,paid
957646,901602,2025-12-18 14:46:09,964.13,paid
3223670,873644,2025-09-30 07:37:05,351.1,paid
7758004,899547,2025-12-05 06:41:29,323.8,paid
2162492,673856,2025-03-17 08:20:48,57.18,paid
2870119,671372,2025-06-13 00:54:11,78.12,paid
6969767,336143,2025-10-16 15:42:15,23.03,paid
6164932,412644,2025-12-19 12:41:17,61.28,paid
8439682,917801,2025-10-21 06:54:41,3698.05,paid
3231423,662747,2025-03-02 22:03:21,18502.32,paid
8978505,345589,2025-06-17 15:44:00,793.51,paid
4357556,723271,2025-08-20 18:09:30,511.9,paid
6041408,362499,2025-11-02 10:46:28,597.26,paid
485408,798586,2025-04-01 21:57:21,4509.85,paid
8268576,262660,2025-05-15 09:50:04,194.71,paid
9004917,372607,2025-06-30 23:02:01,574.46,open
5901661,741178,2025-01-27 11:43:23,436.55,paid
1825506,914638,2025-06-27 22:06:10,94.13,paid
9030486,480190,2025-06-02 11:28:05,38.25,paid
1323897,441439,2025-06-06 10:37:21,70.44,uncollectible
6971434,990741,2025-11-06 13:24:56,61.08,paid
3982037,575382,2025-08-13 19:21:03,904.65,open
4516807,395222,2025-08-24 10:05:15,203.97,uncollectible
8501741,113224,2025-06-07 14:08:58,2936.5,paid
6811610,605260,2025-06-18 16:48:50,75.92,paid
7872977,436439,2025-11-13 04:07:25,37.47,paid
3337594,219926,2025-02-25 16:58:44,3751.26,open
6786744,228280,2025-10-24 17:16:03,581.78,paid
1893119,782825,2025-06-24 09:19:16,6693.91,paid
4559442,886365,2025-07-29 14:56:45,2339.43,paid
1727623,647876,2025-12-20 14:21:54,270.22,paid
7970482,145787,2025-06-29 17:05:18,679.04,paid
764778,697547,2025-02-09 01:24:39,359.14,paid
3538329,577783,2025-09-13 14:27:58,753.33,paid
3970505,993977,2025-05-03 12:32:51,54.2,paid
4381498,394508,2025-07-13 15:38:28,33.38,paid
5624431,451436,2025-11-15 12:47:27,41.56,void
3326865,142978,2025-07-05 15:30:49,229.4,paid
4747128,907943,2025-10-21 16:58:38,35.42,paid
2388267,196541,2025-05-04 00:43:17,35.18,paid
2302343,896132,2025-07-14 16:02:26,101.35,paid
299797,751207,2025-09-07 10:56:25,46.98,paid
8542793,345589,2025-01-16 09:40:10,845.5,paid
3062684,670699,2025-02-03 16:36:11,705.9,paid
9817141,740262,2025-08-31 16:02:59,56.29,paid
1673847,713583,2025-05-11 15:54:16,59.33,paid
324385,681503,2025-11-29 08:17:19,64.08,paid
5172506,511879,2025-10-24 11:49:08,741.42,paid
1441567,436381,2025-08-07 15:01:13,61.44,paid
38321,431016,2025-09-09 06:27:19,39.21,paid
4026522,662747,2025-06-17 09:16:01,17704.39,paid
2994427,812313,2025-01-25 16:03:27,97.61,paid
640317,282947,2025-01-24 11:27:02,58.37,paid
2779807,877896,2025-06-28 08:42:22,70.71,paid
1530813,827874,2025-03-12 13:56:14,60.64,paid
2045429,149920,2025-07-05 14:31:20,48.76,paid
243350,996819,2025-06-02 03:50:41,1634.3,paid
8772999,549691,2025-03-16 10:39:23,635.94,paid
2602832,331341,2025-09-11 15:45:45,48.97,paid
5570204,198116,2025-07-22 10:40:45,844.43,paid
5341319,908690,2025-01-24 08:28:24,779.7,paid
9024280,451238,2025-01-03 15:19:08,808.55,paid
6199308,196541,2025-12-23 16:20:37,33.21,paid
6837501,176018,2025-06-13 16:33:04,642.81,paid
5396298,462638,2025-10-03 11:15:47,5671.27,void
8849527,695829,2025-08-25 13:58:50,46.3,paid
366077,336415,2025-02-12 18:40:02,67.83,paid
414570,256035,2025-12-09 09:49:54,34.4,paid
2872298,751178,2025-10-11 12:14:20,2042.0,paid
1997929,260444,2025-05-08 08:55:40,767.47,paid
5007606,178553,2025-04-08 01:09:44,37.59,paid
1355790,421775,2025-08-19 12:32:37,24.18,paid
1423745,492564,2025-05-22 09:51:25,351.17,paid
2143170,210309,2025-10-19 04:35:29,34.36,paid
4065456,805943,2025-11-08 12:05:00,45.99,paid
6199502,124671,2025-11-17 10:09:53,407.41,paid
6212672,282693,2025-12-20 16:16:19,34.5,paid
7060265,450199,2025-09-24 18:56:10,96.04,paid
6336916,260951,2025-01-07 09:50:58,2968.18,paid
6730353,699272,2025-05-20 17:33:12,85.46,paid
3614775,170008,2025-05-23 12:22:07,2112.69,paid
297649,334270,2025-11-12 13:36:11,3026.54,paid
7935704,640065,2025-07-14 16:54:57,50.38,uncollectible
396502,310258,2025-11-18 09:33:01,51.22,void
9944721,618152,2025-08-29 17:31:08,1498.37,paid
9795174,138819,2025-08-03 15:17:45,67.46,paid
9613135,692735,2025-12-22 16:00:57,104.11,paid
7970115,178553,2025-05-01 08:48:30,36.95,paid
9698105,706802,2025-03-23 08:09:55,691.53,void
773804,620640,2025-01-27 11:26:34,407.85,paid
3725401,216864,2025-05-08 19:23:18,24.66,uncollectible
8951437,353738,2025-12-01 11:00:24,878.6,paid
6607704,487420,2025-11-27 16:49:48,595.98,paid
6280914,143122,2025-09-09 21:45:54,40.24,uncollectible
4538324,176599,2025-10-10 04:54:06,60.26,paid
6271649,182485,2025-01-11 11:35:00,143.02,paid
4507980,686117,2025-01-17 09:47:34,81.19,paid
7912233,495640,2025-07-20 18:22:21,89.73,paid
1039605,133896,2025-02-08 15:32:20,2643.08,paid
1498774,623050,2025-07-07 12:44:51,56.46,paid
1838583,575421,2025-07-13 18:11:24,97.59,paid
693798,314260,2025-05-20 15:03:28,2072.95,paid
2658135,228499,2025-12-24 00:56:00,36.24,paid
1263752,968396,2025-05-03 15:38:23,69.26,paid
9889859,749288,2025-08-15 09:32:14,1865.84,paid
4242963,562219,2025-08-15 00:26:47,2292.36,paid
3272355,466834,2025-03-31 16:54:06,630.5,paid
7052510,153122,2025-03-05 19:10:01,49.55,paid
5072133,116626,2025-02-13 08:27:15,3939.72,paid
9519555,110220,2025-09-16 15:15:03,57.95,uncollectible
9614469,734573,2025-01-26 11:17:16,599.24,paid
8013685,943757,2025-01-02 10:49:28,367.48,paid
8221048,634412,2025-05-22 12:49:15,4353.03,paid
679128,640065,2025-02-09 14:41:40,43.16,paid
1649597,523028,2025-12-21 09:38:51,56.02,paid
5443194,320794,2025-09-16 09:31:05,56.78,paid
9421499,196331,2025-08-04 07:07:02,939.54,paid
8359858,461906,2025-04-28 21:43:10,46.34,open
8329699,451238,2025-07-02 06:21:08,764.39,paid
8916490,586841,2025-05-29 08:45:24,200.23,paid
3113370,129145,2025-04-09 17:57:44,710.31,paid
9275222,865183,2025-03-02 07:37:37,2852.03,paid
8922119,722037,2025-10-22 17:15:57,140.61,paid
78493,383211,2025-10-23 15:05:31,821.69,paid
7319876,810968,2025-08-31 16:42:26,321.89,paid
7798336,393626,2025-06-14 16:25:14,689.58,paid
4441550,661655,2025-05-17 17:05:26,60.97,paid
3611880,968396,2025-06-20 08:05:41,75.65,paid
1620401,870010,2025-04-24 09:32:03,251.19,paid
4476693,747100,2025-01-09 13:47:14,66.03,void
3276522,296755,2025-07-13 08:35:22,125.22,paid
5256792,343808,2025-03-03 06:19:42,76.71,paid
6037400,171084,2025-10-31 09:17:58,1026.4,paid
1466023,441439,2025-08-21 12:27:30,78.1,paid
4059958,343808,2025-04-17 08:21:37,66.45,paid
9504163,182564,2025-11-14 14:28:21,64.96,paid
396298,450199,2025-05-09 13:08:01,84.49,paid
4254209,700790,2025-02-27 12:00:37,47.03,paid
9563728,679810,2025-01-02 08:06:49,575.63,paid
4677277,624539,2025-07-12 15:23:09,35.94,paid
1949782,622939,2025-07-19 15:06:05,537.25,paid
8418880,252591,2025-11-02 10:58:01,421.19,paid
4221625,247003,2025-09-10 12:11:18,644.89,paid
8983586,592265,2025-09-24 16:53:51,59.68,paid
4727401,663857,2025-08-25 08:29:08,2511.44,paid
9091071,457960,2025-07-13 22:27:20,37.36,paid
794377,896132,2025-07-05 12:44:04,97.71,open
653715,379292,2025-07-29 16:27:47,3297.52,paid
4559268,663683,2025-06-12 23:32:52,47.83,paid
6673980,269785,2025-02-02 10:43:19,635.34,paid
6915098,345955,2025-08-08 14:58:43,348.98,paid
4407776,692863,2025-10-01 08:37:51,102.6,paid
4272772,102220,2025-12-08 16:16:23,284.07,open
4971940,901602,2025-02-11 08:35:55,951.86,paid
2068684,269555,2025-11-09 17:57:27,231.91,paid
6877033,665391,2025-11-17 19:49:49,24.0,paid
9201074,626850,2025-04-20 10:59:35,57.85,open
6183223,574470,2025-10-05 14:28:58,436.68,paid
2844596,113010,2025-04-16 12:04:04,56.4,paid
7243988,288150,2025-02-13 02:34:16,306.29,paid
8852894,916037,2025-09-09 01:44:55,36.99,paid
5131087,668059,2025-07-26 07:59:56,55.55,paid
4431770,517173,2025-08-06 14:23:21,189.53,paid
3177786,692735,2025-08-24 17:11:05,98.78,paid
8862738,358468,2025-02-27 18:01:34,388.91,paid
5877418,722037,2025-08-22 14:37:11,137.67,paid
8770664,747100,2025-03-30 16:19:12,56.79,paid
1353325,290736,2025-10-01 13:57:28,15136.13,open
4530018,174010,2025-02-15 10:35:48,98.44,paid
5379170,989157,2025-08-29 12:18:07,94.12,paid
7498741,252591,2025-04-09 09:16:26,377.37,paid
3273903,996360,2025-11-09 14:04:17,98.08,paid
6407133,313943,2025-12-30 22:40:59,1013.06,paid
5805414,504637,2025-03-08 13:10:55,46.19,paid
9918540,393197,2025-09-10 15:59:13,790.09,paid
6074543,357563,2025-01-11 12:31:06,190.95,paid
4696855,237570,2025-04-29 07:41:10,366.17,paid
9889682,574882,2025-11-08 11:07:22,70.4,paid
42888,201820,2025-12-24 19:34:51,3528.16,uncollectible
2826661,970221,2025-10-13 11:08:38,47.63,paid
7221612,674609,2025-05-11 11:46:10,73.17,paid
8507779,228677,2025-04-22 12:01:02,57.21,paid
333342,381306,2025-07-01 13:52:34,539.58,paid
8728189,651612,2025-04-08 19:03:02,55.52,paid
9991786,393626,2025-09-08 16:21:20,703.7,paid
8650093,692337,2025-01-18 10:19:18,659.34,paid
2131429,574470,2025-07-15 08:48:13,386.04,paid
9492154,205373,2025-12-03 23:23:01,1666.26,open
3119156,911267,2025-06-03 15:27:07,2794.76,paid
2302934,980608,2025-09-26 15:59:28,248.86,paid
559688,537536,2025-03-07 22:04:45,348.92,paid
2705689,875381,2025-08-01 16:16:21,800.96,paid
4553875,841724,2025-09-10 09:21:40,2997.5,open
9331447,809176,2025-05-27 07:41:04,663.27,paid
4322858,448227,2025-06-09 16:46:14,776.08,paid
2559397,810060,2025-10-10 19:07:52,47.62,void
585443,550912,2025-06-27 14:39:15,57.49,paid
6586336,260444,2025-09-24 10:01:01,747.33,paid
2159589,284686,2025-05-26 08:14:50,55.84,paid
39815,200865,2025-05-30 09:25:15,267.29,paid
7073989,650852,2025-03-18 13:16:28,39.24,open
345924,597040,2025-11-18 10:04:33,75.72,paid
3154798,142978,2025-03-27 11:19:12,235.6,paid
5596009,688496,2025-05-05 06:01:13,281.73,paid
58972,125160,2025-09-16 10:21:58,86.24,paid
5756776,380513,2025-10-10 18:12:30,79.74,uncollectible
7871454,633095,2025-12-06 11:22:49,1206.51,paid
231428,653379,2025-09-18 15:40:28,324.16,paid
4188754,574882,2025-06-24 16:20:53,78.55,paid
8120878,490866,2025-12-17 15:21:01,331.83,paid
9448584,531456,2025-09-30 09:29:02,94.8,paid
4888305,727242,2025-06-18 11:15:41,111.01,paid
1610788,253647,2025-01-07 10:19:57,60.69,paid
2107091,467235,2025-03-14 12:55:49,107.53,paid
5828106,859443,2025-07-29 10:00:55,20218.18,paid
3576275,977420,2025-08-26 16:57:31,24.59,paid
9067793,964514,2025-02-23 08:30:27,491.39,paid
1781385,751454,2025-09-30 17:03:05,2763.34,uncollectible
5701746,381513,2025-04-14 12:08:51,38.26,paid
7307490,874742,2025-07-06 10:50:02,993.62,paid
4799177,541269,2025-11-09 11:17:11,216.21,paid
1105352,691555,2025-07-04 14:28:52,642.91,paid
8286886,985138,2025-04-20 13:07:54,2031.71,open
6777502,687117,2025-06-27 18:02:38,48.89,paid
4711537,147538,2025-07-26 15:04:50,57.86,paid
8652141,530957,2025-12-12 17:09:25,192.63,paid
7476416,597592,2025-04-22 02:54:05,435.97,paid
5619600,315012,2025-08-30 23:22:05,4153.03,paid
2010518,977420,2025-08-26 15:27:03,22.83,paid
2076464,780194,2025-12-02 13:20:16,1456.47,paid
4337827,441844,2025-04-01 19:51:16,660.11,paid
6850581,791336,2025-02-01 10:54:35,532.43,uncollectible
5093397,339830,2025-07-10 14:51:57,2974.94,paid
2692338,292435,2025-06-19 13:06:27,840.41,paid
9378569,267533,2025-09-14 11:11:12,866.61,paid
5818893,929449,2025-03-31 07:02:48,915.08,paid
7686629,278618,2025-06-02 23:37:39,664.06,paid
1571413,282947,2025-05-03 14:08:04,58.57,paid
8512854,741178,2025-11-18 09:44:30,433.02,paid
1242029,194570,2025-05-10 14:50:02,31.5,paid
9827845,928274,2025-11-07 00:10:00,529.27,paid
1796530,404963,2025-04-05 16:18:36,553.55,paid
5789626,967279,2025-07-12 11:53:30,111.98,paid
968785,892300,2025-01-26 16:30:00,768.19,paid
1628385,443384,2025-06-25 17:22:49,85.18,paid
1230149,118948,2025-01-26 12:22:05,111.92,paid
1270477,661510,2025-11-21 17:58:11,477.38,paid
1719352,687117,2025-02-09 08:59:34,50.13,paid
73158,441792,2025-06-02 10:04:09,704.53,open
1383418,744158,2025-07-19 13:22:08,1205.53,paid
5124877,347163,2025-10-11 08:32:16,302.44,void
2996728,791336,2025-09-21 13:01:24,547.92,paid
2017053,498584,2025-05-01 16:37:54,71.16,paid
8246574,428057,2025-08-02 11:55:50,43.5,paid
498741,110861,2025-10-11 21:54:27,74.36,paid
6110505,254108,2025-06-04 09:22:56,131.11,paid
2050275,717660,2025-06-09 15:03:35,76.91,paid
9366252,221718,2025-08-01 14:10:55,46.61,paid
6816661,451436,2025-04-13 20:35:01,33.51,paid
4961360,549976,2025-03-08 19:30:10,1955.9,paid
7042964,221118,2025-10-21 14:57:06,33.22,paid
8370677,164239,2025-12-03 09:23:14,40.24,paid
1150239,541269,2025-09-19 10:31:13,211.45,paid
7310970,895559,2025-07-11 11:15:12,655.42,paid
1332103,110911,2025-07-11 12:03:16,38.77,paid
1142506,349808,2025-03-19 12:11:51,406.34,paid
91225,873644,2025-05-15 08:12:28,325.71,paid
1309283,751178,2025-10-25 13:22:48,2273.66,paid
5802109,647019,2025-03-03 08:02:30,808.74,paid
78172,108606,2025-12-25 17:54:03,652.8,paid
7537198,122331,2025-08-13 10:42:44,34.7,open
5619474,262678,2025-08-12 17:40:37,72.85,paid
3051077,631096,2025-08-21 12:01:13,33.44,paid
5728607,177009,2025-05-05 09:25:40,21.66,paid
3236062,372638,2025-05-21 13:17:08,35.06,paid
6628696,574882,2025-09-02 12:03:14,74.88,paid
3201445,836507,2025-06-18 19:00:36,102.17,paid
2511907,170417,2025-07-09 10:20:46,862.19,paid
5915667,143122,2025-09-09 18:57:16,35.02,paid
5942860,669720,2025-04-01 17:40:42,5609.94,paid
8495369,729870,2025-05-27 18:34:21,270.73,paid
8819879,820426,2025-05-07 08:09:13,53.12,paid
2669115,600774,2025-03-25 14:12:58,3577.6,paid
775629,169880,2025-10-05 10:43:58,98.91,paid
5755642,682986,2025-08-31 08:07:13,130.09,open
5481245,577783,2025-07-23 13:04:58,705.53,paid
2595768,132627,2025-09-30 11:41:34,56.47,paid
6882858,125807,2025-03-27 17:25:30,594.15,paid
5116786,234922,2025-09-25 23:07:58,2794.36,paid
4207154,469600,2025-07-14 07:28:07,680.14,paid
3262260,412468,2025-06-25 14:06:36,47.55,paid
9935432,552380,2025-05-15 16:32:52,1466.96,paid
5399988,176590,2025-04-17 12:43:22,32.73,paid
3139185,641547,2025-02-27 07:51:36,733.03,paid
3209726,656281,2025-05-30 15:55:18,216.86,paid
7526237,629748,2025-08-04 10:14:42,83.42,paid
4476641,219926,2025-08-09 16:55:54,3146.78,open
3038743,778013,2025-12-01 16:04:11,112.09,paid
2945026,622939,2025-06-30 16:59:47,501.1,paid
1753158,692735,2025-04-09 11:15:02,96.34,paid
9168585,886365,2025-06-16 09:21:50,2699.78,paid
8280641,736270,2025-10-09 13:49:52,5270.95,paid
9143602,364714,2025-08-29 14:22:33,99.37,paid
9651601,227254,2025-06-30 07:08:15,69.02,paid
9210682,591895,2025-12-25 14:41:56,110.52,paid
3399022,540658,2025-10-18 12:21:38,60.76,paid
3744831,873644,2025-12-24 15:42:28,325.44,paid
9948183,451436,2025-04-17 07:28:36,36.0,paid
2040642,498799,2025-06-08 09:10:11,421.9,paid
9323886,285164,2025-05-23 13:42:16,86.75,paid
2198646,292475,2025-01-26 14:52:08,2142.71,paid
3559595,579749,2025-08-04 10:19:24,59.24,paid
6569448,394508,2025-02-09 22:30:08,39.45,open
375934,979522,2025-01-02 18:22:47,71.53,void
3719990,722037,2025-02-21 14:20:25,141.63,paid
1667753,301959,2025-12-15 11:11:57,892.32,paid
8125277,298048,2025-10-08 11:43:39,61.21,paid
8671294,181128,2025-08-28 09:44:12,630.12,paid
573326,142057,2025-03-07 11:38:27,396.43,paid
9802924,558167,2025-10-28 08:56:12,1739.9,paid
9009326,232216,2025-01-07 21:34:12,37.95,paid
1089724,139506,2025-08-12 07:29:41,49.83,paid
4329368,723768,2025-01-28 08:17:51,402.32,paid
6497387,902347,2025-05-21 11:18:23,3354.87,paid
4890058,431016,2025-09-05 15:01:05,38.51,paid
8226004,309198,2025-10-17 07:53:29,36.37,paid
7925365,165228,2025-06-18 10:43:22,655.44,paid
5812541,260885,2025-06-12 07:29:31,38.05,paid
389906,189189,2025-12-01 14:36:53,414.75,paid
3552889,364738,2025-08-30 08:33:14,916.72,uncollectible
3294936,105266,2025-09-18 12:00:29,69.72,paid
2033398,896132,2025-03-20 10:29:24,89.33,paid
4682432,824578,2025-12-14 12:45:38,545.15,paid
2369892,769395,2025-07-20 18:10:44,71.39,paid
403876,684083,2025-10-02 07:45:46,48.83,paid
5336580,938120,2025-06-10 08:39:00,190.94,paid
4578019,540233,2025-10-25 10:18:10,27.08,paid
8573462,731867,2025-05-03 04:21:45,769.22,paid
6314367,156588,2025-09-13 11:28:33,312.27,paid
2618368,381306,2025-07-02 04:10:09,473.02,paid
3850516,574470,2025-09-05 13:12:26,452.4,paid
5057033,551545,2025-05-05 13:57:28,34.02,paid
3042305,948864,2025-03-20 02:27:28,577.3,paid
5083870,620446,2025-05-25 12:32:03,36.11,paid
670449,656281,2025-08-18 10:21:54,239.15,paid
3970441,252079,2025-08-05 08:25:03,80.92,paid
463355,189198,2025-12-08 12:18:10,12.17,paid
9878944,399159,2025-06-18 09:01:42,201.68,paid
2253324,741646,2025-06-04 09:35:53,740.45,paid
4872114,498584,2025-12-11 18:11:48,73.1,paid
2419647,941144,2025-01-19 17:20:19,264.1,paid
8744601,407884,2025-12-20 18:30:00,990.75,paid
4611396,108606,2025-04-27 22:40:06,587.26,paid
8702526,425690,2025-05-13 16:03:30,33.06,paid
5115591,726509,2025-02-14 07:51:30,89.0,paid
7829052,615864,2025-09-02 10:00:35,621.56,paid
1149727,618342,2025-11-29 12:42:32,3744.9,paid
7993120,475777,2025-12-11 12:55:21,51.06,paid
6711817,111647,2025-11-05 09:52:49,6811.97,paid
2015367,110861,2025-07-17 14:34:56,65.52,paid
6368148,712131,2025-04-12 14:56:36,933.08,paid
3001003,157411,2025-03-14 04:15:16,4496.02,open
6773247,140321,2025-07-28 13:57:40,398.18,paid
5207351,110861,2025-11-30 07:42:16,70.27,void
5941631,623050,2025-07-10 08:17:53,61.99,paid
3120371,964514,2025-08-16 09:32:49,479.91,paid
8456566,999282,2025-07-04 20:50:13,35.42,paid
7108746,574768,2025-04-11 14:03:19,852.49,paid
103400,553898,2025-07-01 03:18:41,94.96,paid
1022950,144659,2025-08-29 12:46:30,488.31,paid
2088912,983167,2025-08-07 10:23:08,951.65,paid
8149234,812313,2025-11-08 11:26:11,93.45,paid
3326482,775527,2025-03-19 14:48:28,2308.6,paid
9223364,739739,2025-12-14 15:38:50,35.75,paid
6271891,263501,2025-04-23 19:29:39,42.6,paid
6259899,145314,2025-10-08 09:49:36,46.25,paid
8506668,277459,2025-12-20 10:41:31,144.83,paid
6713438,372540,2025-08-17 14:27:42,1605.79,paid
873305,691555,2025-08-11 16:13:17,613.08,open
1649691,695044,2025-08-28 11:48:06,3869.05,paid
173865,713907,2025-01-30 13:16:23,51.53,paid
21223,790366,2025-06-02 16:02:04,33.96,paid
7331875,433844,2025-10-25 08:13:03,33.54,paid
518933,580725,2025-07-25 07:25:07,36.37,open
4029490,946742,2025-02-21 10:50:49,55.85,paid
9899816,377902,2025-10-12 08:25:12,3803.77,open
6845023,143529,2025-03-20 13:43:56,83.94,paid
767939,921303,2025-05-17 07:12:30,584.7,paid
2730202,444888,2025-04-29 14:18:09,706.19,paid
1185570,885767,2025-04-18 12:24:27,284.29,paid
9127586,565218,2025-12-23 21:24:22,2844.37,paid
4904503,318214,2025-10-10 09:40:02,71.98,paid
4744711,938137,2025-01-04 13:09:14,785.19,paid
8509936,399159,2025-08-18 16:46:59,180.73,paid
1456990,364714,2025-10-16 16:18:08,95.66,paid
947132,713834,2025-06-24 16:57:19,49.12,paid
3858956,865573,2025-05-13 16:37:00,111.67,paid
5825351,847327,2025-10-13 10:19:08,853.84,paid
7589585,696918,2025-01-19 01:28:08,297.09,paid
8029105,372607,2025-11-19 15:56:39,563.49,paid
5128280,548818,2025-12-13 22:46:58,392.73,paid
1290705,863793,2025-12-19 17:25:18,84.09,paid
9083622,435506,2025-05-08 08:58:53,458.35,paid
7509313,613449,2025-09-12 15:29:33,249.81,paid
6650150,212090,2025-09-23 09:58:09,894.38,paid
8740552,111647,2025-02-10 10:00:03,7765.1,paid
4144128,744158,2025-04-20 07:57:23,999.77,paid
3088469,379292,2025-07-04 12:02:22,3205.18,paid
626463,269728,2025-05-01 19:07:05,3122.7,paid
2920411,533010,2025-01-03 17:30:54,296.5,paid
67631,349634,2025-05-06 13:13:56,3832.98,paid
9164381,961788,2025-12-02 07:51:43,35.14,paid
7293214,975101,2025-03-22 08:04:36,62.73,uncollectible
6810440,156588,2025-10-30 08:29:54,313.06,paid
6036689,404631,2025-02-11 11:31:25,327.96,paid
4964662,759736,2025-03-23 19:48:39,500.4,paid
4841870,985138,2025-03-31 10:19:03,1835.82,paid
832091,314615,2025-05-16 09:38:02,67.6,paid
3331880,911267,2025-07-17 12:27:46,2849.41,paid
865569,201572,2025-12-18 09:10:37,948.98,paid
5998757,393007,2025-11-04 14:18:03,35.62,paid
2767453,236797,2025-10-17 10:07:31,46.68,paid
245150,516478,2025-07-29 12:31:13,36.61,open
9317789,629748,2025-10-20 19:21:24,78.69,paid
6174051,916037,2025-10-06 11:46:17,33.57,void
2093801,931016,2025-05-16 14:38:54,270.36,paid
9665581,913140,2025-09-06 10:34:16,125.56,paid
902325,244780,2025-01-25 16:46:15,5524.27,paid
4195286,144659,2025-04-24 16:32:40,591.02,paid
4900466,223459,2025-11-13 09:18:33,86.34,paid
2755671,176590,2025-02-04 11:29:38,40.3,paid
2340346,670699,2025-02-19 09:50:52,726.59,paid
1082367,441926,2025-02-08 11:43:42,68.14,paid
5366962,255136,2025-07-08 22:30:25,93.27,paid
1989075,896894,2025-10-25 09:54:58,1770.25,paid
1751649,281254,2025-12-29 13:16:38,359.06,paid
7051842,111936,2025-01-09 09:31:21,819.44,paid
7606018,423101,2025-09-03 11:08:42,4802.65,paid
4904923,213004,2025-12-07 15:45:57,80.52,paid
2727353,318214,2025-05-12 15:00:30,73.64,paid
7548662,289034,2025-07-19 08:59:38,91.7,paid
4900332,142057,2025-05-17 13:50:19,454.87,paid
1892565,441439,2025-11-28 12:14:09,69.72,paid
7033230,805099,2025-02-16 19:38:14,34.68,open
4354035,679825,2025-11-01 10:54:53,3621.62,paid
7556192,443866,2025-01-08 11:44:38,35.87,paid
5050055,369202,2025-11-23 16:10:57,591.08,paid
8606181,122331,2025-08-12 18:14:06,33.03,paid
4229760,515718,2025-08-11 12:32:56,403.76,paid
7667599,676614,2025-11-21 09:40:53,387.8,paid
1430215,822666,2025-07-04 01:42:32,810.55,paid
7314570,907406,2025-07-13 11:46:54,39.21,paid
8030944,129145,2025-11-12 11:40:46,735.01,paid
7527408,368540,2025-11-24 17:34:21,64.53,paid
9645225,465105,2025-08-31 16:12:51,48.93,paid
2631578,290736,2025-09-05 18:48:44,14921.27,paid
82669,591371,2025-09-01 09:50:02,257.38,paid
1108088,165982,2025-09-16 23:57:06,356.49,open
4204326,572896,2025-10-07 03:17:13,47.82,paid
3107521,629593,2025-06-10 12:22:42,2380.55,paid
5414067,651612,2025-10-26 13:27:53,60.57,paid
2805012,537263,2025-10-23 09:04:41,615.85,paid
4545036,336415,2025-05-05 17:38:00,65.58,paid
