ticket_id,account_id,opened_at,priority,category,satisfaction_score,resolution_hours,resolved_at
563761,466834,2025-04-21 10:28:33,normal,Billing,,,
364489,509193,2025-10-29 20:26:40,normal,Billing,1,41.3,2025-10-31 13:44:40
1274,263552,2025-10-24 11:15:00,normal,Integrations,4,59.8,2025-10-26 23:03:00
671186,412093,2025-09-10 20:04:41,normal,Bug Report,,,
184373,150144,2025-12-26 16:11:30,normal,Onboarding,5,16.5,2025-12-27 08:41:30
258749,704625,2025-01-13 13:45:58,normal,Billing,5,66.6,2025-01-16 08:21:58
608178,150144,2025-02-22 13:48:47,normal,Feature Request,4,35.4,2025-02-24 01:12:47
647449,517173,2025-08-20 19:14:19,high,Integrations,4,13.2,2025-08-21 08:26:19
510302,270148,2025-03-15 08:45:04,normal,Feature Request,,,
226670,877086,2025-07-20 11:07:07,low,Integrations,4,102.4,2025-07-24 17:31:07
974149,379292,2025-09-25 17:08:46,normal,Bug Report,5,21.4,2025-09-26 14:32:46
38910,561696,2025-08-28 08:11:06,low,Performance,3,97.7,2025-09-01 09:53:06
692363,152728,2025-03-19 07:23:00,low,Bug Report,5,85.0,2025-03-22 20:23:00
815655,613197,2025-07-13 08:20:59,low,Bug Report,3,85.1,2025-07-16 21:26:59
605075,819790,2025-09-03 12:44:47,urgent,Performance,2,4.0,2025-09-03 16:44:47
359444,209357,2025-09-09 21:16:37,normal,Feature Request,3,37.0,2025-09-11 10:16:37
232685,531301,2025-11-20 08:39:45,low,Billing,5,20.3,2025-11-21 04:57:45
852579,925203,2025-12-25 08:24:02,low,Performance,4,45.6,2025-12-27 06:00:02
497840,514217,2025-07-27 22:32:21,normal,Bug Report,5,18.8,2025-07-28 17:20:21
396309,540498,2025-11-08 18:07:21,high,Bug Report,,,
835395,481953,2025-05-16 09:34:37,normal,Performance,4,30.9,2025-05-17 16:28:37
906027,701732,2025-09-09 07:52:17,normal,Integrations,4,45.9,2025-09-11 05:46:17
595449,104172,2025-08-07 08:34:00,low,Integrations,4,35.7,2025-08-08 20:16:00
662927,118948,2025-05-01 09:11:07,high,Onboarding,4,10.2,2025-05-01 19:23:07
732213,227254,2025-02-08 18:04:38,low,Integrations,4,28.5,2025-02-09 22:34:38
468,785078,2025-02-09 08:06:21,normal,Integrations,4,28.0,2025-02-10 12:06:21
455684,278077,2025-03-11 07:58:09,low,Integrations,4,23.4,2025-03-12 07:22:09
436953,911267,2025-12-12 09:55:12,low,Integrations,4,102.5,2025-12-16 16:25:12
257800,373043,2025-04-15 07:17:18,high,Bug Report,3,8.7,2025-04-15 15:59:18
941771,722037,2025-02-16 19:16:15,high,Onboarding,5,9.5,2025-02-17 04:46:15
180063,282947,2025-01-22 11:48:06,low,Integrations,4,71.1,2025-01-25 10:54:06
927916,265989,2025-11-12 13:36:34,normal,Onboarding,5,22.6,2025-11-13 12:12:34
459308,299619,2025-04-12 08:10:23,normal,Billing,4,30.0,2025-04-13 14:10:23
783435,621013,2025-09-25 21:16:51,normal,Billing,5,54.5,2025-09-28 03:46:51
929984,129145,2025-04-12 16:58:10,low,Feature Request,4,29.2,2025-04-13 22:10:10
951574,156588,2025-09-22 16:51:43,normal,Feature Request,1,37.0,2025-09-24 05:51:43
54750,713834,2025-12-24 23:30:06,normal,Onboarding,4,26.5,2025-12-26 02:00:06
549661,540658,2025-11-04 16:55:34,low,Billing,,,
542009,641547,2025-01-05 10:54:16,high,Performance,5,19.7,2025-01-06 06:36:16
967830,791336,2025-03-13 20:08:08,low,Onboarding,5,22.6,2025-03-14 18:44:08
646951,650871,2025-03-22 16:57:25,high,Billing,2,15.2,2025-03-23 08:09:25
469645,390602,2025-09-01 14:43:02,high,Billing,3,8.9,2025-09-01 23:37:02
465787,208561,2025-03-15 10:45:48,normal,Billing,2,55.1,2025-03-17 17:51:48
73108,888943,2025-05-07 14:56:47,normal,Bug Report,4,24.6,2025-05-08 15:32:47
924962,149208,2025-06-04 10:05:05,normal,Bug Report,5,35.8,2025-06-05 21:53:05
484515,310019,2025-09-16 15:07:30,low,Feature Request,2,35.3,2025-09-18 02:25:30
622311,695829,2025-09-13 04:43:04,low,Bug Report,2,63.7,2025-09-15 20:25:04
430795,596031,2025-06-06 13:57:19,normal,Bug Report,5,49.6,2025-06-08 15:33:19
415858,741646,2025-06-05 14:31:34,low,Integrations,4,101.7,2025-06-09 20:13:34
415919,540233,2025-03-29 10:17:27,normal,Bug Report,3,22.2,2025-03-30 08:29:27
897808,488220,2025-02-28 21:19:17,normal,Onboarding,4,16.9,2025-03-01 14:13:17
651493,548818,2025-07-28 14:11:28,normal,Billing,5,38.5,2025-07-30 04:41:28
491503,685200,2025-07-22 06:53:54,high,Feature Request,5,6.6,2025-07-22 13:29:54
36414,417940,2025-07-28 12:40:55,urgent,Onboarding,5,3.5,2025-07-28 16:10:55
278175,695829,2025-10-11 09:41:00,normal,Integrations,3,21.4,2025-10-12 07:05:00
825789,644079,2025-08-25 19:14:29,high,Bug Report,2,12.9,2025-08-26 08:08:29
348080,256035,2025-01-18 08:21:59,low,Onboarding,4,85.0,2025-01-21 21:21:59
936881,918212,2025-06-21 19:44:32,low,Integrations,4,124.0,2025-06-26 23:44:32
648225,729073,2025-12-17 11:57:10,normal,Bug Report,5,12.9,2025-12-18 00:51:10
934368,999282,2025-07-04 23:18:19,normal,Feature Request,5,58.3,2025-07-07 09:36:19
257033,262678,2025-01-04 10:07:29,low,Bug Report,4,19.2,2025-01-05 05:19:29
11865,225784,2025-11-25 07:12:22,low,Feature Request,4,84.6,2025-11-28 19:48:22
713131,236797,2025-10-27 03:41:02,low,Integrations,5,105.4,2025-10-31 13:05:02
14945,269978,2025-05-19 14:23:52,normal,Integrations,2,32.5,2025-05-20 22:53:52
119385,216067,2025-09-04 15:51:53,high,Integrations,5,13.3,2025-09-05 05:09:53
741614,921303,2025-10-16 09:30:47,urgent,Onboarding,2,4.7,2025-10-16 14:12:47
330786,448227,2025-06-11 09:15:02,normal,Onboarding,4,34.1,2025-06-12 19:21:02
887954,626504,2025-12-04 01:47:17,normal,Bug Report,2,9.8,2025-12-04 11:35:17
186800,395744,2025-09-21 07:46:47,normal,Performance,4,18.5,2025-09-22 02:16:47
809455,512181,2025-06-21 14:20:09,urgent,Performance,4,3.6,2025-06-21 17:56:09
209611,896132,2025-04-26 13:11:51,normal,Bug Report,5,28.9,2025-04-27 18:05:51
634970,465105,2025-03-22 08:03:09,high,Integrations,5,15.6,2025-03-22 23:39:09
860233,119546,2025-08-25 08:49:00,normal,Onboarding,4,59.5,2025-08-27 20:19:00
17709,586292,2025-09-10 07:19:18,normal,Onboarding,4,25.6,2025-09-11 08:55:18
333712,663683,2025-08-01 13:59:31,low,Bug Report,,,
338464,129289,2025-09-01 11:30:21,normal,Performance,2,25.2,2025-09-02 12:42:21
937371,414105,2025-05-25 09:38:08,normal,Integrations,2,44.5,2025-05-27 06:08:08
585229,713583,2025-10-15 09:24:25,low,Onboarding,5,50.2,2025-10-17 11:36:25
773402,218019,2025-09-14 05:25:50,normal,Billing,1,52.0,2025-09-16 09:25:50
377100,365660,2025-11-15 12:57:54,high,Integrations,5,4.1,2025-11-15 17:03:54
143538,662747,2025-09-16 21:12:41,high,Onboarding,2,17.1,2025-09-17 14:18:41
838723,992229,2025-09-20 11:41:11,low,Bug Report,5,65.5,2025-09-23 05:11:11
768236,207113,2025-07-13 20:55:36,low,Billing,4,75.2,2025-07-17 00:07:36
944856,996819,2025-12-01 09:59:36,normal,Integrations,5,46.9,2025-12-03 08:53:36
296896,209357,2025-09-09 23:58:15,normal,Bug Report,5,18.5,2025-09-10 18:28:15
920021,823375,2025-08-05 03:06:05,low,Billing,3,89.1,2025-08-08 20:12:05
636456,656281,2025-10-17 15:30:46,normal,Onboarding,3,13.9,2025-10-18 05:24:46
795331,176590,2025-12-23 05:54:51,normal,Integrations,3,26.5,2025-12-24 08:24:51
665465,600806,2025-06-17 01:32:51,low,Billing,5,59.2,2025-06-19 12:44:51
14163,989157,2025-11-11 09:50:37,normal,Integrations,3,13.7,2025-11-11 23:32:37
456447,301410,2025-01-09 10:34:58,normal,Integrations,5,43.6,2025-01-11 06:10:58
140212,519323,2025-06-03 11:25:03,normal,Feature Request,5,24.0,2025-06-04 11:25:03
898803,991768,2025-07-15 12:41:41,low,Billing,5,36.5,2025-07-17 01:11:41
947786,623050,2025-07-07 10:43:20,normal,Performance,3,28.1,2025-07-08 14:49:20
206725,850797,2025-06-10 01:55:05,low,Integrations,5,47.2,2025-06-12 01:07:05
63402,954668,2025-08-13 12:39:14,high,Feature Request,4,18.8,2025-08-14 07:27:14
31058,346678,2025-05-13 06:30:07,low,Billing,5,138.9,2025-05-19 01:24:07
313783,644079,2025-10-16 10:55:05,normal,Integrations,4,57.0,2025-10-18 19:55:05
710962,174373,2025-03-22 11:03:06,high,Bug Report,3,13.0,2025-03-23 00:03:06
629224,424994,2025-08-27 21:39:02,low,Performance,5,100.5,2025-09-01 02:09:02
276878,733368,2025-04-06 04:39:36,low,Performance,4,96.4,2025-04-10 05:03:36
91464,593883,2025-05-13 16:53:42,low,Bug Report,3,98.2,2025-05-17 19:05:42
29328,205373,2025-07-26 03:36:50,normal,Billing,,,
427696,331536,2025-09-09 14:35:44,normal,Bug Report,,,
133148,623050,2025-10-21 15:24:49,low,Billing,4,25.3,2025-10-22 16:42:49
341175,481021,2025-11-06 17:21:13,normal,Billing,3,31.3,2025-11-08 00:39:13
325721,284692,2025-07-25 08:16:20,low,Onboarding,5,58.9,2025-07-27 19:10:20
594991,441926,2025-12-08 05:15:29,normal,Bug Report,,,
812211,352867,2025-07-28 07:00:51,low,Bug Report,,,
102418,634053,2025-04-29 11:08:00,low,Bug Report,5,85.6,2025-05-03 00:44:00
495563,935611,2025-08-01 11:33:30,low,Integrations,5,46.0,2025-08-03 09:33:30
89331,944315,2025-08-03 05:05:40,normal,Performance,1,29.5,2025-08-04 10:35:40
814447,321951,2025-11-19 12:31:22,low,Performance,4,113.0,2025-11-24 05:31:22
826709,911267,2025-12-07 16:27:17,normal,Performance,4,21.6,2025-12-08 14:03:17
185741,833504,2025-03-17 12:23:45,normal,Integrations,3,36.4,2025-03-19 00:47:45
566963,574882,2025-11-03 09:43:49,urgent,Feature Request,4,4.8,2025-11-03 14:31:49
884255,150235,2025-08-20 13:46:52,normal,Bug Report,4,30.7,2025-08-21 20:28:52
233184,982749,2025-08-08 09:22:28,normal,Billing,1,31.6,2025-08-09 16:58:28
337232,295860,2025-09-04 14:42:25,normal,Billing,4,25.2,2025-09-05 15:54:25
313639,646309,2025-06-18 17:14:34,high,Bug Report,4,17.4,2025-06-19 10:38:34
836055,372607,2025-11-11 12:39:24,normal,Feature Request,4,32.8,2025-11-12 21:27:24
365276,890103,2025-09-09 16:09:26,urgent,Onboarding,5,4.8,2025-09-09 20:57:26
806109,929449,2025-12-25 19:10:27,normal,Integrations,4,48.4,2025-12-27 19:34:27
428487,627910,2025-10-03 12:35:30,normal,Feature Request,3,46.6,2025-10-05 11:11:30
827727,620640,2025-11-19 07:41:23,normal,Bug Report,5,57.2,2025-11-21 16:53:23
114931,406504,2025-08-14 17:41:56,normal,Feature Request,4,17.7,2025-08-15 11:23:56
772873,668059,2025-12-14 09:02:28,low,Feature Request,4,65.7,2025-12-17 02:44:28
379784,779156,2025-04-05 09:25:19,low,Bug Report,5,69.4,2025-04-08 06:49:19
965949,331311,2025-06-07 09:23:36,low,Billing,3,39.8,2025-06-09 01:11:36
522723,454905,2025-08-15 13:31:06,normal,Onboarding,4,26.1,2025-08-16 15:37:06
685358,301410,2025-09-26 13:30:20,urgent,Integrations,3,3.7,2025-09-26 17:12:20
121665,376850,2025-07-06 08:54:19,normal,Integrations,5,49.1,2025-07-08 10:00:19
495971,289034,2025-10-18 11:16:41,low,Performance,5,81.7,2025-10-21 20:58:41
119920,625558,2025-03-10 13:10:55,high,Feature Request,1,14.3,2025-03-11 03:28:55
843096,284939,2025-02-25 14:38:41,normal,Billing,5,13.7,2025-02-26 04:20:41
158405,694103,2025-02-08 13:28:23,high,Billing,,,
741482,929449,2025-06-08 13:47:32,normal,Bug Report,3,47.7,2025-06-10 13:29:32
361296,256231,2025-07-12 13:23:56,high,Integrations,5,6.4,2025-07-12 19:47:56
129705,269555,2025-04-27 16:47:48,low,Integrations,5,43.2,2025-04-29 11:59:48
231071,359178,2025-06-12 19:31:50,urgent,Onboarding,5,1.9,2025-06-12 21:25:50
43167,113010,2025-09-30 14:50:14,normal,Feature Request,5,16.4,2025-10-01 07:14:14
267968,398864,2025-02-05 10:47:42,high,Feature Request,3,6.5,2025-02-05 17:17:42
943435,201572,2025-10-26 11:03:41,high,Feature Request,4,10.0,2025-10-26 21:03:41
590451,430826,2025-09-08 15:38:10,normal,Integrations,4,23.1,2025-09-09 14:44:10
783504,847561,2025-11-21 11:56:30,low,Bug Report,5,141.3,2025-11-27 09:14:30
845431,242324,2025-01-25 08:21:37,normal,Billing,5,60.1,2025-01-27 20:27:37
638058,671372,2025-02-06 08:46:11,urgent,Billing,4,5.5,2025-02-06 14:16:11
527419,823375,2025-08-09 18:41:47,normal,Integrations,5,51.8,2025-08-11 22:29:47
864904,842517,2025-08-03 09:05:45,normal,Billing,3,47.1,2025-08-05 08:11:45
99267,705149,2025-07-11 09:41:44,normal,Integrations,4,19.7,2025-07-12 05:23:44
107964,540233,2025-07-26 09:20:34,normal,Bug Report,5,18.8,2025-07-27 04:08:34
736621,656283,2025-11-03 11:01:33,normal,Performance,4,39.6,2025-11-05 02:37:33
477062,431648,2025-12-13 19:34:12,normal,Performance,5,47.0,2025-12-15 18:34:12
28461,919974,2025-05-29 11:53:54,normal,Bug Report,4,23.9,2025-05-30 11:47:54
636419,802565,2025-09-16 15:58:21,low,Integrations,4,111.0,2025-09-21 06:58:21
187508,600525,2025-09-11 08:52:01,normal,Integrations,4,61.0,2025-09-13 21:52:01
275023,550131,2025-03-07 09:24:55,high,Onboarding,5,4.2,2025-03-07 13:36:55
371151,402163,2025-06-07 12:38:57,high,Integrations,3,5.4,2025-06-07 18:02:57
893138,321951,2025-02-28 15:37:03,low,Onboarding,4,110.8,2025-03-05 06:25:03
172437,943858,2025-01-17 16:50:32,low,Integrations,5,55.5,2025-01-20 00:20:32
30157,695044,2025-08-18 06:53:49,low,Bug Report,3,81.3,2025-08-21 16:11:49
349104,938120,2025-02-11 14:34:23,high,Bug Report,4,6.4,2025-02-11 20:58:23
305871,958517,2025-11-21 08:12:36,normal,Onboarding,4,50.1,2025-11-23 10:18:36
105334,174010,2025-10-29 15:15:36,urgent,Feature Request,4,3.8,2025-10-29 19:03:36
693346,633095,2025-08-03 11:17:39,low,Feature Request,5,132.5,2025-08-08 23:47:39
612521,260951,2025-12-01 08:35:53,normal,Feature Request,5,60.5,2025-12-03 21:05:53
998802,143805,2025-11-23 10:59:08,normal,Billing,4,29.1,2025-11-24 16:05:08
172473,475777,2025-10-01 17:58:17,normal,Integrations,,,
238418,224336,2025-11-14 16:38:50,high,Billing,4,8.3,2025-11-15 00:56:50
116922,988184,2025-07-11 22:46:45,normal,Bug Report,4,39.5,2025-07-13 14:16:45
707857,495640,2025-02-27 07:53:19,high,Bug Report,4,21.7,2025-02-28 05:35:19
730022,823375,2025-08-05 07:18:10,low,Onboarding,,,
846446,124161,2025-08-14 14:16:14,low,Onboarding,3,127.7,2025-08-19 21:58:14
761393,790797,2025-10-14 17:36:59,normal,Integrations,5,28.8,2025-10-15 22:24:59
567410,395913,2025-12-15 10:45:43,normal,Integrations,5,23.5,2025-12-16 10:15:43
862,644079,2025-06-05 09:47:27,normal,Onboarding,5,44.1,2025-06-07 05:53:27
238649,205373,2025-09-14 19:57:18,low,Feature Request,5,134.3,2025-09-20 10:15:18
220493,278870,2025-03-24 12:01:38,high,Performance,5,17.4,2025-03-25 05:25:38
734438,799901,2025-07-01 12:23:19,high,Integrations,5,10.7,2025-07-01 23:05:19
870657,169880,2025-06-04 15:40:08,urgent,Billing,4,4.0,2025-06-04 19:40:08
779293,364738,2025-05-07 03:04:39,normal,Billing,5,25.7,2025-05-08 04:46:39
952562,992229,2025-09-10 07:34:55,low,Integrations,5,131.3,2025-09-15 18:52:55
295245,799789,2025-05-30 16:00:00,high,Onboarding,5,14.1,2025-05-31 06:06:00
616589,684083,2025-06-26 05:00:53,low,Feature Request,,,
787818,196847,2025-01-02 08:44:54,low,Feature Request,5,51.6,2025-01-04 12:20:54
743000,911267,2025-10-02 10:09:19,low,Billing,5,96.7,2025-10-06 10:51:19
353702,663857,2025-11-21 10:25:02,normal,Onboarding,,,
628270,412468,2025-03-09 16:11:50,high,Integrations,4,13.7,2025-03-10 05:53:50
187298,950543,2025-01-25 19:17:18,low,Feature Request,3,108.3,2025-01-30 07:35:18
212050,124942,2025-08-18 09:35:23,low,Billing,4,88.9,2025-08-22 02:29:23
769466,619995,2025-09-07 01:26:13,normal,Feature Request,3,20.0,2025-09-07 21:26:13
634244,547854,2025-02-23 20:31:24,normal,Bug Report,5,69.7,2025-02-26 18:13:24
390572,310019,2025-12-19 09:30:27,low,Integrations,2,79.2,2025-12-22 16:42:27
715262,989345,2025-04-28 16:27:09,low,Bug Report,5,128.9,2025-05-04 01:21:09
803368,729073,2025-09-01 21:27:49,low,Feature Request,5,57.4,2025-09-04 06:51:49
440441,907406,2025-02-18 14:12:18,high,Billing,5,10.6,2025-02-19 00:48:18
871052,153122,2025-12-16 18:22:08,urgent,Bug Report,5,5.7,2025-12-17 00:04:08
99231,359105,2025-08-09 12:16:42,normal,Bug Report,5,56.6,2025-08-11 20:52:42
714143,579749,2025-11-24 16:30:14,urgent,Bug Report,3,2.2,2025-11-24 18:42:14
148838,551362,2025-03-10 09:28:39,low,Onboarding,5,38.8,2025-03-12 00:16:39
797674,378343,2025-05-10 07:24:18,high,Billing,3,18.6,2025-05-11 02:00:18
936756,284939,2025-01-11 14:07:07,normal,Integrations,5,16.6,2025-01-12 06:43:07
477865,663216,2025-04-01 18:08:52,high,Billing,5,7.3,2025-04-02 01:26:52
666608,450789,2025-06-21 08:37:28,normal,Billing,5,61.3,2025-06-23 21:55:28
214132,248669,2025-10-17 11:41:34,normal,Bug Report,4,15.1,2025-10-18 02:47:34
887013,684543,2025-08-17 17:04:05,urgent,Bug Report,4,5.5,2025-08-17 22:34:05
389534,917868,2025-09-24 06:37:21,high,Billing,3,4.3,2025-09-24 10:55:21
405566,822666,2025-07-03 17:25:50,urgent,Onboarding,5,4.8,2025-07-03 22:13:50
864915,213004,2025-07-10 10:36:24,low,Billing,4,23.7,2025-07-11 10:18:24
444477,551545,2025-11-06 11:38:50,low,Feature Request,4,66.7,2025-11-09 06:20:50
300494,451436,2025-04-14 08:29:19,normal,Feature Request,5,16.9,2025-04-15 01:23:19
632972,943757,2025-01-05 10:46:53,normal,Integrations,1,52.3,2025-01-07 15:04:53
333466,481021,2025-08-06 15:13:39,urgent,Billing,,,
743640,653379,2025-12-05 09:40:04,normal,Onboarding,5,46.2,2025-12-07 07:52:04
904066,716836,2025-03-31 13:23:32,high,Onboarding,5,12.0,2025-04-01 01:23:32
607906,692735,2025-09-14 14:56:53,normal,Performance,5,38.9,2025-09-16 05:50:53
5297,713866,2025-09-05 13:35:28,high,Bug Report,2,11.6,2025-09-06 01:11:28
929461,942582,2025-02-27 11:10:36,normal,Integrations,4,46.7,2025-03-01 09:52:36
782135,895559,2025-09-18 15:07:11,normal,Feature Request,5,21.5,2025-09-19 12:37:11
631809,607403,2025-11-25 07:25:57,normal,Bug Report,5,60.6,2025-11-27 20:01:57
707345,102347,2025-11-23 18:36:34,low,Integrations,3,87.4,2025-11-27 10:00:34
898310,358134,2025-02-14 23:46:09,normal,Integrations,5,13.7,2025-02-15 13:28:09
994344,775589,2025-07-19 16:38:46,low,Integrations,5,100.5,2025-07-23 21:08:46
148018,216101,2025-08-06 07:31:02,low,Billing,5,87.0,2025-08-09 22:31:02
245383,890103,2025-06-07 06:07:49,normal,Integrations,4,33.8,2025-06-08 15:55:49
544889,663683,2025-08-12 09:08:24,low,Bug Report,5,103.0,2025-08-16 16:08:24
466003,259726,2025-07-26 06:03:52,normal,Onboarding,5,30.1,2025-07-27 12:09:52
533400,112414,2025-05-29 12:54:52,high,Billing,5,12.6,2025-05-30 01:30:52
424752,766913,2025-06-03 14:27:24,low,Billing,3,93.5,2025-06-07 11:57:24
860618,366471,2025-11-24 08:28:34,low,Bug Report,5,30.3,2025-11-25 14:46:34
788146,378702,2025-04-19 15:22:58,low,Feature Request,,,
275903,989345,2025-06-24 13:01:54,low,Billing,2,80.4,2025-06-27 21:25:54
280941,877896,2025-06-02 20:03:53,normal,Billing,5,51.7,2025-06-04 23:45:53
590728,558269,2025-12-06 23:45:46,normal,Bug Report,4,30.1,2025-12-08 05:51:46
276565,633095,2025-12-07 14:46:29,low,Bug Report,2,111.3,2025-12-12 06:04:29
294697,198781,2025-08-29 11:26:16,normal,Performance,5,27.5,2025-08-30 14:56:16
896879,236391,2025-01-17 20:44:36,high,Performance,5,14.9,2025-01-18 11:38:36
466767,679825,2025-01-12 12:38:53,high,Bug Report,5,4.5,2025-01-12 17:08:53
518433,501273,2025-12-14 03:53:02,low,Bug Report,3,41.9,2025-12-15 21:47:02
401323,194356,2025-08-23 19:56:15,normal,Integrations,4,44.8,2025-08-25 16:44:15
941299,838808,2025-12-25 09:15:23,normal,Integrations,3,39.6,2025-12-27 00:51:23
360027,144659,2025-11-12 10:25:03,high,Integrations,4,14.4,2025-11-13 00:49:03
274236,201370,2025-06-19 08:06:13,low,Integrations,4,97.3,2025-06-23 09:24:13
161264,352867,2025-05-05 14:28:28,high,Integrations,5,5.1,2025-05-05 19:34:28
6175,292435,2025-01-04 10:45:40,low,Bug Report,1,96.7,2025-01-08 11:27:40
720087,291292,2025-07-16 02:17:23,normal,Billing,3,24.5,2025-07-17 02:47:23
968095,741178,2025-09-11 19:01:36,normal,Onboarding,3,16.2,2025-09-12 11:13:36
741139,375756,2025-05-11 15:55:14,high,Performance,4,13.0,2025-05-12 04:55:14
800663,958517,2025-09-22 22:18:42,high,Feature Request,,,
821217,940445,2025-10-31 11:29:26,normal,Onboarding,5,10.3,2025-10-31 21:47:26
831150,995264,2025-10-11 10:21:59,normal,Bug Report,1,40.6,2025-10-13 02:57:59
770188,208561,2025-03-18 08:19:00,normal,Performance,5,39.2,2025-03-19 23:31:00
718125,624691,2025-06-20 15:43:17,normal,Feature Request,3,52.2,2025-06-22 19:55:17
503342,182485,2025-05-10 12:49:18,normal,Onboarding,4,40.5,2025-05-12 05:19:18
779605,634053,2025-12-05 12:19:39,high,Bug Report,5,10.0,2025-12-05 22:19:39
182331,820426,2025-08-14 09:04:01,low,Billing,,,
223442,990741,2025-11-29 19:47:32,low,Performance,5,99.4,2025-12-03 23:11:32
473028,611661,2025-10-27 13:38:05,high,Integrations,4,4.3,2025-10-27 17:56:05
497165,567592,2025-02-11 11:40:06,normal,Integrations,5,39.7,2025-02-13 03:22:06
92457,466636,2025-06-09 18:22:43,low,Onboarding,4,112.0,2025-06-14 10:22:43
512816,323646,2025-03-21 11:44:33,low,Feature Request,5,134.5,2025-03-27 02:14:33
910786,514217,2025-07-27 11:50:34,low,Integrations,4,10.7,2025-07-27 22:32:34
791682,952114,2025-09-14 13:40:49,normal,Bug Report,4,55.2,2025-09-16 20:52:49
567937,217404,2025-05-23 15:08:36,high,Integrations,1,16.2,2025-05-24 07:20:36
243653,479390,2025-02-12 14:57:25,high,Billing,3,14.8,2025-02-13 05:45:25
526322,968396,2025-01-05 21:15:11,normal,Feature Request,,,
465295,685200,2025-09-07 16:03:49,normal,Integrations,5,32.3,2025-09-09 00:21:49
646479,662023,2025-08-18 07:04:02,urgent,Billing,5,2.5,2025-08-18 09:34:02
15916,909740,2025-10-30 15:39:25,high,Performance,4,7.0,2025-10-30 22:39:25
788269,473143,2025-01-09 15:09:51,low,Feature Request,4,79.0,2025-01-12 22:09:51
737608,581789,2025-04-29 14:07:50,low,Billing,2,21.6,2025-04-30 11:43:50
120724,511879,2025-05-28 17:43:58,low,Billing,,,
223247,479649,2025-02-16 11:04:31,high,Feature Request,4,5.6,2025-02-16 16:40:31
754626,876549,2025-06-01 09:34:50,high,Performance,5,19.5,2025-06-02 05:04:50
707840,577783,2025-11-22 10:07:55,low,Performance,3,81.9,2025-11-25 20:01:55
510199,177341,2025-11-09 09:42:54,normal,Integrations,,,
738700,992844,2025-11-22 14:28:29,low,Integrations,2,56.4,2025-11-24 22:52:29
153723,810858,2025-03-23 10:15:21,urgent,Bug Report,5,4.5,2025-03-23 14:45:21
984991,901602,2025-12-04 12:17:22,normal,Bug Report,4,45.4,2025-12-06 09:41:22
106167,704441,2025-08-19 03:27:47,normal,Performance,5,41.1,2025-08-20 20:33:47
390959,318405,2025-01-04 13:25:33,low,Integrations,3,134.3,2025-01-10 03:43:33
109148,345955,2025-06-11 11:31:13,low,Billing,5,70.0,2025-06-14 09:31:13
413659,654271,2025-10-27 16:02:46,normal,Integrations,5,22.2,2025-10-28 14:14:46
137194,186866,2025-06-07 21:02:34,low,Billing,3,102.3,2025-06-12 03:20:34
896422,564516,2025-05-24 07:21:14,high,Integrations,4,11.2,2025-05-24 18:33:14
480109,661655,2025-09-14 08:36:00,normal,Performance,5,50.5,2025-09-16 11:06:00
191168,346678,2025-05-13 01:29:21,normal,Integrations,5,23.5,2025-05-14 00:59:21
841010,149920,2025-04-26 14:34:18,high,Feature Request,4,7.4,2025-04-26 21:58:18
627661,731867,2025-11-06 09:07:20,low,Feature Request,5,27.6,2025-11-07 12:43:20
795014,247003,2025-01-13 21:22:07,normal,Billing,5,17.2,2025-01-14 14:34:07
719886,283866,2025-12-02 08:00:36,normal,Integrations,4,53.4,2025-12-04 13:24:36
647327,149920,2025-09-23 07:11:46,low,Bug Report,5,83.6,2025-09-26 18:47:46
608924,491474,2025-05-25 11:48:13,high,Integrations,5,12.8,2025-05-26 00:36:13
722962,359178,2025-05-30 14:27:36,low,Billing,4,88.8,2025-06-03 07:15:36
925740,372180,2025-06-21 07:30:51,high,Integrations,3,12.0,2025-06-21 19:30:51
338209,364738,2025-06-18 05:50:22,high,Feature Request,5,9.0,2025-06-18 14:50:22
642661,225784,2025-03-30 08:45:12,high,Bug Report,1,14.7,2025-03-30 23:27:12
766979,378702,2025-04-13 14:28:42,normal,Onboarding,1,13.8,2025-04-14 04:16:42
457039,574882,2025-03-09 12:19:56,high,Onboarding,5,16.5,2025-03-10 04:49:56
414318,450199,2025-05-10 04:09:18,low,Onboarding,4,61.2,2025-05-12 17:21:18
313527,995560,2025-03-12 11:44:32,normal,Bug Report,5,11.7,2025-03-12 23:26:32
343531,925203,2025-08-19 10:24:11,normal,Performance,5,65.6,2025-08-22 04:00:11
440572,837734,2025-09-23 18:48:30,normal,Integrations,4,35.7,2025-09-25 06:30:30
967273,847327,2025-08-08 07:30:00,high,Feature Request,4,12.8,2025-08-08 20:18:00
723965,391164,2025-05-03 06:00:34,normal,Onboarding,3,9.3,2025-05-03 15:18:34
239509,539755,2025-05-07 11:38:33,low,Integrations,4,18.0,2025-05-08 05:38:33
909058,433844,2025-03-07 13:03:34,normal,Feature Request,5,68.2,2025-03-10 09:15:34
109366,806120,2025-07-28 10:41:32,normal,Feature Request,5,32.6,2025-07-29 19:17:32
834651,232216,2025-07-25 10:37:59,high,Performance,5,9.9,2025-07-25 20:31:59
309053,555768,2025-03-11 15:47:30,high,Bug Report,5,14.0,2025-03-12 05:47:30
170120,371884,2025-04-24 19:25:58,high,Integrations,1,5.8,2025-04-25 01:13:58
989296,847537,2025-12-14 09:13:20,normal,Feature Request,3,21.3,2025-12-15 06:31:20
936571,663216,2025-10-08 11:22:38,low,Onboarding,3,68.9,2025-10-11 08:16:38
665507,295334,2025-11-16 07:18:46,normal,Billing,,,
970601,332026,2025-01-16 08:54:16,high,Billing,5,10.2,2025-01-16 19:06:16
40113,822666,2025-07-03 18:05:42,normal,Feature Request,4,54.5,2025-07-06 00:35:42
916765,269978,2025-02-11 14:23:34,normal,Billing,5,24.3,2025-02-12 14:41:34
493635,757526,2025-10-26 20:16:50,urgent,Onboarding,4,4.9,2025-10-27 01:10:50
73945,400628,2025-11-18 20:23:08,low,Performance,3,84.0,2025-11-22 08:23:08
512109,457960,2025-07-11 18:21:02,normal,Integrations,3,14.2,2025-07-12 08:33:02
244643,553898,2025-05-25 18:21:11,high,Bug Report,3,12.8,2025-05-26 07:09:11
917820,629748,2025-10-24 11:06:27,normal,Billing,,,
302964,731867,2025-09-02 18:13:26,low,Bug Report,1,104.6,2025-09-07 02:49:26
27638,609487,2025-09-08 14:48:30,high,Bug Report,3,9.1,2025-09-08 23:54:30
635028,244208,2025-11-26 11:42:31,high,Performance,3,9.4,2025-11-26 21:06:31
891596,189198,2025-12-06 09:31:40,normal,Billing,3,55.5,2025-12-08 17:01:40
867496,641547,2025-08-15 07:45:44,high,Billing,1,5.8,2025-08-15 13:33:44
254877,473607,2025-05-23 15:10:21,high,Bug Report,3,12.8,2025-05-24 03:58:21
524201,256019,2025-03-27 08:11:55,normal,Onboarding,3,64.5,2025-03-30 00:41:55
66184,667992,2025-09-02 22:17:29,urgent,Bug Report,,,
33688,105052,2025-06-12 20:15:40,high,Billing,1,17.5,2025-06-13 13:45:40
425556,824578,2025-10-08 06:09:04,low,Bug Report,,,
625648,298048,2025-12-06 08:19:54,low,Integrations,4,130.5,2025-12-11 18:49:54
666192,646333,2025-06-27 09:06:21,low,Onboarding,4,56.3,2025-06-29 17:24:21
160851,859443,2025-05-10 18:30:01,normal,Integrations,4,43.6,2025-05-12 14:06:01
573619,558639,2025-03-27 08:16:10,normal,Bug Report,4,32.9,2025-03-28 17:10:10
580508,691462,2025-12-09 06:39:43,low,Performance,1,56.0,2025-12-11 14:39:43
418510,893066,2025-11-02 15:36:13,low,Integrations,5,148.7,2025-11-08 20:18:13
404100,199248,2025-08-22 22:23:45,normal,Billing,4,67.2,2025-08-25 17:35:45
723224,133440,2025-01-24 10:51:16,high,Billing,5,15.8,2025-01-25 02:39:16
954062,280156,2025-08-26 15:18:08,normal,Onboarding,3,43.3,2025-08-28 10:36:08
422576,349634,2025-11-05 09:22:11,high,Feature Request,5,10.1,2025-11-05 19:28:11
270616,189189,2025-07-19 08:58:15,normal,Integrations,5,32.8,2025-07-20 17:46:15
145019,602857,2025-12-14 12:07:00,low,Performance,5,43.3,2025-12-16 07:25:00
566361,201370,2025-06-10 12:30:01,normal,Feature Request,5,34.4,2025-06-11 22:54:01
109474,280156,2025-04-14 15:15:10,normal,Integrations,5,46.6,2025-04-16 13:51:10
22465,831195,2025-10-14 17:48:46,low,Integrations,1,48.5,2025-10-16 18:18:46
462213,873644,2025-12-19 15:03:08,high,Bug Report,4,16.5,2025-12-20 07:33:08
596281,242324,2025-10-29 07:22:32,normal,Feature Request,4,21.9,2025-10-30 05:16:32
725007,433844,2025-08-31 11:39:00,high,Onboarding,5,16.8,2025-09-01 04:27:00
89600,850797,2025-02-15 12:56:12,high,Billing,3,14.8,2025-02-16 03:44:12
250338,839821,2025-12-19 06:56:58,low,Bug Report,1,148.0,2025-12-25 10:56:58
984110,768193,2025-04-07 14:45:57,normal,Billing,3,51.7,2025-04-09 18:27:57
647937,543184,2025-10-30 15:52:30,normal,Billing,,,
275145,837734,2025-09-23 11:52:31,normal,Onboarding,4,43.7,2025-09-25 07:34:31
703598,800274,2025-01-09 08:25:47,normal,Bug Report,5,28.4,2025-01-10 12:49:47
235746,402163,2025-07-15 19:51:13,low,Billing,5,56.8,2025-07-18 04:39:13
162637,470193,2025-03-01 07:12:39,low,Onboarding,3,103.6,2025-03-05 14:48:39
336446,580435,2025-08-11 14:28:01,low,Bug Report,4,85.4,2025-08-15 03:52:01
44583,443384,2025-02-20 15:13:46,low,Bug Report,3,63.2,2025-02-23 06:25:46
688235,153452,2025-04-09 01:56:34,high,Performance,4,5.5,2025-04-09 07:26:34
472904,604126,2025-03-26 03:32:41,normal,Integrations,4,8.8,2025-03-26 12:20:41
893387,744444,2025-01-24 07:27:59,normal,Billing,1,23.6,2025-01-25 07:03:59
523521,819946,2025-05-22 12:08:40,high,Feature Request,3,4.7,2025-05-22 16:50:40
87155,739739,2025-08-21 10:38:46,low,Integrations,5,50.2,2025-08-23 12:50:46
325143,404631,2025-10-14 16:11:50,normal,Onboarding,5,42.3,2025-10-16 10:29:50
821875,901636,2025-04-17 14:24:34,low,Integrations,5,153.6,2025-04-24 00:00:34
415721,125807,2025-08-02 08:34:34,normal,Bug Report,,,
214953,412644,2025-08-29 08:25:20,low,Billing,4,135.1,2025-09-03 23:31:20
211340,113010,2025-01-21 14:01:38,high,Integrations,,,
142057,734573,2025-07-30 12:04:50,normal,Performance,5,41.3,2025-08-01 05:22:50
525176,644920,2025-03-03 10:27:08,high,Billing,3,7.6,2025-03-03 18:03:08
473556,192010,2025-12-10 12:45:56,normal,Onboarding,2,49.5,2025-12-12 14:15:56
809933,400614,2025-09-21 12:02:10,normal,Performance,1,56.3,2025-09-23 20:20:10
269433,902347,2025-05-23 10:45:53,low,Integrations,5,9.3,2025-05-23 20:03:53
662276,687117,2025-12-12 09:50:52,normal,Performance,,,
912747,176590,2025-04-30 17:41:45,high,Billing,3,14.9,2025-05-01 08:35:45
167117,682986,2025-07-10 06:44:02,high,Bug Report,,,
642364,424962,2025-05-18 19:20:34,low,Integrations,5,87.7,2025-05-22 11:02:34
154552,108657,2025-08-02 15:04:34,high,Onboarding,5,5.3,2025-08-02 20:22:34
525265,501273,2025-01-21 12:18:40,normal,Feature Request,3,45.6,2025-01-23 09:54:40
487924,877896,2025-07-03 08:09:37,normal,Billing,,,
457114,182564,2025-02-28 13:29:40,low,Feature Request,4,56.9,2025-03-02 22:23:40
161947,216067,2025-11-02 14:48:34,low,Bug Report,5,64.3,2025-11-05 07:06:34
968276,891033,2025-08-06 09:35:46,normal,Billing,1,27.5,2025-08-07 13:05:46
417388,105266,2025-12-17 16:40:52,normal,Bug Report,5,48.4,2025-12-19 17:04:52
748046,606858,2025-10-25 14:54:36,low,Integrations,4,93.9,2025-10-29 12:48:36
663086,918351,2025-06-29 08:47:07,normal,Bug Report,5,12.9,2025-06-29 21:41:07
879061,278618,2025-08-10 10:51:48,urgent,Billing,4,6.3,2025-08-10 17:09:48
85070,622939,2025-04-30 16:15:59,normal,Onboarding,5,33.1,2025-05-02 01:21:59
880606,278870,2025-09-18 09:51:38,normal,Integrations,5,13.1,2025-09-18 22:57:38
541667,412644,2025-04-01 19:21:42,high,Billing,,,
419417,414105,2025-09-28 18:43:36,low,Integrations,3,78.7,2025-10-02 01:25:36
735006,651891,2025-11-14 06:19:34,low,Integrations,4,142.7,2025-11-20 05:01:34
204248,445354,2025-06-18 08:53:56,low,Bug Report,4,48.4,2025-06-20 09:17:56
829216,593883,2025-05-13 21:28:41,high,Billing,,,
227762,184233,2025-05-27 08:00:47,low,Bug Report,4,79.2,2025-05-30 15:12:47
810786,402163,2025-09-19 08:57:35,urgent,Bug Report,4,2.9,2025-09-19 11:51:35
582921,376850,2025-02-01 06:05:23,low,Bug Report,4,63.1,2025-02-03 21:11:23
870693,142057,2025-05-24 17:29:03,low,Feature Request,4,90.7,2025-05-28 12:11:03
826623,406504,2025-07-24 22:03:31,low,Performance,5,61.9,2025-07-27 11:57:31
561044,741646,2025-06-08 10:15:36,normal,Onboarding,5,47.9,2025-06-10 10:09:36
363322,946742,2025-02-27 12:12:52,low,Billing,5,70.3,2025-03-02 10:30:52
922889,381513,2025-04-19 14:06:01,normal,Billing,5,30.4,2025-04-20 20:30:01
870892,290736,2025-10-24 17:16:43,urgent,Performance,4,4.1,2025-10-24 21:22:43
985232,129289,2025-06-29 13:27:48,low,Billing,2,61.9,2025-07-02 03:21:48
387206,618152,2025-08-30 10:59:07,normal,Bug Report,2,4.9,2025-08-30 15:53:07
315934,891033,2025-05-21 16:56:20,normal,Integrations,4,10.8,2025-05-22 03:44:20
328998,775527,2025-10-20 12:47:53,normal,Integrations,2,25.6,2025-10-21 14:23:53
439335,600774,2025-12-06 11:30:40,low,Billing,1,34.7,2025-12-07 22:12:40
148780,985138,2025-06-25 17:25:12,normal,Performance,5,35.8,2025-06-27 05:13:12
257321,757620,2025-04-17 07:35:41,high,Performance,5,5.9,2025-04-17 13:29:41
961016,632926,2025-08-06 19:19:08,normal,Billing,5,53.7,2025-08-09 01:01:08
541920,900536,2025-05-12 22:47:21,low,Integrations,5,44.0,2025-05-14 18:47:21
416305,353158,2025-12-06 22:27:11,low,Feature Request,5,129.3,2025-12-12 07:45:11
408851,333795,2025-12-27 08:30:22,low,Onboarding,3,72.1,2025-12-30 08:36:22
153845,112651,2025-09-21 11:06:21,high,Onboarding,4,5.6,2025-09-21 16:42:21
220868,269054,2025-09-18 09:58:29,normal,Feature Request,5,19.6,2025-09-19 05:34:29
796292,393007,2025-11-04 09:04:40,low,Performance,2,102.2,2025-11-08 15:16:40
577915,373043,2025-01-13 13:50:07,high,Billing,5,9.1,2025-01-13 22:56:07
920994,822380,2025-03-17 09:31:07,normal,Bug Report,4,29.9,2025-03-18 15:25:07
736779,245051,2025-06-05 09:55:57,normal,Feature Request,,,
456217,375756,2025-09-12 11:19:35,low,Performance,5,51.7,2025-09-14 15:01:35
772687,318214,2025-07-19 12:44:23,low,Feature Request,5,80.6,2025-07-22 21:20:23
12406,979522,2025-01-21 14:09:36,normal,Onboarding,1,32.6,2025-01-22 22:45:36
142000,925364,2025-11-22 19:29:08,low,Billing,4,136.2,2025-11-28 11:41:08
338993,318405,2025-01-04 14:37:50,normal,Integrations,3,53.1,2025-01-06 19:43:50
295348,201820,2025-02-19 11:27:42,low,Feature Request,5,37.1,2025-02-21 00:33:42
948822,310258,2025-08-17 08:07:03,normal,Bug Report,4,25.4,2025-08-18 09:31:03
386359,289993,2025-02-24 19:48:27,normal,Bug Report,1,28.0,2025-02-25 23:48:27
787049,692089,2025-09-12 08:11:20,normal,Integrations,,,
749802,136409,2025-09-27 09:04:43,low,Feature Request,5,66.1,2025-09-30 03:10:43
396487,943223,2025-05-21 16:03:28,normal,Feature Request,5,47.3,2025-05-23 15:21:28
930885,597040,2025-04-01 15:42:46,normal,Billing,3,39.8,2025-04-03 07:30:46
562663,918351,2025-06-30 10:09:41,normal,Integrations,5,25.2,2025-07-01 11:21:41
299365,245270,2025-05-01 11:41:33,low,Integrations,4,36.0,2025-05-02 23:41:33
387789,211818,2025-12-03 16:40:30,urgent,Bug Report,2,4.7,2025-12-03 21:22:30
425074,750386,2025-02-20 00:57:53,low,Bug Report,4,58.1,2025-02-22 11:03:53
497467,261774,2025-06-23 15:25:01,normal,Bug Report,5,65.2,2025-06-26 08:37:01
539079,588070,2025-07-16 16:08:35,low,Integrations,5,53.5,2025-07-18 21:38:35
791937,809176,2025-08-30 15:50:05,normal,Performance,3,43.7,2025-09-01 11:32:05
671595,681503,2025-04-11 06:57:30,low,Integrations,3,64.7,2025-04-13 23:39:30
817937,249013,2025-01-16 14:58:15,normal,Performance,3,39.9,2025-01-18 06:52:15
839355,147538,2025-01-27 12:00:06,low,Bug Report,5,71.9,2025-01-30 11:54:06
495643,751454,2025-06-24 14:52:33,normal,Onboarding,4,5.7,2025-06-24 20:34:33
56253,768193,2025-08-11 15:41:06,normal,Performance,5,38.5,2025-08-13 06:11:06
616506,467235,2025-07-08 13:07:31,normal,Feature Request,5,61.3,2025-07-11 02:25:31
426940,488457,2025-09-04 14:59:06,normal,Billing,1,68.5,2025-09-07 11:29:06
163026,118279,2025-11-04 15:59:48,urgent,Bug Report,,,
454337,290736,2025-10-22 11:24:51,normal,Billing,5,38.1,2025-10-24 01:30:51
853455,911125,2025-03-06 07:48:40,urgent,Bug Report,4,6.9,2025-03-06 14:42:40
798514,383211,2025-02-13 11:40:28,low,Bug Report,5,67.1,2025-02-16 06:46:28
634173,359178,2025-11-02 17:15:56,normal,Performance,4,63.9,2025-11-05 09:09:56
388106,907943,2025-11-01 10:43:04,high,Performance,4,6.9,2025-11-01 17:37:04
667402,839821,2025-08-13 09:01:20,normal,Billing,5,21.7,2025-08-14 06:43:20
700157,642899,2025-09-03 09:15:36,low,Bug Report,5,50.5,2025-09-05 11:45:36
878563,537536,2025-06-28 14:26:31,low,Bug Report,4,117.8,2025-07-03 12:14:31
391860,689786,2025-07-03 11:06:34,normal,Bug Report,3,11.4,2025-07-03 22:30:34
349399,539755,2025-04-22 01:27:13,high,Bug Report,5,13.2,2025-04-22 14:39:13
423314,380513,2025-08-07 18:39:51,high,Feature Request,4,9.1,2025-08-08 03:45:51
250725,200323,2025-02-25 13:58:10,high,Feature Request,4,8.0,2025-02-25 21:58:10
170305,424994,2025-08-27 15:52:06,low,Bug Report,4,125.9,2025-09-01 21:46:06
966142,197488,2025-07-02 11:23:37,normal,Feature Request,5,21.2,2025-07-03 08:35:37
721604,820426,2025-05-07 18:12:01,normal,Bug Report,3,68.7,2025-05-10 14:54:01
480313,731506,2025-06-11 06:36:59,normal,Billing,4,59.1,2025-06-13 17:42:59
72644,192010,2025-08-22 23:58:38,normal,Feature Request,,,
113718,355983,2025-06-27 08:23:12,high,Performance,4,8.0,2025-06-27 16:23:12
307126,543184,2025-01-03 19:28:27,urgent,Performance,5,4.0,2025-01-03 23:28:27
617363,620446,2025-05-13 14:06:29,low,Bug Report,,,
17301,603842,2025-10-25 09:35:19,urgent,Feature Request,5,4.5,2025-10-25 14:05:19
927734,213004,2025-09-03 06:51:34,urgent,Feature Request,5,1.3,2025-09-03 08:09:34
370519,917868,2025-10-13 09:20:58,high,Feature Request,5,12.0,2025-10-13 21:20:58
712429,225784,2025-10-10 15:16:04,high,Bug Report,2,9.1,2025-10-11 00:22:04
987203,393197,2025-09-27 07:52:32,low,Bug Report,4,114.0,2025-10-02 01:52:32
632073,784693,2025-01-22 13:14:15,normal,Bug Report,4,48.1,2025-01-24 13:20:15
528659,140321,2025-10-03 19:10:56,normal,Billing,3,15.1,2025-10-04 10:16:56
379505,566579,2025-12-16 09:13:36,normal,Integrations,2,25.3,2025-12-17 10:31:36
945770,977420,2025-08-27 23:09:31,low,Integrations,,,
8306,550331,2025-01-26 07:20:26,normal,Billing,5,51.7,2025-01-28 11:02:26
707931,414766,2025-07-15 09:33:06,high,Integrations,4,9.2,2025-07-15 18:45:06
51395,944315,2025-10-07 14:38:27,urgent,Billing,3,4.3,2025-10-07 18:56:27
286430,960588,2025-01-19 19:39:47,normal,Integrations,5,29.1,2025-01-21 00:45:47
997797,742834,2025-12-27 12:17:51,low,Performance,5,93.8,2025-12-31 10:05:51
625843,526874,2025-02-02 17:18:45,low,Feature Request,4,67.0,2025-02-05 12:18:45
59169,621013,2025-11-29 14:39:30,normal,Billing,4,14.2,2025-11-30 04:51:30
147566,529391,2025-11-14 12:50:50,low,Onboarding,4,129.3,2025-11-19 22:08:50
659003,256035,2025-07-07 10:06:40,normal,Bug Report,2,22.0,2025-07-08 08:06:40
769465,549691,2025-11-25 16:37:45,low,Bug Report,,,
334831,145787,2025-11-19 09:41:32,normal,Integrations,2,7.7,2025-11-19 17:23:32
498634,888943,2025-05-07 16:19:01,low,Integrations,2,127.1,2025-05-12 23:25:01
276213,543184,2025-01-27 12:37:43,low,Billing,4,48.3,2025-01-29 12:55:43
969271,874742,2025-12-13 08:09:27,high,Billing,5,4.7,2025-12-13 12:51:27
209004,242844,2025-05-14 14:44:25,low,Performance,4,48.1,2025-05-16 14:50:25
89736,912387,2025-07-05 11:05:22,low,Onboarding,2,100.6,2025-07-09 15:41:22
224182,112651,2025-07-09 12:35:18,low,Bug Report,5,93.8,2025-07-13 10:23:18
766370,198116,2025-07-22 12:36:53,low,Performance,,,
363820,779884,2025-01-19 08:21:41,normal,Bug Report,3,50.0,2025-01-21 10:21:41
598255,106212,2025-07-24 08:59:39,normal,Billing,5,33.0,2025-07-25 17:59:39
613186,279735,2025-11-21 07:09:50,high,Feature Request,5,6.5,2025-11-21 13:39:50
391220,821114,2025-10-21 12:09:17,normal,Onboarding,5,21.9,2025-10-22 10:03:17
688819,558639,2025-03-20 13:01:52,high,Bug Report,5,6.1,2025-03-20 19:07:52
395686,877896,2025-06-26 19:50:30,normal,Bug Report,4,36.1,2025-06-28 07:56:30
705341,454905,2025-05-27 14:33:06,normal,Bug Report,5,35.2,2025-05-29 01:45:06
143234,705867,2025-01-31 17:00:48,normal,Integrations,5,46.4,2025-02-02 15:24:48
817827,888943,2025-08-30 09:03:47,normal,Bug Report,5,9.2,2025-08-30 18:15:47
83619,893484,2025-07-06 10:26:53,normal,Bug Report,4,42.5,2025-07-08 04:56:53
2129,732615,2025-07-07 10:13:12,normal,Feature Request,5,53.6,2025-07-09 15:49:12
952180,574882,2025-07-21 07:08:06,high,Onboarding,5,14.4,2025-07-21 21:32:06
436448,515718,2025-12-24 15:39:11,low,Bug Report,5,96.8,2025-12-28 16:27:11
489723,375756,2025-05-19 10:25:54,low,Onboarding,4,78.8,2025-05-22 17:13:54
883028,750386,2025-06-12 12:30:29,normal,Integrations,5,60.2,2025-06-15 00:42:29
378141,457960,2025-07-26 01:51:31,high,Bug Report,4,17.2,2025-07-26 19:03:31
870829,120608,2025-08-13 10:27:27,normal,Onboarding,1,48.6,2025-08-15 11:03:27
947659,540382,2025-07-09 11:38:03,high,Bug Report,4,19.1,2025-07-10 06:44:03
191310,400628,2025-02-05 11:18:35,normal,Bug Report,1,34.6,2025-02-06 21:54:35
397757,695829,2025-06-28 19:50:54,normal,Billing,4,51.1,2025-06-30 22:56:54
607174,554336,2025-11-04 13:40:48,low,Feature Request,5,95.2,2025-11-08 12:52:48
110942,378702,2025-05-18 14:52:02,low,Billing,1,132.5,2025-05-24 03:22:02
163555,313943,2025-04-21 19:52:46,high,Integrations,4,15.2,2025-04-22 11:04:46
913223,685576,2025-07-21 08:31:08,low,Bug Report,5,61.9,2025-07-23 22:25:08
819659,428057,2025-08-16 12:03:14,low,Feature Request,5,106.9,2025-08-20 22:57:14
672492,296755,2025-02-25 07:41:00,low,Integrations,5,115.2,2025-03-02 02:53:00
61724,242324,2025-12-17 09:13:33,normal,Bug Report,5,52.5,2025-12-19 13:43:33
899320,751178,2025-06-29 10:16:10,low,Feature Request,3,69.6,2025-07-02 07:52:10
504326,646309,2025-06-13 20:46:45,high,Integrations,4,11.1,2025-06-14 07:52:45
796774,617749,2025-04-11 04:37:44,normal,Billing,1,24.7,2025-04-12 05:19:44
846570,907943,2025-02-14 09:34:14,normal,Integrations,3,44.5,2025-02-16 06:04:14
794965,805850,2025-09-11 12:35:47,normal,Integrations,4,41.2,2025-09-13 05:47:47
8240,155975,2025-10-15 13:37:38,urgent,Feature Request,5,4.7,2025-10-15 18:19:38
721092,688496,2025-07-25 22:39:56,normal,Onboarding,4,25.9,2025-07-27 00:33:56
664835,315012,2025-11-09 17:45:55,normal,Integrations,5,18.1,2025-11-10 11:51:55
515608,641547,2025-01-31 10:06:03,low,Onboarding,3,110.3,2025-02-05 00:24:03
293468,203708,2025-12-09 08:20:15,high,Feature Request,5,8.9,2025-12-09 17:14:15
81251,606858,2025-08-21 20:19:10,normal,Bug Report,4,33.4,2025-08-23 05:43:10
658433,290736,2025-02-14 09:38:44,high,Billing,3,20.4,2025-02-15 06:02:44
770762,613449,2025-06-28 15:59:00,normal,Bug Report,4,66.8,2025-07-01 10:47:00
690200,120608,2025-09-24 14:14:22,normal,Performance,5,37.2,2025-09-26 03:26:22
209988,917801,2025-04-16 08:01:35,low,Onboarding,4,88.0,2025-04-20 00:01:35
347655,686117,2025-02-08 11:02:35,urgent,Integrations,5,2.0,2025-02-08 13:02:35
6113,989410,2025-05-22 10:46:30,normal,Feature Request,2,38.9,2025-05-24 01:40:30
599189,313943,2025-04-22 01:20:24,low,Integrations,,,
51660,345955,2025-11-15 17:13:14,normal,Bug Report,3,15.5,2025-11-16 08:43:14
56789,637831,2025-12-27 13:56:13,normal,Onboarding,4,24.5,2025-12-28 14:26:13
769517,537263,2025-09-26 02:43:56,normal,Feature Request,5,31.9,2025-09-27 10:37:56
972573,253221,2025-10-22 16:30:26,normal,Billing,1,33.1,2025-10-24 01:36:26
466481,952114,2025-11-18 11:46:04,normal,Onboarding,5,40.9,2025-11-20 04:40:04
855117,662368,2025-04-21 10:58:28,low,Bug Report,5,70.3,2025-04-24 09:16:28
731716,911267,2025-06-02 19:57:17,low,Feature Request,4,88.3,2025-06-06 12:15:17
833824,780194,2025-06-12 11:54:50,normal,Billing,1,16.6,2025-06-13 04:30:50
908972,286547,2025-09-18 00:56:42,normal,Integrations,5,41.4,2025-09-19 18:20:42
732632,452461,2025-03-21 14:47:41,low,Feature Request,5,85.8,2025-03-25 04:35:41
847172,873644,2025-04-17 10:46:00,normal,Onboarding,5,34.4,2025-04-18 21:10:00
24078,600806,2025-06-02 08:16:18,normal,Performance,5,50.1,2025-06-04 10:22:18
636144,875381,2025-01-31 16:16:12,urgent,Performance,1,4.7,2025-01-31 20:58:12
60169,132627,2025-04-14 15:53:53,normal,Integrations,5,7.1,2025-04-14 22:59:53
381752,809176,2025-09-23 21:36:47,normal,Onboarding,4,39.6,2025-09-25 13:12:47
936030,421775,2025-06-18 16:40:45,normal,Bug Report,4,55.7,2025-06-21 00:22:45
653157,189189,2025-12-13 15:43:03,normal,Onboarding,5,55.3,2025-12-15 23:01:03
602531,188341,2025-06-16 19:21:44,normal,Integrations,4,36.9,2025-06-18 08:15:44
261417,316254,2025-09-21 05:16:48,low,Integrations,5,94.0,2025-09-25 03:16:48
212735,686916,2025-09-09 15:40:22,high,Onboarding,4,18.6,2025-09-10 10:16:22
389179,909042,2025-09-10 04:41:38,high,Feature Request,3,14.7,2025-09-10 19:23:38
590941,404963,2025-11-12 18:11:39,high,Bug Report,,,
782884,245270,2025-02-22 09:26:39,low,Bug Report,3,161.9,2025-03-01 03:20:39
903308,684083,2025-06-25 19:17:13,normal,Bug Report,3,59.3,2025-06-28 06:35:13
367093,514217,2025-07-27 20:12:49,normal,Onboarding,4,12.0,2025-07-28 08:12:49
476562,679810,2025-03-09 11:19:14,low,Bug Report,4,39.7,2025-03-11 03:01:14
572393,768839,2025-08-11 09:26:19,high,Feature Request,5,15.4,2025-08-12 00:50:19
601096,509193,2025-04-17 19:30:50,high,Onboarding,5,16.1,2025-04-18 11:36:50
80000,157315,2025-10-14 12:05:47,normal,Feature Request,2,36.6,2025-10-16 00:41:47
576000,143529,2025-05-05 10:23:59,urgent,Integrations,4,3.1,2025-05-05 13:29:59
88761,299049,2025-08-02 11:19:22,urgent,Performance,5,4.4,2025-08-02 15:43:22
997381,544215,2025-07-29 10:12:53,normal,Billing,4,37.2,2025-07-30 23:24:53
102761,393197,2025-08-21 16:19:37,urgent,Integrations,4,6.7,2025-08-21 23:01:37
730723,470492,2025-09-06 17:59:15,high,Billing,5,8.9,2025-09-07 02:53:15
520811,280961,2025-12-11 19:37:01,normal,Integrations,2,28.3,2025-12-12 23:55:01
744216,887991,2025-11-07 14:04:55,normal,Performance,4,30.8,2025-11-08 20:52:55
533860,201370,2025-05-09 17:30:26,low,Performance,5,85.0,2025-05-13 06:30:26
897990,579749,2025-10-19 14:38:00,normal,Onboarding,5,28.7,2025-10-20 19:20:00
712119,228677,2025-02-15 07:14:05,low,Bug Report,3,57.6,2025-02-17 16:50:05
553567,190126,2025-01-12 06:31:39,low,Onboarding,2,109.8,2025-01-16 20:19:39
931739,404631,2025-08-11 12:30:02,low,Performance,5,44.0,2025-08-13 08:30:02
494380,108606,2025-09-09 06:38:07,normal,Billing,5,29.4,2025-09-10 12:02:07
206112,883487,2025-05-02 12:00:03,normal,Bug Report,4,60.7,2025-05-05 00:42:03
657557,260444,2025-12-02 11:14:40,normal,Billing,4,31.9,2025-12-03 19:08:40
736283,321951,2025-07-15 11:43:10,high,Onboarding,4,16.5,2025-07-16 04:13:10
692914,427620,2025-04-19 05:15:13,low,Integrations,2,89.1,2025-04-22 22:21:13
931306,288150,2025-07-07 17:56:20,high,Performance,4,16.3,2025-07-08 10:14:20
985785,409157,2025-09-12 13:01:49,high,Integrations,3,14.4,2025-09-13 03:25:49
840706,815721,2025-12-19 11:39:16,low,Billing,1,114.5,2025-12-24 06:09:16
154288,968217,2025-05-15 09:01:58,high,Bug Report,4,19.5,2025-05-16 04:31:58
285172,386921,2025-10-15 16:01:27,urgent,Performance,5,6.7,2025-10-15 22:43:27
863054,684083,2025-10-26 12:53:51,normal,Bug Report,4,47.1,2025-10-28 11:59:51
84491,344893,2025-08-24 10:30:26,normal,Billing,1,27.9,2025-08-25 14:24:26
987177,122331,2025-08-29 15:38:47,low,Performance,5,74.9,2025-09-01 18:32:47
478390,359578,2025-01-26 09:47:41,low,Integrations,2,133.0,2025-01-31 22:47:41
970342,919974,2025-03-17 18:00:07,normal,Integrations,2,43.9,2025-03-19 13:54:07
714174,380284,2025-03-07 15:04:49,urgent,Integrations,4,6.0,2025-03-07 21:04:49
999155,653379,2025-03-16 08:27:07,low,Feature Request,3,155.2,2025-03-22 19:39:07
973199,861636,2025-05-31 15:41:09,normal,Onboarding,5,31.2,2025-06-01 22:53:09
339711,153452,2025-06-30 10:30:28,high,Feature Request,5,15.0,2025-07-01 01:30:28
994456,818984,2025-02-13 16:05:29,low,Performance,3,36.0,2025-02-15 04:05:29
719252,799789,2025-05-31 01:04:00,high,Performance,5,10.9,2025-05-31 11:58:00
949537,999282,2025-07-04 15:45:24,low,Feature Request,5,81.3,2025-07-08 01:03:24
189320,198781,2025-12-24 10:06:54,high,Onboarding,3,6.1,2025-12-24 16:12:54
945837,687117,2025-02-05 09:57:34,normal,Billing,4,43.6,2025-02-07 05:33:34
525921,181156,2025-08-12 13:06:10,normal,Integrations,4,29.7,2025-08-13 18:48:10
582884,668059,2025-10-14 08:26:10,low,Onboarding,,,
810616,244780,2025-06-01 14:08:19,normal,Integrations,3,30.4,2025-06-02 20:32:19
368274,436381,2025-06-09 15:21:43,high,Feature Request,5,10.5,2025-06-10 01:51:43
828634,207018,2025-08-08 01:48:23,normal,Performance,5,11.4,2025-08-08 13:12:23
951428,938137,2025-10-31 17:42:56,low,Bug Report,5,95.8,2025-11-04 17:30:56
103372,861024,2025-08-15 06:36:09,low,Billing,3,90.8,2025-08-19 01:24:09
172559,921303,2025-04-30 07:33:23,normal,Billing,3,23.1,2025-05-01 06:39:23
683458,558167,2025-09-17 16:52:33,normal,Billing,,,
925510,451700,2025-09-07 02:55:11,low,Billing,1,119.7,2025-09-12 02:37:11
801714,766913,2025-05-20 13:50:19,normal,Integrations,2,64.2,2025-05-23 06:02:19
12785,118279,2025-04-14 11:52:46,normal,Performance,,,
838501,424994,2025-08-27 13:44:20,urgent,Performance,3,3.8,2025-08-27 17:32:20
713872,716836,2025-01-31 17:56:22,normal,Onboarding,5,20.3,2025-02-01 14:14:22
325468,852560,2025-06-15 08:03:37,urgent,Onboarding,4,3.3,2025-06-15 11:21:37
759046,153452,2025-11-27 12:58:53,low,Bug Report,5,107.1,2025-12-02 00:04:53
296345,129289,2025-03-28 13:29:02,normal,Integrations,5,34.2,2025-03-29 23:41:02
29463,304113,2025-04-25 19:07:32,urgent,Integrations,1,2.1,2025-04-25 21:13:32
433989,700790,2025-08-04 07:41:11,high,Integrations,3,9.8,2025-08-04 17:29:11
661433,269728,2025-09-23 16:27:14,high,Billing,5,18.6,2025-09-24 11:03:14
342067,419173,2025-08-24 15:45:32,normal,Billing,1,8.9,2025-08-25 00:39:32
865978,686117,2025-11-07 09:48:17,low,Feature Request,2,117.1,2025-11-12 06:54:17
413620,604126,2025-08-05 10:49:52,normal,Onboarding,5,52.9,2025-08-07 15:43:52
652720,443866,2025-10-21 14:58:49,low,Onboarding,4,61.3,2025-10-24 04:16:49
691901,948864,2025-03-19 17:36:23,high,Performance,4,10.5,2025-03-20 04:06:23
649106,387432,2025-12-06 16:16:03,low,Onboarding,4,96.4,2025-12-10 16:40:03
609971,492337,2025-09-27 00:30:33,normal,Billing,2,38.0,2025-09-28 14:30:33
507420,361379,2025-08-18 07:00:59,high,Bug Report,,,
236789,135223,2025-06-03 12:31:35,normal,Bug Report,2,53.1,2025-06-05 17:37:35
98626,179746,2025-08-21 14:49:01,normal,Feature Request,4,46.9,2025-08-23 13:43:01
204826,371884,2025-07-31 16:13:06,low,Feature Request,4,157.2,2025-08-07 05:25:06
369355,837734,2025-09-23 12:08:40,low,Integrations,4,35.8,2025-09-24 23:56:40
74857,339830,2025-02-02 08:38:08,normal,Feature Request,5,32.7,2025-02-03 17:20:08
578578,111647,2025-07-28 15:06:34,normal,Bug Report,4,47.6,2025-07-30 14:42:34
736531,414105,2025-04-21 11:32:30,normal,Billing,5,31.7,2025-04-22 19:14:30
881255,863338,2025-08-20 06:06:49,normal,Bug Report,5,32.4,2025-08-21 14:30:49
315453,380284,2025-02-23 09:44:15,normal,Feature Request,5,15.1,2025-02-24 00:50:15
99094,815721,2025-09-22 07:44:11,high,Bug Report,5,5.8,2025-09-22 13:32:11
992708,950543,2025-01-09 18:21:24,normal,Bug Report,4,43.1,2025-01-11 13:27:24
478650,359748,2025-03-13 09:17:57,normal,Bug Report,4,29.8,2025-03-14 15:05:57
588056,120608,2025-03-26 14:29:17,high,Integrations,5,5.3,2025-03-26 19:47:17
225667,451436,2025-10-21 11:32:58,low,Integrations,3,48.0,2025-10-23 11:32:58
21726,480190,2025-09-27 09:19:01,low,Bug Report,3,56.8,2025-09-29 18:07:01
397758,966960,2025-04-26 12:16:18,urgent,Bug Report,4,4.3,2025-04-26 16:34:18
811987,646333,2025-02-20 08:50:16,normal,Feature Request,5,20.2,2025-02-21 05:02:16
618213,232159,2025-06-04 17:25:10,normal,Performance,4,38.3,2025-06-06 07:43:10
859003,580435,2025-11-06 06:22:35,normal,Billing,1,61.0,2025-11-08 19:22:35
873971,284692,2025-05-21 02:05:24,low,Feature Request,4,83.6,2025-05-24 13:41:24
686879,514217,2025-07-27 17:53:55,low,Bug Report,5,138.4,2025-08-02 12:17:55
381831,344893,2025-06-25 06:11:58,low,Bug Report,5,66.6,2025-06-28 00:47:58
842326,466636,2025-03-29 20:21:09,low,Performance,5,114.3,2025-04-03 14:39:09
940344,679023,2025-04-22 07:54:02,normal,Bug Report,2,47.6,2025-04-24 07:30:02
8841,481021,2025-04-04 18:16:05,low,Integrations,5,49.1,2025-04-06 19:22:05
493826,451436,2025-04-13 09:21:22,normal,Performance,4,59.4,2025-04-15 20:45:22
686872,228499,2025-09-04 10:22:11,low,Feature Request,4,140.7,2025-09-10 07:04:11
42469,695658,2025-02-04 22:08:19,high,Integrations,4,17.0,2025-02-05 15:08:19
41608,680171,2025-06-26 06:13:47,low,Integrations,5,36.2,2025-06-27 18:25:47
899784,700348,2025-06-23 16:10:17,urgent,Bug Report,,,
802301,646915,2025-12-12 22:24:57,low,Billing,2,30.9,2025-12-14 05:18:57
757150,122331,2025-08-12 17:05:58,urgent,Onboarding,5,4.6,2025-08-12 21:41:58
881514,511241,2025-06-23 09:38:01,urgent,Billing,2,6.5,2025-06-23 16:08:01
427876,436439,2025-12-15 08:30:00,high,Bug Report,4,5.2,2025-12-15 13:42:00
396565,975101,2025-06-29 06:28:18,normal,Billing,5,35.2,2025-06-30 17:40:18
656019,961918,2025-12-08 14:49:56,high,Bug Report,5,22.7,2025-12-09 13:31:56
799566,854166,2025-08-30 11:24:08,high,Bug Report,5,6.8,2025-08-30 18:12:08
568529,583252,2025-09-11 06:00:51,low,Onboarding,4,78.9,2025-09-14 12:54:51
169598,125160,2025-09-13 14:06:49,low,Performance,4,64.2,2025-09-16 06:18:49
674523,461906,2025-12-22 16:57:37,normal,Billing,5,35.7,2025-12-24 04:39:37
870457,961826,2025-10-08 08:57:42,high,Feature Request,3,15.5,2025-10-09 00:27:42
630769,511879,2025-05-20 18:13:42,normal,Billing,5,29.8,2025-05-22 00:01:42
140008,899024,2025-12-18 17:50:09,low,Billing,5,122.1,2025-12-23 19:56:09
76407,282693,2025-08-05 06:06:30,normal,Bug Report,2,37.2,2025-08-06 19:18:30
303372,515718,2025-03-11 16:01:06,normal,Bug Report,4,53.4,2025-03-13 21:25:06
186003,892691,2025-07-30 09:29:33,low,Feature Request,3,67.2,2025-08-02 04:41:33
729275,142057,2025-04-16 17:22:44,low,Performance,5,56.9,2025-04-19 02:16:44
724194,653379,2025-11-03 13:40:42,urgent,Integrations,5,1.3,2025-11-03 14:58:42
457311,943067,2025-07-30 19:01:08,low,Feature Request,5,110.8,2025-08-04 09:49:08
917285,333795,2025-04-08 11:22:48,urgent,Bug Report,4,6.0,2025-04-08 17:22:48
479512,558269,2025-05-01 13:08:17,high,Bug Report,4,18.5,2025-05-02 07:38:17
181059,952105,2025-05-23 21:46:37,normal,Onboarding,5,43.4,2025-05-25 17:10:37
536583,684498,2025-02-18 05:50:12,low,Integrations,2,123.5,2025-02-23 09:20:12
285266,749288,2025-06-04 14:59:54,normal,Bug Report,4,31.6,2025-06-05 22:35:54
561101,861636,2025-02-22 17:36:45,normal,Bug Report,3,33.8,2025-02-24 03:24:45
606321,842517,2025-09-03 09:39:24,high,Bug Report,2,6.7,2025-09-03 16:21:24
991684,378702,2025-04-24 19:55:38,normal,Performance,4,52.7,2025-04-27 00:37:38
261340,975689,2025-03-18 12:09:57,high,Integrations,,,
664830,935611,2025-02-09 12:00:02,normal,Integrations,1,53.6,2025-02-11 17:36:02
420899,359578,2025-09-30 09:56:10,low,Billing,5,110.7,2025-10-05 00:38:10
596904,481953,2025-12-07 09:14:58,normal,Bug Report,5,13.0,2025-12-07 22:14:58
262408,269054,2025-02-17 13:45:34,low,Billing,5,31.6,2025-02-18 21:21:34
390110,602857,2025-11-28 19:04:54,high,Billing,,,
792312,651891,2025-05-07 13:06:12,urgent,Bug Report,5,3.6,2025-05-07 16:42:12
346836,558918,2025-11-02 11:08:25,low,Performance,5,77.1,2025-11-05 16:14:25
895968,670800,2025-07-19 14:19:13,high,Integrations,5,16.7,2025-07-20 07:01:13
403716,893484,2025-12-23 05:59:40,normal,Integrations,5,48.5,2025-12-25 06:29:40
557983,794431,2025-06-27 18:19:31,high,Feature Request,5,13.5,2025-06-28 07:49:31
496923,515850,2025-01-08 20:45:14,normal,Performance,4,28.7,2025-01-10 01:27:14
593952,607403,2025-09-30 12:17:43,urgent,Onboarding,5,5.3,2025-09-30 17:35:43
612776,379292,2025-04-12 10:31:43,high,Bug Report,3,2.2,2025-04-12 12:43:43
89507,676397,2025-07-22 08:59:00,low,Bug Report,1,82.3,2025-07-25 19:17:00
672848,899547,2025-09-17 09:46:00,high,Performance,5,10.5,2025-09-17 20:16:00
400518,511470,2025-09-01 14:57:46,high,Bug Report,2,10.2,2025-09-02 01:09:46
146809,680171,2025-04-22 12:23:42,urgent,Billing,5,2.5,2025-04-22 14:53:42
619183,989410,2025-05-30 10:49:51,normal,Bug Report,5,56.2,2025-06-01 19:01:51
238952,414766,2025-09-23 07:07:45,low,Performance,5,18.1,2025-09-24 01:13:45
599748,705867,2025-10-06 10:11:43,high,Integrations,5,7.0,2025-10-06 17:11:43
598395,775589,2025-04-16 14:05:22,high,Billing,5,8.9,2025-04-16 22:59:22
847399,110840,2025-11-01 11:04:45,urgent,Bug Report,4,4.3,2025-11-01 15:22:45
230976,946742,2025-05-22 09:24:42,low,Billing,5,83.0,2025-05-25 20:24:42
372594,877896,2025-11-19 07:53:15,normal,Onboarding,4,31.1,2025-11-20 14:59:15
154546,817805,2025-12-02 14:06:01,normal,Feature Request,4,67.2,2025-12-05 09:18:01
347081,544253,2025-05-22 11:51:18,low,Integrations,5,124.1,2025-05-27 15:57:18
250861,685576,2025-12-20 08:23:37,normal,Bug Report,5,55.6,2025-12-22 15:59:37
544757,189198,2025-09-25 11:33:04,urgent,Bug Report,5,3.4,2025-09-25 14:57:04
411217,358368,2025-01-07 09:49:48,normal,Bug Report,2,59.9,2025-01-09 21:43:48
628489,774503,2025-11-01 08:08:59,normal,Integrations,4,26.4,2025-11-02 10:32:59
706954,558639,2025-04-07 15:13:35,normal,Bug Report,,,
209879,979522,2025-01-20 13:28:22,normal,Performance,4,48.3,2025-01-22 13:46:22
886026,826663,2025-08-07 16:49:17,high,Feature Request,5,9.5,2025-08-08 02:19:17
725072,444827,2025-05-27 15:09:24,normal,Bug Report,5,27.6,2025-05-28 18:45:24
952553,676614,2025-07-17 14:29:48,low,Performance,5,35.7,2025-07-19 02:11:48
124099,153452,2025-02-16 15:18:41,normal,Billing,4,34.1,2025-02-18 01:24:41
435423,890103,2025-07-10 11:12:43,low,Integrations,3,11.3,2025-07-10 22:30:43
875320,610566,2025-04-21 14:55:09,normal,Bug Report,4,32.1,2025-04-22 23:01:09
135674,865573,2025-05-18 17:19:31,high,Bug Report,3,9.3,2025-05-19 02:37:31
602359,899547,2025-08-17 09:24:51,normal,Onboarding,5,61.6,2025-08-19 23:00:51
12940,301631,2025-12-03 13:23:15,low,Onboarding,1,131.0,2025-12-09 00:23:15
835398,491257,2025-05-03 15:02:03,high,Onboarding,5,18.0,2025-05-04 09:02:03
469843,597592,2025-01-19 08:10:26,normal,Feature Request,5,37.8,2025-01-20 21:58:26
500836,260118,2025-06-24 09:50:24,normal,Onboarding,4,53.5,2025-06-26 15:20:24
682530,540382,2025-06-02 13:34:06,high,Integrations,2,3.1,2025-06-02 16:40:06
49497,693667,2025-11-19 05:04:53,low,Integrations,4,74.3,2025-11-22 07:22:53
678485,812313,2025-03-30 15:30:04,normal,Integrations,,,
837160,281254,2025-01-15 10:16:16,normal,Feature Request,3,13.8,2025-01-16 00:04:16
679362,444827,2025-03-19 12:03:32,normal,Integrations,2,49.9,2025-03-21 13:57:32
998563,663216,2025-10-18 13:11:23,low,Feature Request,3,63.0,2025-10-21 04:11:23
289215,194356,2025-10-01 08:28:47,normal,Bug Report,1,42.0,2025-10-03 02:28:47
683151,696918,2025-11-09 09:46:20,normal,Performance,5,30.1,2025-11-10 15:52:20
17040,992844,2025-07-16 20:00:57,low,Feature Request,4,81.0,2025-07-20 05:00:57
631803,467325,2025-08-27 10:33:29,normal,Onboarding,2,13.9,2025-08-28 00:27:29
294047,845929,2025-03-28 14:45:28,low,Performance,5,43.2,2025-03-30 09:57:28
786697,209127,2025-06-05 19:22:13,high,Billing,4,20.0,2025-06-06 15:22:13
528858,247003,2025-08-19 14:34:13,low,Billing,5,115.1,2025-08-24 09:40:13
627157,561622,2025-04-18 14:01:27,low,Feature Request,3,68.9,2025-04-21 10:55:27
32839,363409,2025-05-29 18:32:20,high,Billing,5,10.7,2025-05-30 05:14:20
574195,106212,2025-10-30 08:35:08,high,Onboarding,5,4.3,2025-10-30 12:53:08
516923,819199,2025-09-02 09:14:12,high,Billing,2,9.4,2025-09-02 18:38:12
936114,131876,2025-05-07 14:50:01,normal,Feature Request,5,22.0,2025-05-08 12:50:01
996877,211818,2025-03-13 18:38:41,normal,Integrations,3,38.4,2025-03-15 09:02:41
953323,335130,2025-03-19 14:47:34,normal,Integrations,3,34.8,2025-03-21 01:35:34
180529,681503,2025-05-14 22:14:54,normal,Performance,5,41.2,2025-05-16 15:26:54
759587,695044,2025-11-17 05:22:29,low,Onboarding,,,
908093,942304,2025-11-20 09:49:49,low,Billing,4,85.0,2025-11-23 22:49:49
120482,588070,2025-07-17 07:24:02,low,Billing,5,30.1,2025-07-18 13:30:02
464816,170254,2025-04-18 13:55:14,normal,Bug Report,5,24.9,2025-04-19 14:49:14
37274,376354,2025-05-05 09:29:57,high,Onboarding,5,6.8,2025-05-05 16:17:57
443186,672009,2025-11-11 08:15:15,high,Feature Request,5,14.5,2025-11-11 22:45:15
564760,729073,2025-09-01 15:28:39,urgent,Onboarding,,,
608840,275252,2025-05-17 14:42:29,low,Onboarding,5,69.4,2025-05-20 12:06:29
174729,797764,2025-08-24 14:05:33,high,Integrations,1,7.7,2025-08-24 21:47:33
276604,810858,2025-01-23 16:24:36,low,Feature Request,5,74.8,2025-01-26 19:12:36
516977,114026,2025-06-22 03:52:52,low,Integrations,3,82.0,2025-06-25 13:52:52
394479,602857,2025-05-02 13:15:11,high,Bug Report,,,
685181,290492,2025-06-22 12:49:02,normal,Billing,4,37.7,2025-06-24 02:31:02
593217,735377,2025-01-02 10:34:59,high,Integrations,,,
326498,515718,2025-04-08 16:14:27,normal,Bug Report,4,17.1,2025-04-09 09:20:27
933160,244780,2025-07-30 17:58:02,normal,Bug Report,1,17.5,2025-07-31 11:28:02
787047,511497,2025-05-11 09:55:03,urgent,Billing,,,
580602,353158,2025-04-26 05:42:20,normal,Performance,1,44.2,2025-04-28 01:54:20
150886,247268,2025-09-13 08:35:32,normal,Feature Request,5,12.7,2025-09-13 21:17:32
911414,746335,2025-08-02 09:30:09,low,Integrations,5,95.4,2025-08-06 08:54:09
147834,291773,2025-06-11 10:38:21,low,Onboarding,,,
851168,359578,2025-04-02 14:03:29,high,Bug Report,5,13.8,2025-04-03 03:51:29
395154,575382,2025-10-21 12:36:00,normal,Bug Report,5,19.6,2025-10-22 08:12:00
114680,105131,2025-05-24 16:50:46,normal,Bug Report,5,11.2,2025-05-25 04:02:46
520089,331311,2025-10-02 11:33:09,low,Performance,3,107.3,2025-10-06 22:51:09
910628,279735,2025-05-09 23:40:15,high,Onboarding,3,12.5,2025-05-10 12:10:15
779359,351475,2025-05-16 15:47:01,normal,Billing,4,23.3,2025-05-17 15:05:01
410640,558639,2025-07-03 13:18:03,urgent,Integrations,5,2.9,2025-07-03 16:12:03
703686,269728,2025-06-03 20:07:11,normal,Bug Report,5,32.7,2025-06-05 04:49:11
294705,564779,2025-07-20 11:58:46,low,Onboarding,4,51.3,2025-07-22 15:16:46
369195,836465,2025-06-15 13:01:45,normal,Integrations,4,19.0,2025-06-16 08:01:45
348342,248669,2025-10-01 16:19:24,low,Bug Report,5,40.8,2025-10-03 09:07:24
809303,908690,2025-07-13 02:52:52,normal,Integrations,3,32.7,2025-07-14 11:34:52
621055,650871,2025-12-16 14:42:54,high,Integrations,5,12.7,2025-12-17 03:24:54
684729,931016,2025-12-05 10:06:00,low,Billing,5,111.4,2025-12-10 01:30:00
834969,149930,2025-03-02 16:56:09,low,Feature Request,5,135.4,2025-03-08 08:20:09
54400,967030,2025-04-25 09:29:10,normal,Performance,4,15.5,2025-04-26 00:59:10
953867,757620,2025-06-11 01:19:29,low,Integrations,4,54.5,2025-06-13 07:49:29
277241,665391,2025-12-15 15:03:50,low,Integrations,5,52.3,2025-12-17 19:21:50
389496,491257,2025-05-13 08:33:54,low,Billing,,,
593186,775589,2025-05-21 14:28:29,low,Integrations,,,
403263,753247,2025-07-05 14:05:39,low,Integrations,2,61.8,2025-07-08 03:53:39
783723,400628,2025-01-18 09:17:37,low,Integrations,4,103.8,2025-01-22 17:05:37
967318,967030,2025-05-26 17:10:18,low,Onboarding,5,87.0,2025-05-30 08:10:18
818970,529391,2025-07-29 09:42:26,normal,Bug Report,,,
78775,696918,2025-05-14 12:01:02,urgent,Billing,4,4.1,2025-05-14 16:07:02
464835,436381,2025-08-02 15:04:49,low,Feature Request,5,139.8,2025-08-08 10:52:49
785725,147475,2025-03-01 07:22:34,urgent,Feature Request,1,4.1,2025-03-01 11:28:34
96353,416221,2025-05-09 09:35:49,normal,Onboarding,4,59.0,2025-05-11 20:35:49
395394,493074,2025-05-11 21:42:25,normal,Performance,,,
32525,537263,2025-09-25 16:20:41,low,Onboarding,4,113.4,2025-09-30 09:44:41
205158,782825,2025-11-12 12:29:54,normal,Performance,,,
863635,217404,2025-05-26 10:34:08,urgent,Integrations,2,5.5,2025-05-26 16:04:08
183444,916616,2025-04-07 07:32:11,normal,Feature Request,4,31.4,2025-04-08 14:56:11
546123,511497,2025-05-13 13:16:31,high,Feature Request,4,16.7,2025-05-14 05:58:31
362201,105131,2025-01-25 19:44:08,high,Onboarding,4,9.3,2025-01-26 05:02:08
137106,170008,2025-03-14 12:20:38,normal,Integrations,5,11.1,2025-03-14 23:26:38
898522,138819,2025-04-05 07:49:37,urgent,Feature Request,5,6.5,2025-04-05 14:19:37
867590,739213,2025-05-21 12:37:39,low,Integrations,5,54.8,2025-05-23 19:25:39
719755,154626,2025-09-18 14:38:15,low,Billing,5,124.6,2025-09-23 19:14:15
155907,862228,2025-05-27 10:15:24,low,Integrations,,,
410156,623050,2025-07-08 01:42:37,low,Integrations,5,87.9,2025-07-11 17:36:37
158814,784693,2025-06-21 21:21:11,low,Performance,5,27.7,2025-06-23 01:03:11
834621,917868,2025-09-23 17:52:01,normal,Bug Report,5,54.2,2025-09-26 00:04:01
614858,828822,2025-01-01 11:10:42,normal,Integrations,3,39.6,2025-01-03 02:46:42
848666,713585,2025-06-14 21:48:08,low,Bug Report,2,54.6,2025-06-17 04:24:08
344203,118279,2025-08-28 07:17:51,normal,Feature Request,4,30.2,2025-08-29 13:29:51
525780,787646,2025-09-21 16:31:06,low,Bug Report,5,92.3,2025-09-25 12:49:06
501867,379610,2025-07-04 12:49:10,low,Integrations,5,102.4,2025-07-08 19:13:10
831497,235164,2025-11-24 16:09:18,low,Bug Report,5,73.4,2025-11-27 17:33:18
148526,668250,2025-02-27 10:18:56,normal,Integrations,2,7.8,2025-02-27 18:06:56
144168,318214,2025-05-13 16:13:18,high,Onboarding,,,
544615,732615,2025-01-25 07:53:25,high,Integrations,5,7.3,2025-01-25 15:11:25
563760,964514,2025-04-15 06:55:51,high,Billing,5,15.1,2025-04-15 22:01:51
256458,213004,2025-06-12 11:36:23,normal,Performance,5,24.3,2025-06-13 11:54:23
646786,131876,2025-10-07 10:15:55,normal,Billing,4,49.4,2025-10-09 11:39:55
420222,102220,2025-05-09 22:21:51,normal,Onboarding,5,19.0,2025-05-10 17:21:51
519460,163603,2025-05-20 09:25:30,urgent,Onboarding,5,2.0,2025-05-20 11:25:30
832261,288393,2025-11-12 11:13:07,normal,Performance,5,18.9,2025-11-13 06:07:07
760270,298901,2025-06-09 15:40:08,normal,Integrations,5,15.8,2025-06-10 07:28:08
543308,557850,2025-10-12 11:54:13,high,Integrations,5,13.6,2025-10-13 01:30:13
881328,519323,2025-05-31 18:16:50,normal,Performance,1,5.3,2025-05-31 23:34:50
711728,975101,2025-02-13 16:30:38,normal,Bug Report,5,26.5,2025-02-14 19:00:38
618578,417940,2025-10-20 14:29:34,normal,Bug Report,5,69.5,2025-10-23 11:59:34
299903,729073,2025-09-01 21:59:39,normal,Billing,5,32.4,2025-09-03 06:23:39
643325,911267,2025-06-02 14:15:37,normal,Feature Request,1,25.8,2025-06-03 16:03:37
652653,356711,2025-05-08 13:52:19,normal,Feature Request,,,
814371,819790,2025-12-06 08:07:43,normal,Bug Report,3,49.0,2025-12-08 09:07:43
469096,717660,2025-09-16 21:10:14,low,Feature Request,3,52.7,2025-09-19 01:52:14
220842,147475,2025-12-17 16:02:35,low,Integrations,5,69.1,2025-12-20 13:08:35
703467,393197,2025-02-28 19:10:02,normal,Feature Request,4,26.8,2025-03-01 21:58:02
786616,256231,2025-03-04 16:15:06,normal,Onboarding,,,
17906,819199,2025-05-04 13:59:21,normal,Bug Report,5,15.7,2025-05-05 05:41:21
938144,352867,2025-10-13 15:53:04,normal,Onboarding,5,26.1,2025-10-14 17:59:04
951282,540115,2025-08-12 20:23:31,normal,Onboarding,5,21.6,2025-08-13 17:59:31
298524,837734,2025-09-23 10:02:47,normal,Integrations,4,52.8,2025-09-25 14:50:47
989824,143805,2025-05-05 01:28:45,urgent,Billing,4,5.7,2025-05-05 07:10:45
186220,798586,2025-07-15 12:41:09,normal,Integrations,4,29.2,2025-07-16 17:53:09
495932,470193,2025-03-05 15:33:44,normal,Feature Request,5,28.5,2025-03-06 20:03:44
586070,983167,2025-05-12 18:05:23,low,Integrations,2,27.1,2025-05-13 21:11:23
535614,952233,2025-04-15 20:50:39,low,Billing,,,
555197,549691,2025-08-16 13:55:29,normal,Integrations,4,16.6,2025-08-17 06:31:29
789894,269728,2025-01-14 09:49:35,normal,Performance,5,26.1,2025-01-15 11:55:35
797795,975237,2025-11-18 19:57:32,normal,Bug Report,5,44.3,2025-11-20 16:15:32
572324,241202,2025-11-13 13:27:09,low,Integrations,4,24.8,2025-11-14 14:15:09
428435,952233,2025-03-30 17:55:27,normal,Integrations,1,16.3,2025-03-31 10:13:27
77810,537263,2025-09-26 11:57:23,normal,Bug Report,5,29.5,2025-09-27 17:27:23
582592,662023,2025-11-22 15:45:52,low,Onboarding,5,101.9,2025-11-26 21:39:52
844396,262565,2025-10-12 12:49:17,low,Integrations,5,101.2,2025-10-16 18:01:17
824236,600864,2025-08-22 13:14:17,urgent,Feature Request,,,
204625,143529,2025-10-29 22:10:45,normal,Integrations,5,18.1,2025-10-30 16:16:45
460560,391958,2025-10-22 12:10:50,low,Bug Report,1,92.2,2025-10-26 08:22:50
532805,427620,2025-10-29 10:14:29,normal,Integrations,3,21.1,2025-10-30 07:20:29
928910,486520,2025-07-27 08:20:46,normal,Onboarding,3,18.4,2025-07-28 02:44:46
944617,260885,2025-09-02 16:04:27,low,Billing,4,45.4,2025-09-04 13:28:27
306705,958517,2025-12-06 13:37:12,low,Performance,5,89.3,2025-12-10 06:55:12
574523,111936,2025-08-20 14:12:01,normal,Bug Report,5,17.9,2025-08-21 08:06:01
602950,901636,2025-05-21 08:46:01,normal,Performance,3,21.4,2025-05-22 06:10:01
51087,149208,2025-01-04 07:58:40,normal,Onboarding,5,32.8,2025-01-05 16:46:40
574841,418604,2025-06-30 09:12:39,low,Feature Request,3,57.8,2025-07-02 19:00:39
550974,331536,2025-07-06 17:01:23,normal,Bug Report,5,13.2,2025-07-07 06:13:23
696641,406745,2025-01-12 08:33:03,normal,Onboarding,5,26.5,2025-01-13 11:03:03
165461,516432,2025-11-02 10:22:57,normal,Bug Report,4,57.9,2025-11-04 20:16:57
71891,896894,2025-12-07 07:24:50,low,Performance,4,52.4,2025-12-09 11:48:50
961462,353111,2025-03-10 14:14:34,normal,Performance,5,55.2,2025-03-12 21:26:34
684670,316635,2025-08-31 09:15:53,normal,Performance,1,37.8,2025-09-01 23:03:53
840883,249442,2025-02-14 13:02:00,high,Bug Report,5,9.6,2025-02-14 22:38:00
122774,692735,2025-01-10 17:51:16,normal,Onboarding,5,23.0,2025-01-11 16:51:16
970035,275252,2025-08-09 10:00:32,normal,Onboarding,4,54.0,2025-08-11 16:00:32
327354,671372,2025-02-14 09:02:32,high,Integrations,5,9.9,2025-02-14 18:56:32
931053,817805,2025-10-19 10:05:18,high,Onboarding,5,13.6,2025-10-19 23:41:18
567202,966960,2025-06-11 11:18:39,normal,Onboarding,5,61.5,2025-06-14 00:48:39
623987,549691,2025-07-14 14:39:50,normal,Bug Report,5,61.5,2025-07-17 04:09:50
94750,547854,2025-11-30 14:52:47,low,Integrations,4,44.8,2025-12-02 11:40:47
349255,108606,2025-04-12 13:47:21,normal,Performance,4,29.0,2025-04-13 18:47:21
639031,805099,2025-05-01 21:59:34,high,Performance,4,6.3,2025-05-02 04:17:34
919706,178553,2025-04-21 10:40:29,normal,Bug Report,3,19.9,2025-04-22 06:34:29
647993,749734,2025-10-12 13:34:48,normal,Integrations,4,18.3,2025-10-13 07:52:48
332147,355983,2025-11-15 13:45:07,high,Feature Request,,,
493278,133896,2025-07-11 20:45:14,urgent,Integrations,3,3.8,2025-07-12 00:33:14
328618,404631,2025-10-04 11:00:19,normal,Bug Report,5,67.3,2025-10-07 06:18:19
255778,617749,2025-04-09 17:15:02,low,Bug Report,2,25.8,2025-04-10 19:03:02
304637,634412,2025-09-07 14:30:37,low,Integrations,5,102.1,2025-09-11 20:36:37
969334,122331,2025-08-12 18:29:15,normal,Performance,2,29.9,2025-08-14 00:23:15
883301,359909,2025-06-01 22:51:42,normal,Feature Request,5,11.1,2025-06-02 09:57:42
861960,842629,2025-09-09 12:48:15,normal,Billing,3,41.8,2025-09-11 06:36:15
452543,624691,2025-10-11 08:03:34,normal,Integrations,1,24.8,2025-10-12 08:51:34
664137,282947,2025-05-05 14:36:41,normal,Integrations,2,60.0,2025-05-08 02:36:41
103669,323646,2025-02-28 02:03:45,low,Billing,,,
924543,170417,2025-10-13 17:16:03,low,Integrations,2,109.1,2025-10-18 06:22:03
685368,198116,2025-09-09 15:39:12,low,Feature Request,5,33.8,2025-09-11 01:27:12
551348,481016,2025-05-27 14:26:49,normal,Bug Report,5,51.7,2025-05-29 18:08:49
584829,572896,2025-12-24 02:37:14,normal,Performance,4,28.3,2025-12-25 06:55:14
507319,504637,2025-01-12 09:01:53,low,Bug Report,4,22.1,2025-01-13 07:07:53
968786,850797,2025-03-11 14:42:19,urgent,Bug Report,3,4.1,2025-03-11 18:48:19
38463,485273,2025-05-28 15:20:25,low,Billing,5,26.9,2025-05-29 18:14:25
465722,216530,2025-12-18 14:25:49,normal,Feature Request,4,49.8,2025-12-20 16:13:49
940070,364714,2025-09-09 15:30:22,high,Onboarding,5,21.6,2025-09-10 13:06:22
130685,839782,2025-03-06 23:34:01,normal,Performance,3,30.5,2025-03-08 06:04:01
989319,301453,2025-05-26 11:58:01,normal,Performance,5,70.2,2025-05-29 10:10:01
676955,129289,2025-09-16 14:40:35,high,Integrations,1,10.0,2025-09-17 00:40:35
390596,822666,2025-09-17 09:58:50,high,Feature Request,5,20.0,2025-09-18 05:58:50
481513,599218,2025-07-25 15:19:21,urgent,Feature Request,5,4.0,2025-07-25 19:19:21
456815,977420,2025-08-26 18:17:33,normal,Bug Report,4,27.6,2025-08-27 21:53:33
175413,991768,2025-07-15 23:31:06,low,Billing,2,110.7,2025-07-20 14:13:06
959032,205373,2025-10-24 21:28:16,low,Performance,2,114.5,2025-10-29 15:58:16
215658,705867,2025-12-05 17:57:56,normal,Billing,5,55.6,2025-12-08 01:33:56
328292,952114,2025-09-16 17:47:17,low,Bug Report,5,112.2,2025-09-21 09:59:17
84940,663683,2025-12-04 12:38:46,high,Bug Report,3,12.6,2025-12-05 01:14:46
930676,278870,2025-11-19 10:36:28,low,Onboarding,5,13.5,2025-11-20 00:06:28
975268,961826,2025-04-12 13:10:38,normal,Performance,3,39.8,2025-04-14 04:58:38
465277,377902,2025-09-19 13:08:01,low,Bug Report,2,54.2,2025-09-21 19:20:01
568162,705149,2025-08-12 14:47:25,high,Integrations,5,4.8,2025-08-12 19:35:25
283241,819790,2025-04-28 09:04:02,urgent,Feature Request,4,3.9,2025-04-28 12:58:02
293965,647116,2025-11-08 13:52:55,low,Bug Report,4,45.4,2025-11-10 11:16:55
62342,262565,2025-05-05 13:16:44,normal,Bug Report,4,30.8,2025-05-06 20:04:44
564850,943067,2025-03-28 09:52:20,normal,Onboarding,1,32.0,2025-03-29 17:52:20
689426,498584,2025-01-13 16:25:14,urgent,Integrations,2,3.0,2025-01-13 19:25:14
847924,236391,2025-10-03 08:04:01,normal,Bug Report,5,48.0,2025-10-05 08:04:01
869223,397763,2025-03-06 07:10:05,low,Billing,3,47.2,2025-03-08 06:22:05
363273,871334,2025-05-14 17:01:02,high,Billing,5,7.0,2025-05-15 00:01:02
33250,828822,2025-10-23 17:29:03,normal,Onboarding,,,
390086,165039,2025-06-21 16:14:59,normal,Billing,4,33.5,2025-06-23 01:44:59
354282,241202,2025-02-06 10:01:51,high,Performance,4,16.1,2025-02-07 02:07:51
130400,364714,2025-08-28 04:16:36,normal,Onboarding,4,44.1,2025-08-30 00:22:36
228843,240194,2025-04-20 12:48:21,high,Billing,,,
834474,604851,2025-11-21 14:39:42,low,Onboarding,5,68.7,2025-11-24 11:21:42
347594,572896,2025-04-07 16:13:52,normal,Feature Request,5,20.1,2025-04-08 12:19:52
446280,865573,2025-09-21 11:50:31,normal,Integrations,5,48.2,2025-09-23 12:02:31
108088,383347,2025-08-19 16:27:07,normal,Bug Report,4,59.8,2025-08-22 04:15:07
697879,634053,2025-07-27 17:24:28,normal,Integrations,4,28.9,2025-07-28 22:18:28
873257,504080,2025-01-21 16:10:05,low,Billing,4,32.8,2025-01-23 00:58:05
857414,457669,2025-03-16 17:59:28,low,Integrations,1,101.3,2025-03-20 23:17:28
915413,380284,2025-06-06 10:01:21,high,Bug Report,5,10.0,2025-06-06 20:01:21
709637,925364,2025-09-19 12:39:29,high,Onboarding,5,10.8,2025-09-19 23:27:29
680788,260444,2025-03-22 13:34:24,low,Performance,4,102.2,2025-03-26 19:46:24
86060,634053,2025-05-12 14:14:52,normal,Bug Report,5,48.8,2025-05-14 15:02:52
230727,868446,2025-12-26 15:39:23,low,Performance,4,104.8,2025-12-31 00:27:23
943396,290736,2025-04-04 13:10:28,high,Bug Report,4,4.6,2025-04-04 17:46:28
840844,133243,2025-09-21 21:57:25,high,Feature Request,5,15.4,2025-09-22 13:21:25
9236,177341,2025-06-03 08:46:17,normal,Billing,5,33.5,2025-06-04 18:16:17
564365,133896,2025-08-14 10:45:23,low,Performance,3,84.1,2025-08-17 22:51:23
333803,203708,2025-07-26 10:05:53,normal,Bug Report,5,54.1,2025-07-28 16:11:53
717662,918212,2025-06-22 04:46:31,normal,Onboarding,4,35.7,2025-06-23 16:28:31
965582,430738,2025-05-27 12:01:22,urgent,Integrations,4,3.1,2025-05-27 15:07:22
786484,139085,2025-06-29 10:41:31,normal,Bug Report,5,36.8,2025-06-30 23:29:31
346694,248542,2025-02-07 00:46:31,normal,Billing,4,7.8,2025-02-07 08:34:31
340250,444888,2025-01-19 12:25:55,low,Bug Report,5,28.7,2025-01-20 17:07:55
777452,649882,2025-05-13 14:36:03,low,Feature Request,4,112.1,2025-05-18 06:42:03
39504,993977,2025-10-08 15:44:47,normal,Billing,3,22.0,2025-10-09 13:44:47
183277,150235,2025-03-07 17:02:37,low,Integrations,4,114.5,2025-03-12 11:32:37
12718,647876,2025-06-16 03:31:55,high,Integrations,1,13.1,2025-06-16 16:37:55
176163,991768,2025-11-17 20:25:29,low,Integrations,5,40.0,2025-11-19 12:25:29
409377,935611,2025-12-22 10:31:12,normal,Feature Request,5,47.8,2025-12-24 10:19:12
95521,530957,2025-10-12 11:19:33,normal,Bug Report,4,45.8,2025-10-14 09:07:33
56383,179746,2025-02-18 09:33:16,low,Performance,5,81.3,2025-02-21 18:51:16
314344,271150,2025-06-25 15:38:30,normal,Performance,5,54.0,2025-06-27 21:38:30
502175,688496,2025-01-08 16:28:39,low,Integrations,5,11.0,2025-01-09 03:28:39
452955,977420,2025-11-03 11:20:28,high,Onboarding,5,16.6,2025-11-04 03:56:28
494343,395744,2025-01-07 08:12:41,normal,Billing,2,26.5,2025-01-08 10:42:41
101248,835797,2025-04-19 06:56:34,low,Feature Request,4,47.6,2025-04-21 06:32:34
432235,731506,2025-05-03 08:25:54,normal,Bug Report,3,14.9,2025-05-03 23:19:54
4205,721049,2025-03-17 15:59:18,high,Integrations,4,4.2,2025-03-17 20:11:18
614708,336415,2025-09-05 10:53:57,high,Performance,5,13.2,2025-09-06 00:05:57
197516,345955,2025-11-17 09:43:48,normal,Performance,5,50.9,2025-11-19 12:37:48
92982,216864,2025-10-10 07:36:56,low,Bug Report,5,46.7,2025-10-12 06:18:56
473676,218565,2025-08-29 11:20:13,urgent,Integrations,5,3.0,2025-08-29 14:20:13
895715,493447,2025-06-29 20:57:00,normal,Performance,4,20.3,2025-06-30 17:15:00
111358,280606,2025-09-26 10:09:52,urgent,Performance,4,3.2,2025-09-26 13:21:52
644922,292435,2025-06-10 13:22:21,normal,Bug Report,5,27.1,2025-06-11 16:28:21
707003,819790,2025-08-01 09:20:20,low,Onboarding,4,38.4,2025-08-02 23:44:20
371783,667992,2025-09-03 06:59:39,low,Feature Request,4,56.8,2025-09-05 15:47:39
918051,651891,2025-11-21 11:35:45,normal,Bug Report,,,
415297,850797,2025-10-17 11:45:55,high,Integrations,,,
471624,441926,2025-04-07 08:17:34,normal,Bug Report,5,38.6,2025-04-08 22:53:34
414936,371884,2025-12-03 09:32:56,high,Bug Report,5,11.5,2025-12-03 21:02:56
374853,285164,2025-08-14 13:18:35,high,Bug Report,5,6.5,2025-08-14 19:48:35
134975,554336,2025-11-10 14:27:13,normal,Integrations,2,10.7,2025-11-11 01:09:13
801356,170417,2025-06-12 10:16:40,normal,Performance,5,39.0,2025-06-14 01:16:40
611798,870010,2025-08-08 10:45:19,normal,Integrations,3,14.8,2025-08-09 01:33:19
848930,646333,2025-06-11 12:57:11,low,Onboarding,5,98.7,2025-06-15 15:39:11
436795,198116,2025-11-17 12:12:36,normal,Bug Report,5,21.3,2025-11-18 09:30:36
626314,369202,2025-01-08 15:28:48,low,Billing,5,132.1,2025-01-14 03:34:48
14296,675202,2025-10-16 16:35:49,urgent,Integrations,4,3.8,2025-10-16 20:23:49
196086,505710,2025-11-24 08:45:20,high,Bug Report,,,
792174,749288,2025-02-06 11:41:52,high,Billing,5,3.4,2025-02-06 15:05:52
386139,790797,2025-06-09 15:56:48,normal,Performance,5,40.3,2025-06-11 08:14:48
274402,343808,2025-11-08 13:23:59,normal,Performance,2,33.7,2025-11-09 23:05:59
603722,181128,2025-04-19 13:44:08,normal,Bug Report,5,39.2,2025-04-21 04:56:08
925316,189580,2025-11-13 07:41:23,normal,Performance,4,21.0,2025-11-14 04:41:23
133688,644079,2025-06-07 12:40:21,normal,Bug Report,3,33.3,2025-06-08 21:58:21
809847,600864,2025-10-21 13:39:04,normal,Bug Report,4,45.5,2025-10-23 11:09:04
903240,975237,2025-12-23 15:47:02,low,Billing,4,92.1,2025-12-27 11:53:02
898332,353111,2025-03-11 12:05:14,normal,Bug Report,3,10.5,2025-03-11 22:35:14
504803,796619,2025-06-13 09:45:42,normal,Feature Request,3,41.8,2025-06-15 03:33:42
582546,155975,2025-12-05 10:38:02,low,Bug Report,3,37.9,2025-12-07 00:32:02
603384,288798,2025-10-17 12:06:36,normal,Feature Request,3,54.7,2025-10-19 18:48:36
629095,779156,2025-03-30 11:23:33,normal,Performance,5,35.5,2025-03-31 22:53:33
487463,980608,2025-03-29 08:29:13,normal,Integrations,4,31.5,2025-03-30 15:59:13
270336,282947,2025-01-30 08:42:23,normal,Bug Report,5,49.7,2025-02-01 10:24:23
157453,228677,2025-09-20 05:33:59,normal,Onboarding,4,27.8,2025-09-21 09:21:59
503461,216864,2025-01-20 14:59:21,normal,Billing,4,65.3,2025-01-23 08:17:21
303398,406504,2025-07-24 22:21:30,normal,Integrations,5,29.9,2025-07-26 04:15:30
159395,139506,2025-08-27 15:57:32,low,Integrations,5,31.1,2025-08-28 23:03:32
634255,196472,2025-12-08 07:03:00,normal,Performance,5,64.1,2025-12-10 23:09:00
645008,679810,2025-02-03 09:49:12,urgent,Integrations,5,2.8,2025-02-03 12:37:12
446015,142978,2025-07-26 22:24:43,normal,Feature Request,4,58.8,2025-07-29 09:12:43
400222,679023,2025-06-06 11:38:51,normal,Billing,1,24.0,2025-06-07 11:38:51
709694,693331,2025-02-09 15:44:23,low,Integrations,4,45.3,2025-02-11 13:02:23
343006,892300,2025-11-17 09:44:13,low,Integrations,5,88.9,2025-11-21 02:38:13
836979,779156,2025-08-23 14:27:32,low,Bug Report,3,40.8,2025-08-25 07:15:32
241273,177009,2025-05-22 01:07:10,normal,Integrations,5,14.2,2025-05-22 15:19:10
725192,684543,2025-07-28 19:30:01,normal,Billing,5,18.7,2025-07-29 14:12:01
902910,252591,2025-10-06 12:23:48,high,Onboarding,4,15.3,2025-10-07 03:41:48
670559,807582,2025-09-13 12:55:11,low,Performance,4,133.5,2025-09-19 02:25:11
792937,351485,2025-01-27 15:34:40,normal,Billing,4,30.2,2025-01-28 21:46:40
393473,414766,2025-08-27 21:50:57,high,Bug Report,4,4.9,2025-08-28 02:44:57
878364,316635,2025-05-16 16:06:07,normal,Integrations,3,41.8,2025-05-18 09:54:07
527711,560307,2025-03-28 22:40:53,low,Bug Report,3,104.3,2025-04-02 06:58:53
617368,675863,2025-12-18 12:27:36,high,Integrations,5,14.7,2025-12-19 03:09:36
399306,624691,2025-01-28 15:44:33,normal,Bug Report,5,54.6,2025-01-30 22:20:33
969717,165982,2025-09-17 15:54:37,normal,Performance,5,23.6,2025-09-18 15:30:37
690699,649882,2025-09-16 13:51:23,high,Bug Report,5,5.6,2025-09-16 19:27:23
473955,133243,2025-09-22 05:07:34,low,Performance,1,123.3,2025-09-27 08:25:34
288215,245051,2025-06-21 16:17:24,low,Performance,4,59.5,2025-06-24 03:47:24
346392,627691,2025-09-20 14:09:14,normal,Integrations,5,14.6,2025-09-21 04:45:14
596721,444888,2025-08-10 14:02:29,low,Billing,,,
86023,203860,2025-04-15 15:45:53,normal,Feature Request,3,26.1,2025-04-16 17:51:53
169867,124161,2025-12-10 11:06:07,low,Onboarding,5,124.6,2025-12-15 15:42:07
565180,513019,2025-12-14 12:02:58,low,Performance,4,113.0,2025-12-19 05:02:58
904559,216101,2025-05-19 01:44:32,normal,Feature Request,5,33.7,2025-05-20 11:26:32
804685,889010,2025-05-27 15:04:39,low,Bug Report,4,116.5,2025-06-01 11:34:39
741389,491474,2025-06-20 07:57:16,low,Billing,5,111.7,2025-06-24 23:39:16
764931,805943,2025-10-10 08:38:30,high,Bug Report,5,15.5,2025-10-11 00:08:30
399447,166599,2025-03-19 10:03:13,low,Bug Report,4,75.2,2025-03-22 13:15:13
549370,911125,2025-02-19 13:15:50,normal,Performance,3,33.0,2025-02-20 22:15:50
192243,144659,2025-03-14 14:28:16,high,Onboarding,5,16.4,2025-03-15 06:52:16
161911,782825,2025-05-14 06:56:55,normal,Bug Report,5,29.0,2025-05-15 11:56:55
17232,976274,2025-03-22 11:30:53,high,Performance,4,18.5,2025-03-23 06:00:53
98968,768839,2025-07-14 19:08:56,low,Onboarding,,,
167089,288798,2025-10-24 07:08:35,low,Feature Request,4,61.3,2025-10-26 20:26:35
134531,225784,2025-09-11 14:53:56,normal,Feature Request,,,
734092,981433,2025-07-15 14:51:28,low,Bug Report,5,95.4,2025-07-19 14:15:28
920089,567592,2025-07-23 07:25:01,normal,Integrations,4,26.0,2025-07-24 09:25:01
294068,265989,2025-12-15 12:32:05,normal,Integrations,3,29.5,2025-12-16 18:02:05
974991,820834,2025-09-23 14:09:31,normal,Integrations,4,51.1,2025-09-25 17:15:31
940160,827874,2025-03-07 20:37:27,high,Bug Report,3,18.5,2025-03-08 15:07:27
71197,372180,2025-09-25 13:00:22,low,Feature Request,2,76.3,2025-09-28 17:18:22
796377,806501,2025-01-30 09:47:13,normal,Performance,5,48.5,2025-02-01 10:17:13
474285,379610,2025-09-25 07:06:37,normal,Billing,4,35.2,2025-09-26 18:18:37
588772,682986,2025-11-10 12:08:57,normal,Billing,5,38.0,2025-11-12 02:08:57
131708,209127,2025-06-10 07:29:51,normal,Bug Report,4,36.2,2025-06-11 19:41:51
206310,398032,2025-09-22 23:03:27,normal,Bug Report,4,15.3,2025-09-23 14:21:27
57948,943223,2025-09-03 11:37:06,low,Feature Request,5,67.5,2025-09-06 07:07:06
692732,686652,2025-05-07 12:07:23,normal,Onboarding,3,36.8,2025-05-09 00:55:23
756485,544253,2025-12-08 23:00:25,normal,Onboarding,4,41.0,2025-12-10 16:00:25
151517,550131,2025-10-16 16:52:12,low,Integrations,4,40.7,2025-10-18 09:34:12
273873,393007,2025-04-26 09:35:34,normal,Integrations,5,26.6,2025-04-27 12:11:34
279785,900536,2025-04-21 09:48:02,urgent,Integrations,3,4.4,2025-04-21 14:12:02
77313,796619,2025-12-27 20:05:25,normal,Onboarding,4,62.6,2025-12-30 10:41:25
685682,815996,2025-11-13 18:06:05,normal,Integrations,5,42.9,2025-11-15 13:00:05
820298,961788,2025-01-28 07:18:38,normal,Bug Report,4,15.8,2025-01-28 23:06:38
286975,870271,2025-11-20 10:11:35,normal,Billing,5,20.6,2025-11-21 06:47:35
277675,507445,2025-08-13 08:21:25,urgent,Integrations,4,5.0,2025-08-13 13:21:25
164723,783281,2025-06-14 16:55:06,urgent,Billing,3,4.1,2025-06-14 21:01:06
409247,237614,2025-10-10 12:15:36,high,Bug Report,5,13.9,2025-10-11 02:09:36
971796,375756,2025-05-25 16:35:39,low,Billing,5,74.8,2025-05-28 19:23:39
264226,482349,2025-01-21 14:18:55,normal,Feature Request,3,13.8,2025-01-22 04:06:55
975657,779156,2025-01-20 10:52:58,normal,Performance,4,14.4,2025-01-21 01:16:58
565752,782122,2025-09-07 08:03:17,normal,Integrations,5,25.6,2025-09-08 09:39:17
521297,479493,2025-04-28 13:45:40,normal,Performance,,,
252892,248669,2025-03-13 10:02:03,high,Feature Request,5,16.0,2025-03-14 02:02:03
253,572896,2025-04-25 17:09:51,normal,Integrations,,,
622012,379292,2025-10-13 21:22:26,high,Onboarding,5,10.1,2025-10-14 07:28:26
613408,443384,2025-08-21 11:00:56,normal,Integrations,3,48.9,2025-08-23 11:54:56
24936,557985,2025-09-15 17:32:22,high,Integrations,4,19.3,2025-09-16 12:50:22
873030,611661,2025-06-25 17:56:47,low,Performance,5,84.4,2025-06-29 06:20:47
57908,793847,2025-08-09 09:36:54,high,Onboarding,4,10.0,2025-08-09 19:36:54
955184,731506,2025-08-21 12:13:22,normal,Billing,1,64.1,2025-08-24 04:19:22
32729,790366,2025-06-03 12:41:41,urgent,Integrations,5,2.4,2025-06-03 15:05:41
632855,679023,2025-08-04 08:41:26,low,Billing,4,33.0,2025-08-05 17:41:26
437450,789095,2025-09-29 10:23:10,high,Feature Request,5,17.9,2025-09-30 04:17:10
801897,624691,2025-02-25 07:29:20,low,Performance,4,42.7,2025-02-27 02:11:20
632524,790797,2025-12-09 10:08:20,normal,Onboarding,5,27.4,2025-12-10 13:32:20
743302,940445,2025-04-13 15:37:37,normal,Feature Request,5,24.0,2025-04-14 15:37:37
368730,647876,2025-05-28 08:58:27,high,Billing,4,5.5,2025-05-28 14:28:27
774090,150144,2025-12-12 16:16:42,high,Feature Request,5,5.2,2025-12-12 21:28:42
414427,444888,2025-01-04 18:47:15,normal,Performance,5,39.9,2025-01-06 10:41:15
188661,417896,2025-07-09 10:35:44,normal,Bug Report,5,53.5,2025-07-11 16:05:44
806038,356856,2025-01-31 09:05:28,low,Feature Request,5,66.5,2025-02-03 03:35:28
47520,256231,2025-04-21 15:33:06,high,Billing,3,12.2,2025-04-22 03:45:06
303510,613449,2025-11-11 13:45:50,normal,Performance,3,15.0,2025-11-12 04:45:50
735517,435261,2025-03-16 12:45:57,normal,Bug Report,5,37.8,2025-03-18 02:33:57
864573,779884,2025-07-18 09:13:40,high,Integrations,3,14.9,2025-07-19 00:07:40
933447,575382,2025-08-13 14:02:38,normal,Integrations,2,53.5,2025-08-15 19:32:38
621167,797764,2025-03-30 12:41:36,normal,Integrations,5,35.3,2025-03-31 23:59:36
361017,124161,2025-01-19 10:08:11,normal,Onboarding,5,25.9,2025-01-20 12:02:11
865381,357563,2025-05-14 15:01:27,low,Feature Request,4,49.7,2025-05-16 16:43:27
269221,599502,2025-06-06 12:48:37,high,Billing,4,15.9,2025-06-07 04:42:37
255536,289993,2025-06-06 13:33:38,low,Performance,5,120.4,2025-06-11 13:57:38
345908,153122,2025-02-26 09:11:57,low,Bug Report,5,103.6,2025-03-02 16:47:57
775443,271695,2025-10-10 08:29:15,low,Bug Report,5,102.4,2025-10-14 14:53:15
294583,999282,2025-08-25 11:24:30,high,Integrations,1,18.4,2025-08-26 05:48:30
760843,695658,2025-06-19 12:59:57,normal,Onboarding,4,34.5,2025-06-20 23:29:57
105662,176599,2025-12-17 10:07:41,normal,Integrations,3,29.0,2025-12-18 15:07:41
837638,759736,2025-04-22 11:24:12,high,Billing,4,11.0,2025-04-22 22:24:12
978740,312337,2025-08-09 16:00:56,normal,Performance,2,56.6,2025-08-12 00:36:56
950547,486520,2025-07-27 20:59:30,normal,Billing,3,28.8,2025-07-29 01:47:30
425127,805099,2025-02-23 21:29:20,normal,Integrations,4,38.4,2025-02-25 11:53:20
397244,409157,2025-01-22 15:55:04,low,Bug Report,5,88.9,2025-01-26 08:49:04
441346,983961,2025-06-07 04:08:51,low,Bug Report,5,135.8,2025-06-12 19:56:51
32502,952233,2025-04-12 15:44:11,normal,Billing,4,39.0,2025-04-14 06:44:11
211863,216864,2025-12-20 09:18:07,low,Integrations,3,66.4,2025-12-23 03:42:07
511953,591371,2025-08-30 18:28:27,high,Performance,5,23.0,2025-08-31 17:28:27
8971,443384,2025-01-12 12:16:28,high,Feature Request,1,8.6,2025-01-12 20:52:28
674753,778013,2025-06-04 12:25:31,normal,Billing,5,60.4,2025-06-07 00:49:31
333749,236900,2025-08-29 09:01:49,low,Integrations,2,76.1,2025-09-01 13:07:49
960914,393542,2025-11-03 10:00:29,normal,Feature Request,4,38.2,2025-11-05 00:12:29
267280,847537,2025-08-23 08:48:44,normal,Billing,3,25.1,2025-08-24 09:54:44
460761,870010,2025-08-14 14:07:50,high,Performance,4,11.9,2025-08-15 02:01:50
895694,256231,2025-08-16 04:24:58,urgent,Bug Report,5,2.7,2025-08-16 07:06:58
31556,423101,2025-02-05 18:18:04,normal,Integrations,,,
12667,481953,2025-04-28 10:59:52,normal,Performance,5,43.5,2025-04-30 06:29:52
568031,989410,2025-05-22 09:26:28,normal,Billing,4,57.9,2025-05-24 19:20:28
502891,518790,2025-08-01 13:58:46,normal,Onboarding,5,46.2,2025-08-03 12:10:46
603362,181128,2025-06-18 10:40:55,low,Feature Request,1,143.3,2025-06-24 09:58:55
761992,870519,2025-10-07 12:16:02,low,Feature Request,3,146.2,2025-10-13 14:28:02
573599,806120,2025-08-10 15:57:53,urgent,Onboarding,5,2.9,2025-08-10 18:51:53
828355,940445,2025-09-04 06:11:42,low,Integrations,5,45.7,2025-09-06 03:53:42
192809,540658,2025-12-25 08:42:27,normal,Billing,2,35.8,2025-12-26 20:30:27
749341,772957,2025-10-24 22:59:42,high,Performance,4,5.1,2025-10-25 04:05:42
299292,564779,2025-07-11 10:35:33,normal,Bug Report,3,49.0,2025-07-13 11:35:33
793390,271313,2025-08-28 08:58:29,normal,Integrations,5,68.1,2025-08-31 05:04:29
410494,228677,2025-02-26 08:45:16,low,Billing,4,24.3,2025-02-27 09:03:16
225997,211956,2025-11-21 14:49:13,low,Performance,,,
53636,600774,2025-08-26 16:38:35,high,Billing,3,9.4,2025-08-27 02:02:35
311888,474008,2025-05-10 18:41:57,low,Integrations,5,108.8,2025-05-15 07:29:57
694980,207018,2025-03-15 15:01:44,normal,Bug Report,4,7.5,2025-03-15 22:31:44
221746,806120,2025-10-18 00:37:29,low,Onboarding,,,
190598,462638,2025-11-26 10:54:39,normal,Bug Report,1,53.5,2025-11-28 16:24:39
196961,550131,2025-10-23 19:30:31,normal,Onboarding,,,
645415,206487,2025-06-08 08:23:03,normal,Performance,5,49.1,2025-06-10 09:29:03
571729,359105,2025-10-09 09:36:36,urgent,Performance,4,2.5,2025-10-09 12:06:36
721796,353738,2025-06-02 10:40:54,high,Integrations,5,13.1,2025-06-02 23:46:54
224475,588070,2025-07-17 05:27:10,high,Integrations,2,9.7,2025-07-17 15:09:10
333536,686916,2025-05-28 16:24:18,high,Integrations,4,12.3,2025-05-29 04:42:18
754894,908690,2025-02-03 22:51:59,normal,Onboarding,3,14.9,2025-02-04 13:45:59
416568,604851,2025-08-20 16:46:41,low,Feature Request,3,126.9,2025-08-25 23:40:41
668953,705867,2025-08-19 09:16:08,normal,Onboarding,,,
125381,604851,2025-10-31 00:16:22,high,Integrations,4,13.2,2025-10-31 13:28:22
983779,897529,2025-05-06 08:59:43,normal,Integrations,4,15.8,2025-05-07 00:47:43
99361,744444,2025-06-16 18:20:43,normal,Billing,4,23.2,2025-06-17 17:32:43
415559,669720,2025-03-09 13:01:39,low,Bug Report,5,95.9,2025-03-13 12:55:39
118068,792694,2025-04-23 12:43:21,high,Bug Report,5,5.8,2025-04-23 18:31:21
872939,451238,2025-07-15 12:38:16,low,Performance,4,82.3,2025-07-18 22:56:16
429471,147538,2025-12-04 09:14:22,normal,Bug Report,4,11.9,2025-12-04 21:08:22
57775,848871,2025-03-10 07:08:32,normal,Bug Report,5,16.8,2025-03-10 23:56:32
513348,618152,2025-09-14 20:57:46,normal,Onboarding,5,53.9,2025-09-17 02:51:46
348541,775696,2025-11-08 07:22:09,normal,Feature Request,1,28.3,2025-11-09 11:40:09
721973,462096,2025-04-08 17:46:58,normal,Billing,4,67.2,2025-04-11 12:58:58
298619,129289,2025-01-14 15:55:11,urgent,Integrations,5,2.5,2025-01-14 18:25:11
222046,877086,2025-07-20 23:25:54,low,Performance,5,119.6,2025-07-25 23:01:54
951441,723768,2025-10-11 16:37:46,low,Bug Report,2,67.9,2025-10-14 12:31:46
195871,663216,2025-07-19 17:46:19,normal,Bug Report,5,55.0,2025-07-22 00:46:19
914522,201370,2025-02-07 10:44:54,high,Bug Report,3,9.9,2025-02-07 20:38:54
760229,213004,2025-09-21 20:58:35,normal,Bug Report,5,26.0,2025-09-22 22:58:35
95455,254108,2025-11-11 08:26:19,low,Onboarding,,,
302245,692735,2025-11-29 18:41:37,normal,Billing,5,59.6,2025-12-02 06:17:37
713056,751178,2025-05-26 15:35:22,high,Billing,4,16.2,2025-05-27 07:47:22
15434,672009,2025-05-18 08:47:39,high,Feature Request,1,2.8,2025-05-18 11:35:39
25587,366471,2025-03-30 21:18:21,normal,Integrations,,,
776243,680171,2025-07-17 10:55:17,normal,Performance,4,54.7,2025-07-19 17:37:17
425319,507445,2025-09-05 08:33:45,normal,Bug Report,5,15.5,2025-09-06 00:03:45
8580,960588,2025-03-17 17:43:18,low,Performance,5,39.6,2025-03-19 09:19:18
201324,540635,2025-10-10 12:33:14,normal,Integrations,5,51.3,2025-10-12 15:51:14
258850,218565,2025-10-26 17:00:32,normal,Integrations,4,5.6,2025-10-26 22:36:32
829808,155975,2025-08-14 12:07:24,high,Onboarding,5,14.4,2025-08-15 02:31:24
784813,518790,2025-11-21 11:58:29,high,Feature Request,5,23.8,2025-11-22 11:46:29
569482,821114,2025-09-03 12:21:41,high,Bug Report,5,12.7,2025-09-04 01:03:41
456879,241116,2025-05-09 17:50:48,low,Integrations,5,151.0,2025-05-16 00:50:48
834955,260885,2025-07-08 14:17:37,urgent,Billing,5,3.2,2025-07-08 17:29:37
734302,248669,2025-11-25 14:31:55,normal,Integrations,2,33.2,2025-11-26 23:43:55
837597,640065,2025-01-05 08:45:19,normal,Billing,4,42.6,2025-01-07 03:21:19
608548,339830,2025-07-02 08:37:23,normal,Billing,,,
248885,980971,2025-05-08 11:36:31,normal,Billing,4,66.9,2025-05-11 06:30:31
683436,404963,2025-09-24 10:09:31,low,Billing,5,114.4,2025-09-29 04:33:31
533870,790364,2025-07-19 10:09:52,low,Bug Report,4,143.0,2025-07-25 09:09:52
346745,723271,2025-09-01 20:34:45,normal,Bug Report,5,33.8,2025-09-03 06:22:45
850456,150144,2025-07-11 08:08:06,low,Integrations,4,25.4,2025-07-12 09:32:06
828647,288798,2025-08-02 18:03:40,high,Bug Report,4,19.7,2025-08-03 13:45:40
133805,713907,2025-04-04 11:16:14,normal,Performance,5,60.9,2025-04-07 00:10:14
260615,227569,2025-02-21 12:09:06,normal,Bug Report,4,53.9,2025-02-23 18:03:06
433296,751207,2025-05-20 07:17:59,low,Integrations,5,110.0,2025-05-24 21:17:59
910328,427620,2025-06-21 12:22:14,normal,Feature Request,5,19.4,2025-06-22 07:46:14
768637,876153,2025-10-14 12:07:20,normal,Performance,2,26.2,2025-10-15 14:19:20
975372,119663,2025-09-09 10:07:54,high,Integrations,4,9.0,2025-09-09 19:07:54
254298,165039,2025-06-05 04:31:44,normal,Bug Report,5,12.8,2025-06-05 17:19:44
360641,474120,2025-04-21 15:53:28,low,Bug Report,2,155.5,2025-04-28 03:23:28
749488,280156,2025-12-06 22:25:33,high,Onboarding,5,22.6,2025-12-07 21:01:33
513339,165982,2025-09-18 02:11:52,normal,Feature Request,4,60.8,2025-09-20 14:59:52
475122,441792,2025-06-08 15:38:08,low,Feature Request,4,142.0,2025-06-14 13:38:08
14045,515718,2025-03-06 12:32:50,low,Feature Request,3,101.2,2025-03-10 17:44:50
359056,811779,2025-06-27 16:55:12,low,Billing,5,60.0,2025-06-30 04:55:12
945930,822380,2025-02-27 09:01:00,low,Integrations,4,67.5,2025-03-02 04:31:00
714261,625558,2025-09-30 23:31:33,low,Billing,4,66.9,2025-10-03 18:25:33
791975,185683,2025-05-22 17:26:04,urgent,Performance,3,2.9,2025-05-22 20:20:04
639277,280156,2025-03-13 15:34:37,normal,Billing,4,44.2,2025-03-15 11:46:37
805941,219926,2025-08-08 13:09:06,normal,Onboarding,5,35.0,2025-08-10 00:09:06
86420,850797,2025-10-31 10:06:26,low,Integrations,1,105.6,2025-11-04 19:42:26
501960,590704,2025-09-30 08:19:35,high,Integrations,4,16.1,2025-10-01 00:25:35
887983,260885,2025-05-30 14:33:07,low,Billing,4,120.6,2025-06-04 15:09:07
480717,917801,2025-06-21 12:26:35,normal,Billing,4,24.0,2025-06-22 12:26:35
485983,380358,2025-04-08 15:00:13,high,Bug Report,3,2.7,2025-04-08 17:42:13
711162,727732,2025-09-16 14:24:29,high,Performance,4,9.6,2025-09-17 00:00:29
994382,441844,2025-02-03 06:27:06,normal,Feature Request,4,27.3,2025-02-04 09:45:06
353823,725268,2025-05-20 13:08:12,low,Integrations,,,
712939,553898,2025-11-08 07:12:59,low,Integrations,5,109.6,2025-11-12 20:48:59
632827,380513,2025-09-22 15:46:16,high,Integrations,5,6.4,2025-09-22 22:10:16
205132,919065,2025-06-28 19:29:07,low,Billing,1,33.0,2025-06-30 04:29:07
833983,725268,2025-04-25 16:50:23,high,Onboarding,4,6.0,2025-04-25 22:50:23
636152,116787,2025-08-16 18:03:37,low,Onboarding,4,44.5,2025-08-18 14:33:37
470477,970778,2025-05-11 15:16:54,low,Billing,4,81.5,2025-05-15 00:46:54
580259,550912,2025-01-14 16:19:36,low,Bug Report,4,40.9,2025-01-16 09:13:36
615069,269785,2025-01-03 19:08:59,low,Feature Request,4,66.1,2025-01-06 13:14:59
761287,961788,2025-05-25 08:42:57,low,Onboarding,2,50.8,2025-05-27 11:30:57
859942,684083,2025-06-25 16:34:26,low,Feature Request,3,73.1,2025-06-28 17:40:26
963997,371884,2025-11-29 10:07:37,high,Feature Request,1,22.3,2025-11-30 08:25:37
178670,288150,2025-12-14 07:05:36,high,Feature Request,4,5.0,2025-12-14 12:05:36
581056,973361,2025-06-08 14:31:53,low,Integrations,4,30.4,2025-06-09 20:55:53
259223,579749,2025-08-27 09:14:28,normal,Bug Report,3,14.0,2025-08-27 23:14:28
198680,288150,2025-05-07 15:42:41,normal,Performance,3,44.2,2025-05-09 11:54:41
561233,778013,2025-09-04 19:35:32,normal,Integrations,4,63.1,2025-09-07 10:41:32
194598,177341,2025-11-02 12:44:04,high,Onboarding,1,5.6,2025-11-02 18:20:04
830667,565930,2025-07-30 03:22:56,high,Feature Request,5,9.1,2025-07-30 12:28:56
415852,592127,2025-03-25 22:20:42,high,Bug Report,4,12.6,2025-03-26 10:56:42
898207,550912,2025-12-24 14:38:24,normal,Billing,5,56.7,2025-12-26 23:20:24
42325,842629,2025-02-20 09:39:57,normal,Feature Request,5,28.0,2025-02-21 13:39:57
423524,339409,2025-09-20 19:25:04,low,Integrations,5,81.5,2025-09-24 04:55:04
303940,805099,2025-05-24 08:26:07,normal,Integrations,4,32.6,2025-05-25 17:02:07
967831,512181,2025-12-19 12:16:57,low,Bug Report,2,70.4,2025-12-22 10:40:57
535364,870241,2025-11-20 14:34:53,normal,Billing,4,12.5,2025-11-21 03:04:53
118589,393542,2025-01-22 11:21:23,high,Integrations,4,13.0,2025-01-23 00:21:23
873757,831195,2025-04-08 13:37:53,normal,Onboarding,4,22.3,2025-04-09 11:55:53
248741,818654,2025-07-07 08:31:52,normal,Bug Report,5,36.1,2025-07-08 20:37:52
673728,341901,2025-05-01 06:40:21,high,Billing,4,11.5,2025-05-01 18:10:21
713219,919065,2025-09-19 07:59:16,high,Onboarding,4,15.1,2025-09-19 23:05:16
25051,242844,2025-12-26 08:08:29,normal,Bug Report,4,31.2,2025-12-27 15:20:29
155987,822504,2025-11-04 15:47:29,high,Integrations,2,12.1,2025-11-05 03:53:29
801139,865573,2025-08-29 11:00:55,normal,Bug Report,,,
913985,995934,2025-06-04 14:28:55,urgent,Integrations,5,3.6,2025-06-04 18:04:55
707870,105266,2025-04-12 09:45:15,normal,Bug Report,5,34.8,2025-04-13 20:33:15
736355,508782,2025-05-07 22:56:19,high,Integrations,5,11.3,2025-05-08 10:14:19
474928,705867,2025-01-09 09:06:25,normal,Onboarding,5,25.0,2025-01-10 10:06:25
837641,364714,2025-08-12 07:27:01,low,Onboarding,5,38.4,2025-08-13 21:51:01
499366,179746,2025-02-10 12:40:04,urgent,Performance,,,
263429,799901,2025-06-30 20:25:50,normal,Bug Report,4,14.6,2025-07-01 11:01:50
593356,409157,2025-09-25 15:28:46,low,Billing,,,
414200,739213,2025-06-22 12:59:18,normal,Billing,3,52.4,2025-06-24 17:23:18
611051,768839,2025-07-14 21:34:16,low,Performance,5,56.0,2025-07-17 05:34:16
254631,649261,2025-06-12 16:17:23,normal,Bug Report,4,21.1,2025-06-13 13:23:23
746939,288150,2025-02-12 19:18:10,normal,Bug Report,5,46.0,2025-02-14 17:18:10
647324,839821,2025-08-25 10:52:01,normal,Feature Request,4,43.4,2025-08-27 06:16:01
217444,749288,2025-04-09 13:03:01,normal,Feature Request,5,36.8,2025-04-11 01:51:01
737385,210552,2025-09-12 11:19:44,low,Billing,5,78.6,2025-09-15 17:55:44
160149,249013,2025-09-29 17:41:28,low,Feature Request,5,89.2,2025-10-03 10:53:28
165853,910761,2025-08-31 13:09:11,high,Integrations,5,17.3,2025-09-01 06:27:11
343,139051,2025-06-13 12:19:19,normal,Onboarding,,,
69860,769811,2025-10-12 12:16:05,low,Performance,3,94.9,2025-10-16 11:10:05
302066,782122,2025-04-27 09:27:48,high,Feature Request,5,22.4,2025-04-28 07:51:48
941791,197488,2025-05-17 14:52:09,normal,Billing,4,47.8,2025-05-19 14:40:09
106651,225784,2025-06-03 05:13:14,normal,Integrations,5,23.4,2025-06-04 04:37:14
207356,207113,2025-10-25 17:20:17,normal,Performance,,,
155184,320794,2025-09-17 06:37:59,normal,Integrations,5,45.3,2025-09-19 03:55:59
446891,505397,2025-08-25 14:19:19,high,Bug Report,1,19.7,2025-08-26 10:01:19
276502,995934,2025-06-24 11:42:35,low,Feature Request,1,33.5,2025-06-25 21:12:35
186266,164080,2025-03-06 15:49:46,low,Onboarding,5,62.7,2025-03-09 06:31:46
747668,198116,2025-08-05 13:43:03,low,Integrations,5,81.7,2025-08-08 23:25:03
718065,103319,2025-10-27 06:41:45,high,Integrations,4,14.6,2025-10-27 21:17:45
837553,944315,2025-06-26 13:49:38,urgent,Performance,3,4.5,2025-06-26 18:19:38
114996,228499,2025-04-11 18:40:08,normal,Onboarding,4,9.4,2025-04-12 04:04:08
423077,824578,2025-07-30 09:10:27,normal,Integrations,5,28.6,2025-07-31 13:46:27
677698,252079,2025-09-08 09:15:21,low,Performance,4,49.7,2025-09-10 10:57:21
111491,166599,2025-08-31 11:23:02,urgent,Feature Request,5,5.1,2025-08-31 16:29:02
263842,194356,2025-12-09 10:01:46,normal,Performance,1,13.0,2025-12-09 23:01:46
943091,509193,2025-09-21 15:13:28,normal,Onboarding,4,24.3,2025-09-22 15:31:28
551973,776288,2025-04-29 13:59:13,normal,Billing,5,41.1,2025-05-01 07:05:13
214942,353738,2025-07-11 15:37:37,low,Billing,5,142.4,2025-07-17 14:01:37
884222,736270,2025-10-27 11:49:22,normal,Billing,3,52.0,2025-10-29 15:49:22
478219,722460,2025-09-06 13:15:07,low,Billing,4,25.0,2025-09-07 14:15:07
486680,487099,2025-07-03 12:08:42,normal,Integrations,,,
631928,977420,2025-08-28 20:55:01,low,Integrations,5,91.5,2025-09-01 16:25:01
13164,665391,2025-05-24 11:05:54,low,Bug Report,1,60.2,2025-05-26 23:17:54
599532,280606,2025-05-23 11:57:35,high,Bug Report,4,17.8,2025-05-24 05:45:35
72131,563161,2025-10-05 23:38:48,high,Bug Report,4,8.5,2025-10-06 08:08:48
516171,999282,2025-07-04 21:02:38,normal,Feature Request,5,34.0,2025-07-06 07:02:38
738491,950543,2025-06-11 08:45:10,low,Integrations,4,50.5,2025-06-13 11:15:10
975203,713583,2025-03-04 18:33:00,high,Onboarding,5,9.1,2025-03-05 03:39:00
75933,431648,2025-07-06 16:55:49,normal,Bug Report,4,49.4,2025-07-08 18:19:49
992455,318405,2025-05-01 11:47:07,low,Billing,4,77.6,2025-05-04 17:23:07
345619,713866,2025-02-22 17:29:00,normal,Performance,5,55.7,2025-02-25 01:11:00
722493,704101,2025-10-26 09:53:37,normal,Integrations,5,42.5,2025-10-28 04:23:37
965904,551362,2025-02-14 13:41:07,urgent,Bug Report,5,6.3,2025-02-14 19:59:07
768242,820834,2025-09-24 05:51:33,normal,Billing,4,11.2,2025-09-24 17:03:33
550529,908690,2025-12-16 20:07:08,normal,Performance,5,36.6,2025-12-18 08:43:08
327108,380358,2025-03-06 13:56:10,low,Billing,2,70.0,2025-03-09 11:56:10
869208,462096,2025-08-01 12:58:27,low,Billing,5,73.3,2025-08-04 14:16:27
74135,412644,2025-10-16 16:49:41,normal,Bug Report,5,58.5,2025-10-19 03:19:41
30248,380284,2025-05-01 08:42:19,high,Billing,5,4.5,2025-05-01 13:12:19
434383,527428,2025-08-22 11:38:15,high,Billing,5,8.4,2025-08-22 20:02:15
445259,232159,2025-06-04 18:29:50,normal,Bug Report,3,13.2,2025-06-05 07:41:50
299211,631096,2025-02-23 20:05:56,normal,Onboarding,4,30.0,2025-02-25 02:05:56
463154,145314,2025-06-07 11:39:48,normal,Bug Report,4,49.6,2025-06-09 13:15:48
342028,298048,2025-12-25 08:35:00,normal,Performance,5,56.1,2025-12-27 16:41:00
473759,298652,2025-11-30 13:20:20,low,Integrations,5,62.0,2025-12-03 03:20:20
164139,216490,2025-12-23 06:16:32,normal,Onboarding,3,68.4,2025-12-26 02:40:32
306651,672009,2025-10-06 12:08:53,normal,Bug Report,4,35.5,2025-10-07 23:38:53
289311,248542,2025-05-06 18:09:01,normal,Onboarding,5,23.2,2025-05-07 17:21:01
805912,629748,2025-01-28 12:47:27,high,Integrations,5,15.8,2025-01-29 04:35:27
525427,468400,2025-11-18 14:23:47,high,Integrations,3,8.3,2025-11-18 22:41:47
970902,952114,2025-03-02 12:41:28,high,Performance,5,12.7,2025-03-03 01:23:28
255902,586292,2025-09-10 06:48:01,low,Onboarding,,,
149748,103319,2025-06-02 11:39:56,low,Onboarding,5,100.9,2025-06-06 16:33:56
556184,519323,2025-07-14 10:00:41,high,Billing,5,14.2,2025-07-15 00:12:41
437029,200830,2025-04-30 19:47:08,urgent,Integrations,4,2.2,2025-04-30 21:59:08
896605,820834,2025-09-23 18:22:17,normal,Feature Request,5,52.9,2025-09-25 23:16:17
830692,959623,2025-07-26 12:21:48,normal,Feature Request,4,19.2,2025-07-27 07:33:48
298488,735377,2025-03-05 09:18:00,urgent,Onboarding,5,4.7,2025-03-05 14:00:00
541407,812313,2025-10-29 09:13:48,low,Onboarding,2,82.9,2025-11-01 20:07:48
800593,135223,2025-04-19 03:26:34,high,Bug Report,5,17.1,2025-04-19 20:32:34
210748,399159,2025-06-17 21:17:19,high,Onboarding,5,10.3,2025-06-18 07:35:19
819332,331341,2025-09-11 22:19:31,normal,Bug Report,1,27.4,2025-09-13 01:43:31
83702,697547,2025-06-23 09:46:02,low,Bug Report,3,106.1,2025-06-27 19:52:02
347101,564516,2025-07-08 08:05:40,high,Performance,2,17.8,2025-07-09 01:53:40
605347,435261,2025-03-03 01:42:11,low,Billing,,,
528694,271313,2025-02-22 16:54:46,high,Bug Report,3,11.8,2025-02-23 04:42:46
33914,208561,2025-07-06 08:01:59,low,Onboarding,,,
459633,704625,2025-07-17 06:14:01,normal,Onboarding,3,31.9,2025-07-18 14:08:01
587402,349634,2025-05-26 16:13:14,normal,Feature Request,4,54.2,2025-05-28 22:25:14
695947,169258,2025-09-18 10:41:18,low,Billing,1,86.8,2025-09-22 01:29:18
916857,684498,2025-02-01 05:43:49,low,Onboarding,3,56.8,2025-02-03 14:31:49
527782,397763,2025-08-26 12:11:42,normal,Feature Request,4,27.8,2025-08-27 15:59:42
136228,508782,2025-11-06 12:55:29,normal,Performance,2,32.3,2025-11-07 21:13:29
156397,713585,2025-05-22 21:56:57,low,Integrations,5,82.4,2025-05-26 08:20:57
150553,908690,2025-07-09 10:25:50,normal,Billing,5,33.4,2025-07-10 19:49:50
230309,124942,2025-12-24 07:35:36,normal,Integrations,,,
880031,565218,2025-11-18 13:26:54,normal,Performance,5,40.7,2025-11-20 06:08:54
129134,275252,2025-06-02 19:14:52,low,Billing,5,106.2,2025-06-07 05:26:52
1146,667992,2025-09-02 14:19:21,low,Performance,5,91.3,2025-09-06 09:37:21
273640,835797,2025-08-18 17:58:15,high,Billing,2,11.8,2025-08-19 05:46:15
776744,836507,2025-06-17 07:16:51,urgent,Bug Report,4,4.3,2025-06-17 11:34:51
457899,832207,2025-04-14 07:38:11,high,Bug Report,4,15.2,2025-04-14 22:50:11
343529,418604,2025-08-08 18:54:05,normal,Billing,4,34.1,2025-08-10 05:00:05
406271,142260,2025-03-29 12:58:42,urgent,Billing,3,5.1,2025-03-29 18:04:42
823433,679810,2025-03-07 07:15:17,low,Feature Request,4,116.7,2025-03-12 03:57:17
735191,952114,2025-07-18 12:05:58,high,Bug Report,4,15.1,2025-07-19 03:11:58
833296,952233,2025-11-05 13:26:45,high,Billing,2,8.0,2025-11-05 21:26:45
603713,640065,2025-05-26 14:08:16,normal,Performance,4,49.9,2025-05-28 16:02:16
733038,761986,2025-03-06 14:26:22,normal,Performance,3,53.2,2025-03-08 19:38:22
538303,554336,2025-02-12 09:53:27,normal,Billing,5,58.6,2025-02-14 20:29:27
746427,989345,2025-05-26 15:21:17,normal,Integrations,5,21.4,2025-05-27 12:45:17
294246,663857,2025-11-12 19:20:57,low,Bug Report,4,160.5,2025-11-19 11:50:57
826127,301920,2025-05-05 12:53:14,low,Feature Request,5,68.8,2025-05-08 09:41:14
478080,679810,2025-08-12 18:00:06,normal,Integrations,4,33.0,2025-08-14 03:00:06
454468,993977,2025-08-16 16:54:24,low,Feature Request,5,97.3,2025-08-20 18:12:24
567553,139506,2025-05-07 10:32:20,normal,Billing,3,11.7,2025-05-07 22:14:20
413040,886365,2025-07-18 14:38:25,normal,Bug Report,4,58.0,2025-07-21 00:38:25
896047,321951,2025-02-12 14:24:52,normal,Bug Report,5,40.5,2025-02-14 06:54:52
869862,717660,2025-08-19 09:42:00,normal,Feature Request,,,
597489,830784,2025-08-06 09:47:55,high,Billing,4,4.3,2025-08-06 14:05:55
617292,623050,2025-07-07 11:20:19,low,Billing,5,141.1,2025-07-13 08:26:19
211063,157478,2025-08-06 19:01:08,low,Feature Request,,,
758416,364714,2025-09-30 13:29:48,normal,Bug Report,5,12.4,2025-10-01 01:53:48
686115,372607,2025-12-27 17:17:02,low,Integrations,5,37.4,2025-12-29 06:41:02
721416,219926,2025-08-27 10:11:25,low,Integrations,5,56.6,2025-08-29 18:47:25
83300,190126,2025-01-09 12:43:14,normal,Feature Request,5,27.7,2025-01-10 16:25:14
799008,610566,2025-12-11 10:04:46,normal,Integrations,3,12.7,2025-12-11 22:46:46
373514,679810,2025-12-06 18:11:51,normal,Integrations,5,48.4,2025-12-08 18:35:51
852614,393626,2025-11-04 09:29:13,high,Billing,5,16.1,2025-11-05 01:35:13
505082,593883,2025-09-08 07:11:02,urgent,Onboarding,4,6.2,2025-09-08 13:23:02
964685,404963,2025-02-27 11:52:04,normal,Integrations,5,17.8,2025-02-28 05:40:04
810520,400614,2025-09-21 09:10:02,normal,Feature Request,3,56.5,2025-09-23 17:40:02
257673,843432,2025-05-22 13:35:03,low,Feature Request,,,
215041,695044,2025-11-23 08:09:25,high,Onboarding,4,12.7,2025-11-23 20:51:25
637053,724051,2025-06-25 16:48:28,normal,Feature Request,4,26.6,2025-06-26 19:24:28
907375,262660,2025-06-16 17:44:22,normal,Bug Report,5,28.6,2025-06-17 22:20:22
217906,401402,2025-08-31 07:31:12,high,Integrations,4,9.5,2025-08-31 17:01:12
787321,887991,2025-10-24 11:43:44,normal,Bug Report,2,20.0,2025-10-25 07:43:44
428149,392724,2025-10-20 14:36:08,low,Bug Report,,,
886609,687117,2025-10-14 01:50:39,normal,Integrations,4,35.8,2025-10-15 13:38:39
892386,260951,2025-09-07 09:03:45,high,Integrations,5,6.6,2025-09-07 15:39:45
291722,373043,2025-02-17 19:48:19,low,Performance,4,38.9,2025-02-19 10:42:19
651922,775527,2025-12-14 14:44:20,urgent,Onboarding,4,3.6,2025-12-14 18:20:20
570732,620446,2025-12-05 09:16:49,high,Feature Request,5,21.7,2025-12-06 06:58:49
220880,262565,2025-01-26 12:54:58,normal,Billing,1,49.6,2025-01-28 14:30:58
316239,470193,2025-09-28 09:51:52,low,Bug Report,3,115.0,2025-10-03 04:51:52
348187,662010,2025-08-20 11:08:39,normal,Onboarding,,,
323554,989157,2025-05-23 20:11:18,low,Performance,5,68.5,2025-05-26 16:41:18
898474,859443,2025-07-10 09:20:37,low,Bug Report,5,133.2,2025-07-15 22:32:37
704082,488457,2025-07-17 08:09:10,urgent,Feature Request,4,3.8,2025-07-17 11:57:10
116831,491257,2025-05-14 15:15:17,low,Billing,1,108.3,2025-05-19 03:33:17
470483,259373,2025-01-21 07:11:19,normal,Onboarding,4,18.5,2025-01-22 01:41:19
462845,433844,2025-04-12 16:24:15,low,Bug Report,5,99.0,2025-04-16 19:24:15
326594,198116,2025-10-23 15:37:09,normal,Performance,4,15.9,2025-10-24 07:31:09
88751,930679,2025-12-08 12:11:27,low,Performance,5,24.5,2025-12-09 12:41:27
960629,165228,2025-06-26 12:26:29,low,Bug Report,5,101.5,2025-06-30 17:56:29
895415,451634,2025-10-03 14:53:32,normal,Performance,4,44.1,2025-10-05 10:59:32
778780,487420,2025-03-29 16:13:21,urgent,Bug Report,4,4.6,2025-03-29 20:49:21
310304,227569,2025-12-15 14:08:01,low,Billing,3,107.6,2025-12-20 01:44:01
952796,278870,2025-05-22 09:01:36,normal,Performance,4,40.0,2025-05-24 01:01:36
390917,591371,2025-08-30 16:41:39,normal,Integrations,4,49.3,2025-09-01 17:59:39
282735,374056,2025-10-02 04:33:10,normal,Onboarding,,,
727451,861107,2025-07-10 09:58:01,normal,Onboarding,4,13.7,2025-07-10 23:40:01
969181,201820,2025-12-01 16:57:24,normal,Billing,5,57.3,2025-12-04 02:15:24
300804,467235,2025-07-03 10:48:53,normal,Bug Report,,,
961188,604137,2025-04-14 06:04:03,low,Integrations,5,66.3,2025-04-17 00:22:03
140305,363319,2025-04-23 07:52:25,normal,Integrations,3,33.3,2025-04-24 17:10:25
403337,779156,2025-03-23 15:52:01,urgent,Integrations,1,5.9,2025-03-23 21:46:01
21188,301353,2025-02-11 13:52:11,low,Bug Report,4,86.5,2025-02-15 04:22:11
641671,911125,2025-12-16 08:03:50,normal,Integrations,5,10.0,2025-12-16 18:03:50
235953,721049,2025-10-26 15:26:44,urgent,Integrations,4,5.4,2025-10-26 20:50:44
501992,437273,2025-10-24 10:15:16,low,Bug Report,5,39.2,2025-10-26 01:27:16
645294,365756,2025-08-23 07:10:02,normal,Onboarding,5,55.1,2025-08-25 14:16:02
826006,316254,2025-03-03 14:17:17,low,Integrations,5,146.6,2025-03-09 16:53:17
826671,818654,2025-01-05 22:07:23,high,Feature Request,5,17.0,2025-01-06 15:07:23
999996,250471,2025-03-13 08:20:20,low,Billing,4,63.1,2025-03-15 23:26:20
448926,729870,2025-08-30 07:30:05,low,Performance,4,20.0,2025-08-31 03:30:05
432708,716836,2025-07-30 22:56:36,normal,Billing,5,8.3,2025-07-31 07:14:36
467678,468130,2025-04-28 13:26:01,normal,Onboarding,5,61.5,2025-05-01 02:56:01
767227,147538,2025-03-11 12:56:42,normal,Billing,5,61.5,2025-03-14 02:26:42
8033,688496,2025-03-22 14:14:54,normal,Billing,5,39.0,2025-03-24 05:14:54
203043,399159,2025-06-18 03:19:23,normal,Integrations,,,
105383,103319,2025-08-04 09:41:13,normal,Integrations,3,30.3,2025-08-05 15:59:13
477578,430826,2025-09-09 01:03:43,normal,Integrations,5,21.3,2025-09-09 22:21:43
889245,133440,2025-11-08 11:45:45,normal,Onboarding,1,42.9,2025-11-10 06:39:45
630994,445354,2025-06-12 17:14:22,high,Bug Report,3,11.2,2025-06-13 04:26:22
96584,942582,2025-11-09 15:39:48,normal,Onboarding,1,41.5,2025-11-11 09:09:48
88071,179746,2025-01-08 11:28:16,low,Onboarding,5,44.5,2025-01-10 07:58:16
931957,269728,2025-09-18 10:47:24,low,Bug Report,3,73.4,2025-09-21 12:11:24
697780,198781,2025-09-21 13:00:10,normal,Performance,,,
286684,886365,2025-08-03 08:58:02,normal,Bug Report,5,27.0,2025-08-04 11:58:02
138461,490866,2025-12-12 12:18:04,low,Performance,5,120.0,2025-12-17 12:18:04
501968,645195,2025-12-14 22:36:50,low,Billing,3,64.4,2025-12-17 15:00:50
39000,686117,2025-07-05 09:47:59,low,Onboarding,3,72.0,2025-07-08 09:47:59
282628,143529,2025-11-07 12:11:29,normal,Integrations,3,55.4,2025-11-09 19:35:29
691076,544253,2025-10-06 13:09:30,normal,Integrations,5,21.2,2025-10-07 10:21:30
140283,197488,2025-04-25 14:23:15,normal,Feature Request,4,15.6,2025-04-26 05:59:15
491133,365660,2025-12-19 14:58:37,low,Performance,5,72.7,2025-12-22 15:40:37
266178,140321,2025-05-02 12:09:32,normal,Bug Report,5,56.8,2025-05-04 20:57:32
302752,299619,2025-07-11 23:20:16,normal,Performance,4,44.1,2025-07-13 19:26:16
17887,380513,2025-08-08 02:31:17,normal,Bug Report,5,26.5,2025-08-09 05:01:17
987558,540658,2025-09-27 08:37:00,normal,Integrations,5,47.5,2025-09-29 08:07:00
590883,571416,2025-04-02 12:01:26,normal,Feature Request,,,
586219,353738,2025-04-05 19:27:26,normal,Integrations,1,32.0,2025-04-07 03:27:26
836276,209357,2025-09-09 23:58:27,normal,Bug Report,4,51.3,2025-09-12 03:16:27
222898,295860,2025-07-11 11:03:57,normal,Integrations,5,31.3,2025-07-12 18:21:57
373248,394508,2025-04-01 16:43:43,normal,Performance,2,31.7,2025-04-03 00:25:43
313974,256019,2025-07-03 10:54:51,normal,Billing,5,31.4,2025-07-04 18:18:51
799817,221718,2025-11-12 07:01:04,normal,Onboarding,5,33.9,2025-11-13 16:55:04
733755,391164,2025-05-22 18:20:33,normal,Onboarding,1,24.9,2025-05-23 19:14:33
760498,431648,2025-10-15 14:31:29,high,Integrations,4,13.3,2025-10-16 03:49:29
236568,629593,2025-09-28 10:01:04,urgent,Integrations,1,6.2,2025-09-28 16:13:04
968555,805943,2025-08-15 15:57:54,normal,Onboarding,4,33.7,2025-08-17 01:39:54
705251,997844,2025-09-07 17:04:32,normal,Billing,4,48.5,2025-09-09 17:34:32
825675,223459,2025-12-26 12:33:36,normal,Feature Request,4,61.4,2025-12-29 01:57:36
334568,480190,2025-06-30 15:17:25,normal,Performance,4,33.6,2025-07-02 00:53:25
218079,175177,2025-02-08 15:17:30,high,Integrations,5,14.5,2025-02-09 05:47:30
972389,600864,2025-07-17 11:03:05,low,Bug Report,3,110.2,2025-07-22 01:15:05
534621,794431,2025-01-23 14:52:17,high,Billing,5,17.0,2025-01-24 07:52:17
152502,918643,2025-05-05 12:09:29,normal,Bug Report,4,37.3,2025-05-07 01:27:29
866372,141134,2025-09-01 13:35:54,high,Billing,5,5.8,2025-09-01 19:23:54
881487,742562,2025-07-29 14:33:55,normal,Integrations,4,8.1,2025-07-29 22:39:55
270771,668250,2025-07-06 14:53:10,urgent,Onboarding,5,3.6,2025-07-06 18:29:10
461183,603307,2025-08-06 08:18:23,urgent,Bug Report,4,4.0,2025-08-06 12:18:23
282846,613197,2025-02-14 08:31:08,low,Bug Report,4,121.2,2025-02-19 09:43:08
637625,961918,2025-05-17 08:45:14,high,Billing,5,4.1,2025-05-17 12:51:14
926953,452579,2025-09-01 11:48:31,high,Feature Request,4,11.6,2025-09-01 23:24:31
490819,395913,2025-08-31 14:10:35,normal,Integrations,4,51.4,2025-09-02 17:34:35
388840,973361,2025-12-23 07:42:19,normal,Onboarding,4,57.2,2025-12-25 16:54:19
55186,301631,2025-06-16 07:38:11,low,Feature Request,5,48.6,2025-06-18 08:14:11
891747,372607,2025-07-21 07:35:08,normal,Bug Report,5,52.9,2025-07-23 12:29:08
272163,769943,2025-07-15 07:04:34,normal,Bug Report,5,46.9,2025-07-17 05:58:34
275240,983167,2025-01-31 15:24:46,low,Integrations,5,63.0,2025-02-03 06:24:46
300081,125807,2025-10-14 16:23:04,low,Integrations,5,56.9,2025-10-17 01:17:04
201837,991572,2025-04-28 13:05:43,low,Bug Report,4,145.4,2025-05-04 14:29:43
502583,991572,2025-10-16 16:47:00,normal,Bug Report,5,45.6,2025-10-18 14:23:00
578097,567592,2025-09-04 15:51:29,normal,Feature Request,5,45.4,2025-09-06 13:15:29
576935,371884,2025-02-18 11:40:26,high,Billing,5,11.1,2025-02-18 22:46:26
700524,950873,2025-01-16 09:30:13,high,Integrations,4,15.0,2025-01-17 00:30:13
142304,962615,2025-10-11 09:31:14,normal,Onboarding,3,43.1,2025-10-13 04:37:14
96491,106212,2025-02-11 22:40:16,low,Billing,4,115.5,2025-02-16 18:10:16
35820,646333,2025-05-31 18:49:49,low,Integrations,3,89.9,2025-06-04 12:43:49
200920,832087,2025-05-17 20:56:31,normal,Onboarding,5,57.3,2025-05-20 06:14:31
726544,973361,2025-08-25 06:49:09,low,Bug Report,5,49.6,2025-08-27 08:25:09
988754,275252,2025-06-28 08:43:59,low,Bug Report,5,91.6,2025-07-02 04:19:59
660426,815721,2025-11-08 15:12:35,normal,Integrations,5,41.3,2025-11-10 08:30:35
603536,972041,2025-06-15 00:27:15,normal,Billing,5,33.7,2025-06-16 10:09:15
627419,262678,2025-11-08 17:39:12,low,Bug Report,5,59.7,2025-11-11 05:21:12
49855,386921,2025-11-10 13:19:11,low,Onboarding,5,45.6,2025-11-12 10:55:11
684353,591371,2025-10-02 11:35:14,normal,Billing,5,48.3,2025-10-04 11:53:14
966764,599218,2025-02-15 16:20:32,normal,Performance,5,28.6,2025-02-16 20:56:32
697582,916037,2025-09-08 14:02:38,normal,Billing,4,20.1,2025-09-09 10:08:38
31700,358468,2025-01-30 07:58:59,low,Billing,5,48.7,2025-02-01 08:40:59
644880,600507,2025-09-08 10:23:01,normal,Onboarding,5,64.6,2025-09-11 02:59:01
544130,148986,2025-02-16 09:39:30,low,Bug Report,4,105.9,2025-02-20 19:33:30
216056,634053,2025-05-25 13:05:57,normal,Bug Report,4,43.5,2025-05-27 08:35:57
209062,298652,2025-03-12 08:06:57,low,Bug Report,5,35.5,2025-03-13 19:36:57
246702,978965,2025-10-19 07:57:06,urgent,Bug Report,4,2.4,2025-10-19 10:21:06
110984,539755,2025-04-12 08:33:10,high,Onboarding,4,14.9,2025-04-12 23:27:10
923707,996819,2025-11-03 08:36:35,low,Integrations,4,85.2,2025-11-06 21:48:35
579383,227569,2025-03-01 13:22:54,high,Feature Request,1,8.2,2025-03-01 21:34:54
555691,424994,2025-12-03 15:12:13,low,Integrations,,,
30017,772806,2025-02-18 15:01:34,normal,Onboarding,4,68.6,2025-02-21 11:37:34
780988,232159,2025-11-11 15:41:52,normal,Onboarding,5,29.8,2025-11-12 21:29:52
662929,741646,2025-07-22 09:01:50,low,Bug Report,3,92.3,2025-07-26 05:19:50
934838,212090,2025-03-06 12:47:58,urgent,Billing,5,5.8,2025-03-06 18:35:58
27643,640065,2025-02-11 20:25:05,high,Bug Report,5,10.1,2025-02-12 06:31:05
756578,972041,2025-06-14 12:07:58,normal,Integrations,4,8.9,2025-06-14 21:01:58
226186,870519,2025-05-13 08:44:18,normal,Onboarding,3,21.8,2025-05-14 06:32:18
878989,925364,2025-06-17 22:07:44,normal,Feature Request,5,51.0,2025-06-20 01:07:44
347029,310258,2025-12-23 22:51:59,low,Onboarding,5,34.1,2025-12-25 08:57:59
522075,893484,2025-05-24 11:11:42,normal,Billing,4,46.9,2025-05-26 10:05:42
331202,560307,2025-12-10 13:58:03,normal,Performance,5,68.4,2025-12-13 10:22:03
978550,620640,2025-03-01 14:12:38,normal,Performance,3,44.8,2025-03-03 11:00:38
683693,820426,2025-05-07 09:14:58,high,Billing,5,12.4,2025-05-07 21:38:58
107990,728261,2025-07-23 01:40:40,low,Performance,5,39.5,2025-07-24 17:10:40
681484,695703,2025-10-28 08:11:20,low,Billing,1,117.4,2025-11-02 05:35:20
941917,216864,2025-12-03 13:56:19,low,Integrations,5,119.4,2025-12-08 13:20:19
243852,248358,2025-04-19 09:40:11,normal,Bug Report,4,61.4,2025-04-21 23:04:11
766418,430826,2025-09-08 10:57:09,low,Performance,,,
626361,636784,2025-03-08 05:01:41,normal,Integrations,4,42.2,2025-03-09 23:13:41
27838,104172,2025-07-30 23:24:16,normal,Billing,5,43.3,2025-08-01 18:42:16
849708,778013,2025-04-10 16:14:59,low,Billing,1,91.3,2025-04-14 11:32:59
414697,189189,2025-05-17 11:04:51,low,Feature Request,3,65.9,2025-05-20 04:58:51
328074,427620,2025-12-21 14:16:52,high,Integrations,5,4.2,2025-12-21 18:28:52
806947,165982,2025-09-17 05:34:17,high,Integrations,5,3.6,2025-09-17 09:10:17
651072,661655,2025-11-29 08:51:09,high,Performance,4,11.3,2025-11-29 20:09:09
144164,227254,2025-01-19 15:03:32,high,Billing,5,12.6,2025-01-20 03:39:32
285887,237570,2025-02-10 17:57:42,normal,Integrations,1,15.6,2025-02-11 09:33:42
483494,830784,2025-07-07 12:11:48,low,Onboarding,5,134.5,2025-07-13 02:41:48
796270,211963,2025-04-16 11:12:17,normal,Billing,3,38.9,2025-04-18 02:06:17
550697,253622,2025-02-25 00:10:09,normal,Onboarding,4,55.1,2025-02-27 07:16:09
617765,641547,2025-10-13 06:18:46,normal,Performance,4,25.6,2025-10-14 07:54:46
981484,451700,2025-07-18 06:22:11,low,Billing,4,39.2,2025-07-19 21:34:11
953306,349634,2025-06-13 15:56:24,normal,Feature Request,4,45.6,2025-06-15 13:32:24
607466,265516,2025-02-23 10:26:37,high,Billing,4,11.5,2025-02-23 21:56:37
971734,938205,2025-08-07 04:32:33,normal,Feature Request,5,16.1,2025-08-07 20:38:33
679825,108606,2025-12-03 16:32:22,normal,Feature Request,5,11.3,2025-12-04 03:50:22
70352,450199,2025-05-09 15:26:11,normal,Billing,5,42.1,2025-05-11 09:32:11
417303,681503,2025-03-23 17:03:22,normal,Bug Report,5,34.8,2025-03-25 03:51:22
801366,129145,2025-03-14 08:51:39,normal,Integrations,4,14.9,2025-03-14 23:45:39
948399,970778,2025-12-01 21:43:52,low,Bug Report,5,69.2,2025-12-04 18:55:52
419305,872833,2025-07-09 13:17:18,high,Onboarding,4,16.6,2025-07-10 05:53:18
976532,487099,2025-02-05 15:54:02,normal,Billing,5,53.5,2025-02-07 21:24:02
860702,207018,2025-07-15 12:12:53,high,Bug Report,5,13.5,2025-07-16 01:42:53
947384,688496,2025-06-29 15:34:38,normal,Onboarding,5,16.5,2025-06-30 08:04:38
23467,943757,2025-06-01 13:21:13,urgent,Billing,4,2.1,2025-06-01 15:27:13
37002,661816,2025-12-11 02:57:10,low,Performance,5,135.2,2025-12-16 18:09:10
538377,746335,2025-08-02 19:46:41,normal,Onboarding,4,33.2,2025-08-04 04:58:41
248862,407884,2025-07-15 10:46:24,normal,Performance,5,57.7,2025-07-17 20:28:24
554152,208743,2025-01-01 11:31:23,normal,Feature Request,4,59.7,2025-01-03 23:13:23
187983,549976,2025-08-10 08:50:10,low,Integrations,5,51.8,2025-08-12 12:38:10
145584,790366,2025-02-03 09:01:52,low,Onboarding,3,80.8,2025-02-06 17:49:52
605165,636784,2025-10-27 09:48:54,normal,Bug Report,5,57.4,2025-10-29 19:12:54
233260,806120,2025-01-14 11:04:31,normal,Integrations,4,48.4,2025-01-16 11:28:31
162784,486520,2025-07-27 12:19:32,low,Bug Report,,,
220918,634053,2025-11-11 16:23:53,normal,Feature Request,5,63.9,2025-11-14 08:17:53
82989,259984,2025-05-20 11:55:59,low,Onboarding,5,67.7,2025-05-23 07:37:59
296267,280034,2025-02-15 22:13:32,normal,Onboarding,1,37.5,2025-02-17 11:43:32
824441,394508,2025-04-10 07:50:08,normal,Integrations,5,15.6,2025-04-10 23:26:08
48630,441439,2025-08-18 12:37:04,low,Bug Report,3,113.9,2025-08-23 06:31:04
53750,514217,2025-07-27 17:55:00,normal,Billing,5,52.5,2025-07-29 22:25:00
212242,667992,2025-09-25 19:10:27,normal,Performance,3,15.9,2025-09-26 11:04:27
429184,210552,2025-09-16 07:15:24,normal,Performance,5,33.3,2025-09-17 16:33:24
188288,356856,2025-05-26 02:07:30,normal,Integrations,5,31.4,2025-05-27 09:31:30
596998,304962,2025-11-12 11:22:51,normal,Performance,4,34.3,2025-11-13 21:40:51
144852,910761,2025-06-03 12:51:20,high,Billing,4,18.1,2025-06-04 06:57:20
670877,916037,2025-09-09 09:27:51,low,Integrations,5,94.6,2025-09-13 08:03:51
943841,549442,2025-07-20 16:51:51,low,Billing,5,48.6,2025-07-22 17:27:51
522851,290492,2025-08-12 12:59:25,high,Feature Request,5,9.7,2025-08-12 22:41:25
164860,358368,2025-11-01 23:34:32,low,Performance,2,94.6,2025-11-05 22:10:32
143319,356711,2025-02-12 08:02:29,low,Performance,5,116.7,2025-02-17 04:44:29
361410,253221,2025-06-01 06:56:13,normal,Billing,5,41.6,2025-06-03 00:32:13
467839,232421,2025-06-16 05:25:08,low,Feature Request,5,154.7,2025-06-22 16:07:08
157809,245051,2025-11-27 14:51:51,normal,Performance,3,32.2,2025-11-28 23:03:51
560401,347163,2025-07-26 06:48:53,normal,Bug Report,,,
680653,192010,2025-08-23 14:39:18,normal,Feature Request,5,42.0,2025-08-25 08:39:18
225526,143122,2025-09-24 16:23:44,low,Integrations,5,85.6,2025-09-28 05:59:44
426504,418604,2025-01-16 17:34:00,normal,Bug Report,5,50.0,2025-01-18 19:34:00
360739,561696,2025-08-27 18:51:15,normal,Performance,5,47.4,2025-08-29 18:15:15
734579,219926,2025-06-10 12:04:59,high,Feature Request,5,15.0,2025-06-11 03:04:59
836645,850797,2025-11-05 10:38:38,normal,Integrations,4,15.2,2025-11-06 01:50:38
371053,329586,2025-01-28 14:14:45,high,Onboarding,5,9.8,2025-01-29 00:02:45
155921,380284,2025-07-26 16:41:56,high,Feature Request,4,18.2,2025-07-27 10:53:56
595009,345955,2025-11-01 12:33:49,low,Onboarding,4,139.6,2025-11-07 08:09:49
614007,564779,2025-07-23 16:56:12,normal,Integrations,5,29.9,2025-07-24 22:50:12
423487,304113,2025-12-02 14:22:41,low,Onboarding,5,39.0,2025-12-04 05:22:41
767026,951550,2025-01-30 06:26:59,low,Onboarding,5,120.7,2025-02-04 07:08:59
840047,588070,2025-08-01 04:41:21,normal,Integrations,1,43.2,2025-08-02 23:53:21
381213,859443,2025-11-04 06:30:57,low,Performance,5,133.5,2025-11-09 20:00:57
313678,871334,2025-06-22 14:59:30,high,Onboarding,3,3.1,2025-06-22 18:05:30
203372,556479,2025-08-07 16:13:14,normal,Performance,3,29.7,2025-08-08 21:55:14
97619,689786,2025-02-22 10:49:21,normal,Bug Report,4,4.8,2025-02-22 15:37:21
107959,580725,2025-10-10 15:44:26,high,Billing,5,18.9,2025-10-11 10:38:26
790663,627691,2025-02-13 19:29:04,low,Onboarding,5,88.2,2025-02-17 11:41:04
396567,262565,2025-03-03 07:41:53,normal,Integrations,3,21.8,2025-03-04 05:29:53
239266,841724,2025-09-14 13:26:03,high,Feature Request,4,21.3,2025-09-15 10:44:03
987450,627691,2025-03-23 10:33:45,urgent,Billing,,,
372625,184233,2025-06-29 17:04:20,high,Integrations,4,11.6,2025-06-30 04:40:20
460268,962615,2025-05-09 19:42:57,low,Integrations,4,61.4,2025-05-12 09:06:57
608015,982749,2025-12-25 07:39:20,low,Feature Request,1,25.5,2025-12-26 09:09:20
781158,333795,2025-10-10 19:48:43,urgent,Billing,3,5.0,2025-10-11 00:48:43
162799,979522,2025-03-20 11:06:30,high,Integrations,,,
364683,847537,2025-10-15 13:08:33,high,Onboarding,4,7.3,2025-10-15 20:26:33
169032,768839,2025-07-16 18:01:51,low,Bug Report,3,61.2,2025-07-19 07:13:51
289352,625558,2025-01-29 23:25:22,low,Integrations,5,18.0,2025-01-30 17:25:22
289403,909740,2025-11-22 21:26:52,normal,Onboarding,3,50.0,2025-11-24 23:26:52
819042,149208,2025-03-13 18:16:16,high,Bug Report,5,12.4,2025-03-14 06:40:16
677583,537253,2025-08-27 09:23:24,normal,Onboarding,5,43.3,2025-08-29 04:41:24
559,979522,2025-07-01 10:00:02,low,Onboarding,4,90.0,2025-07-05 04:00:02
277508,468400,2025-02-05 12:33:45,normal,Billing,3,39.2,2025-02-07 03:45:45
528249,279735,2025-06-26 06:59:48,normal,Bug Report,4,27.7,2025-06-27 10:41:48
393061,364738,2025-09-03 13:04:28,normal,Onboarding,4,45.9,2025-09-05 10:58:28
456168,909042,2025-06-29 08:44:53,normal,Billing,,,
260581,271313,2025-07-02 13:25:23,urgent,Integrations,,,
956074,157478,2025-08-07 08:49:32,high,Integrations,5,7.9,2025-08-07 16:43:32
887690,964514,2025-09-26 16:00:20,urgent,Feature Request,,,
414784,689717,2025-03-24 09:10:21,normal,Billing,,,
610697,371569,2025-09-12 14:35:25,normal,Integrations,4,31.6,2025-09-13 22:11:25
818043,530957,2025-06-16 08:24:27,normal,Bug Report,4,34.1,2025-06-17 18:30:27
239935,772957,2025-02-02 11:34:32,normal,Integrations,3,31.0,2025-02-03 18:34:32
841173,836507,2025-10-24 20:41:31,normal,Bug Report,3,27.1,2025-10-25 23:47:31
513764,155975,2025-05-26 06:55:23,high,Integrations,,,
556939,211963,2025-06-13 08:12:58,normal,Bug Report,5,19.1,2025-06-14 03:18:58
76008,876324,2025-09-17 19:00:11,high,Bug Report,5,5.8,2025-09-18 00:48:11
286351,654271,2025-07-08 12:23:00,normal,Onboarding,,,
586853,372540,2025-03-18 09:07:50,urgent,Integrations,5,5.3,2025-03-18 14:25:50
116674,253221,2025-06-01 05:21:40,normal,Performance,3,40.7,2025-06-02 22:03:40
628753,218565,2025-11-07 07:10:12,low,Bug Report,4,62.0,2025-11-09 21:10:12
906647,588070,2025-10-01 12:17:40,low,Billing,5,54.8,2025-10-03 19:05:40
198558,790364,2025-08-02 14:41:29,normal,Feature Request,5,45.6,2025-08-04 12:17:29
780532,339409,2025-09-21 07:59:09,high,Billing,4,13.2,2025-09-21 21:11:09
206918,219926,2025-01-11 09:58:56,normal,Feature Request,5,30.0,2025-01-12 15:58:56
960421,693667,2025-05-01 13:31:45,high,Performance,4,17.6,2025-05-02 07:07:45
377401,530957,2025-06-30 13:04:24,normal,Bug Report,,,
313915,271150,2025-08-17 13:02:35,high,Billing,5,18.5,2025-08-18 07:32:35
510262,739739,2025-09-22 07:26:30,high,Integrations,5,14.3,2025-09-22 21:44:30
540053,196331,2025-10-02 15:32:14,low,Feature Request,3,53.4,2025-10-04 20:56:14
788721,843432,2025-08-19 08:41:26,high,Billing,5,6.8,2025-08-19 15:29:26
114162,511470,2025-02-12 08:53:02,low,Billing,3,84.1,2025-02-15 20:59:02
472181,192010,2025-08-22 18:08:48,low,Performance,2,25.4,2025-08-23 19:32:48
427779,218019,2025-03-28 10:19:05,high,Onboarding,4,7.3,2025-03-28 17:37:05
398668,198781,2025-07-25 16:04:28,low,Feature Request,5,116.9,2025-07-30 12:58:28
247317,174373,2025-04-21 10:51:22,urgent,Performance,5,2.1,2025-04-21 12:57:22
623637,995934,2025-05-18 14:08:09,high,Bug Report,4,20.8,2025-05-19 10:56:09
839712,779156,2025-11-22 16:05:02,normal,Integrations,4,20.4,2025-11-23 12:29:02
609652,820426,2025-11-21 06:35:13,normal,Feature Request,4,21.2,2025-11-22 03:47:13
759741,147475,2025-07-09 19:28:08,high,Onboarding,5,9.6,2025-07-10 05:04:08
830990,381513,2025-12-18 13:04:20,urgent,Bug Report,4,5.7,2025-12-18 18:46:20
735437,856439,2025-07-12 17:03:05,low,Onboarding,5,43.6,2025-07-14 12:39:05
977094,841724,2025-01-22 06:27:33,urgent,Bug Report,2,4.4,2025-01-22 10:51:33
692207,259984,2025-08-01 08:40:37,normal,Feature Request,5,43.8,2025-08-03 04:28:37
95764,975689,2025-11-29 10:44:07,normal,Bug Report,4,28.2,2025-11-30 14:56:07
103199,537263,2025-09-26 21:20:54,low,Bug Report,5,130.4,2025-10-02 07:44:54
454049,695044,2025-08-18 12:03:55,normal,Billing,5,37.1,2025-08-20 01:09:55
536390,970221,2025-04-02 14:31:56,low,Integrations,5,117.5,2025-04-07 12:01:56
960450,452579,2025-08-15 13:45:03,low,Onboarding,5,145.6,2025-08-21 15:21:03
839787,295334,2025-08-27 06:17:31,normal,Bug Report,4,41.1,2025-08-28 23:23:31
792123,365756,2025-05-31 14:59:58,normal,Integrations,4,29.2,2025-06-01 20:11:58
58867,843432,2025-10-13 12:03:31,normal,Billing,2,44.4,2025-10-15 08:27:31
172098,734926,2025-09-12 13:12:52,normal,Bug Report,5,37.6,2025-09-14 02:48:52
478353,118948,2025-02-11 10:16:49,normal,Integrations,5,38.6,2025-02-13 00:52:49
48677,775527,2025-11-13 15:13:41,low,Performance,5,51.7,2025-11-15 18:55:41
260524,358468,2025-08-12 15:34:51,high,Billing,4,16.2,2025-08-13 07:46:51
201624,344893,2025-04-25 15:02:04,urgent,Performance,3,5.1,2025-04-25 20:08:04
808365,688496,2025-09-03 09:12:42,high,Bug Report,5,19.3,2025-09-04 04:30:42
669165,967279,2025-02-10 12:26:13,urgent,Integrations,5,3.6,2025-02-10 16:02:13
236574,911125,2025-08-20 08:44:33,normal,Billing,5,62.1,2025-08-22 22:50:33
731296,653379,2025-01-12 06:50:43,normal,Onboarding,5,12.2,2025-01-12 19:02:43
468099,713583,2025-01-31 10:20:06,low,Integrations,5,52.1,2025-02-02 14:26:06
172022,376354,2025-09-23 17:10:07,normal,Bug Report,4,37.6,2025-09-25 06:46:07
486094,651891,2025-08-01 08:40:59,normal,Bug Report,5,31.9,2025-08-02 16:34:59
4816,676603,2025-05-30 15:41:29,normal,Bug Report,5,45.6,2025-06-01 13:17:29
938436,118279,2025-09-11 12:12:10,normal,Performance,5,30.2,2025-09-12 18:24:10
289553,382519,2025-04-23 11:56:59,low,Integrations,5,100.5,2025-04-27 16:26:59
309977,443866,2025-10-11 11:34:00,normal,Performance,5,58.2,2025-10-13 21:46:00
83236,967030,2025-02-11 08:06:19,urgent,Feature Request,4,4.6,2025-02-11 12:42:19
126550,209357,2025-09-10 05:39:47,normal,Feature Request,5,51.1,2025-09-12 08:45:47
653765,138819,2025-06-12 07:45:26,low,Billing,2,146.7,2025-06-18 10:27:26
170042,376850,2025-12-24 08:53:43,urgent,Integrations,3,1.6,2025-12-24 10:29:43
934393,353158,2025-07-27 16:10:14,low,Feature Request,,,
240414,515718,2025-04-25 10:36:58,low,Performance,4,69.8,2025-04-28 08:24:58
5999,766913,2025-05-20 11:38:17,normal,Bug Report,5,41.4,2025-05-22 05:02:17
205261,674609,2025-01-19 15:10:23,normal,Integrations,4,46.7,2025-01-21 13:52:23
317199,390602,2025-09-18 09:11:55,low,Billing,3,105.3,2025-09-22 18:29:55
266700,757349,2025-01-19 16:31:06,low,Feature Request,5,58.9,2025-01-22 03:25:06
730211,600864,2025-01-03 11:54:38,normal,Feature Request,3,14.8,2025-01-04 02:42:38
689762,975101,2025-08-31 08:51:14,low,Bug Report,4,90.2,2025-09-04 03:03:14
733644,678569,2025-10-27 08:41:08,low,Onboarding,3,35.7,2025-10-28 20:23:08
177213,169880,2025-03-05 16:52:06,high,Billing,4,9.7,2025-03-06 02:34:06
661781,551545,2025-09-08 15:31:57,low,Performance,4,118.9,2025-09-13 14:25:57
281606,184233,2025-08-02 11:36:23,low,Performance,,,
505436,256231,2025-04-21 07:51:25,urgent,Integrations,5,2.0,2025-04-21 09:51:25
469511,540233,2025-11-20 13:42:33,normal,Feature Request,,,
245981,742834,2025-12-04 15:57:02,high,Onboarding,4,16.7,2025-12-05 08:39:02
980090,445354,2025-04-19 10:31:40,low,Onboarding,4,57.1,2025-04-21 19:37:40
553403,741178,2025-12-01 06:16:35,low,Billing,5,123.8,2025-12-06 10:04:35
893935,531301,2025-03-06 14:29:51,high,Bug Report,5,7.2,2025-03-06 21:41:51
658110,118948,2025-04-08 11:00:34,normal,Billing,,,
878510,700348,2025-06-24 15:56:38,high,Feature Request,4,4.9,2025-06-24 20:50:38
485415,269728,2025-02-20 07:56:17,normal,Bug Report,4,35.5,2025-02-21 19:26:17
811854,181128,2025-04-08 10:11:52,normal,Integrations,4,35.8,2025-04-09 21:59:52
826337,228499,2025-10-14 15:39:04,low,Feature Request,3,154.9,2025-10-21 02:33:04
322643,600774,2025-06-20 14:51:26,normal,Feature Request,3,46.2,2025-06-22 13:03:26
220947,176590,2025-07-27 09:05:08,normal,Feature Request,4,17.1,2025-07-28 02:11:08
7191,299049,2025-05-08 14:08:32,high,Onboarding,5,13.9,2025-05-09 04:02:32
618234,372180,2025-05-07 14:39:29,high,Bug Report,,,
265604,359909,2025-06-18 13:38:58,low,Onboarding,5,23.4,2025-06-19 13:02:58
420248,175177,2025-09-05 13:24:55,normal,Bug Report,4,49.2,2025-09-07 14:36:55
319371,848871,2025-02-20 08:04:00,high,Performance,5,6.7,2025-02-20 14:46:00
291216,361379,2025-02-13 12:22:30,high,Performance,5,5.1,2025-02-13 17:28:30
95295,511470,2025-02-24 06:06:08,low,Bug Report,5,12.5,2025-02-24 18:36:08
51270,431016,2025-09-02 20:52:22,low,Bug Report,4,40.8,2025-09-04 13:40:22
667510,334270,2025-09-30 08:17:21,normal,Integrations,5,37.5,2025-10-01 21:47:21
528276,253221,2025-05-31 21:07:35,low,Integrations,4,156.8,2025-06-07 09:55:35
524348,508782,2025-01-16 08:48:38,normal,Performance,5,4.6,2025-01-16 13:24:38
967503,283866,2025-07-06 11:39:54,high,Bug Report,5,22.6,2025-07-07 10:15:54
535325,471767,2025-04-21 09:22:07,high,Integrations,5,22.7,2025-04-22 08:04:07
865741,462096,2025-02-02 13:03:11,low,Onboarding,,,
674830,450789,2025-11-27 12:50:46,normal,Integrations,3,20.2,2025-11-28 09:02:46
811821,445138,2025-11-08 07:08:55,high,Integrations,5,10.4,2025-11-08 17:32:55
805938,318147,2025-03-15 06:43:39,normal,Integrations,5,49.2,2025-03-17 07:55:39
202211,672009,2025-09-17 19:00:30,low,Bug Report,3,83.7,2025-09-21 06:42:30
132960,252591,2025-04-09 07:12:39,high,Performance,1,16.8,2025-04-10 00:00:39
385867,686117,2025-08-23 17:53:12,normal,Bug Report,4,32.6,2025-08-25 02:29:12
145837,704441,2025-09-17 10:53:19,low,Integrations,2,113.8,2025-09-22 04:41:19
31170,380358,2025-02-23 15:19:48,normal,Integrations,5,45.0,2025-02-25 12:19:48
856190,202107,2025-12-25 17:04:19,high,Onboarding,,,
612728,960588,2025-10-05 10:42:24,low,Onboarding,4,55.3,2025-10-07 18:00:24
391303,894894,2025-10-11 08:48:37,low,Bug Report,2,27.0,2025-10-12 11:48:37
336268,404631,2025-08-05 09:23:46,high,Billing,3,12.2,2025-08-05 21:35:46
930145,631003,2025-02-28 17:48:02,low,Onboarding,2,126.3,2025-03-06 00:06:02
680476,345589,2025-06-22 08:44:42,normal,Onboarding,3,40.2,2025-06-24 00:56:42
403185,516478,2025-08-13 13:53:33,high,Onboarding,4,13.7,2025-08-14 03:35:33
452892,357563,2025-06-14 10:43:40,normal,Bug Report,4,45.3,2025-06-16 08:01:40
165401,515718,2025-09-07 12:09:04,normal,Integrations,4,43.8,2025-09-09 07:57:04
699708,761571,2025-02-20 07:53:35,low,Bug Report,4,28.2,2025-02-21 12:05:35
686013,651891,2025-02-05 23:02:16,low,Performance,4,35.2,2025-02-07 10:14:16
271814,450789,2025-11-18 19:22:09,low,Onboarding,3,124.4,2025-11-23 23:46:09
537526,250089,2025-06-01 09:28:50,normal,Performance,5,32.7,2025-06-02 18:10:50
931783,179049,2025-12-24 13:08:51,low,Bug Report,5,73.0,2025-12-27 14:08:51
29124,661655,2025-08-19 11:47:55,low,Billing,3,107.5,2025-08-23 23:17:55
281259,284686,2025-03-28 15:18:42,normal,Billing,4,45.8,2025-03-30 13:06:42
279686,189189,2025-03-06 09:26:11,normal,Onboarding,5,35.8,2025-03-07 21:14:11
197869,125160,2025-09-18 10:34:12,normal,Onboarding,5,66.0,2025-09-21 04:34:12
182004,132627,2025-05-17 16:49:19,normal,Bug Report,4,35.0,2025-05-19 03:49:19
977556,318162,2025-05-10 14:36:27,normal,Bug Report,1,17.8,2025-05-11 08:24:27
488250,561350,2025-03-21 10:43:54,normal,Billing,,,
378631,419173,2025-12-16 13:28:35,high,Feature Request,1,3.3,2025-12-16 16:46:35
630185,113010,2025-05-16 16:38:52,normal,Integrations,5,28.1,2025-05-17 20:44:52
988986,358368,2025-01-28 17:42:02,low,Feature Request,5,102.1,2025-02-01 23:48:02
372385,241202,2025-06-04 08:30:32,normal,Bug Report,5,45.5,2025-06-06 06:00:32
147019,785078,2025-10-22 14:17:57,urgent,Integrations,3,6.0,2025-10-22 20:17:57
567671,535256,2025-04-16 09:05:22,normal,Billing,3,40.4,2025-04-18 01:29:22
511808,982749,2025-06-22 06:59:17,normal,Integrations,4,54.5,2025-06-24 13:29:17
859353,810968,2025-07-30 11:42:52,normal,Feature Request,5,29.4,2025-07-31 17:06:52
420535,600774,2025-04-08 13:16:54,normal,Feature Request,5,16.1,2025-04-09 05:22:54
356222,952954,2025-07-16 18:17:08,normal,Onboarding,4,15.0,2025-07-17 09:17:08
254564,509193,2025-11-05 10:26:44,low,Bug Report,5,79.6,2025-11-08 18:02:44
101503,985138,2025-03-12 05:19:38,normal,Feature Request,4,22.1,2025-03-13 03:25:38
332006,962759,2025-01-09 16:00:08,urgent,Onboarding,,,
961282,333795,2025-03-06 11:48:02,high,Onboarding,5,17.9,2025-03-07 05:42:02
651360,436381,2025-08-24 10:49:27,urgent,Billing,4,4.7,2025-08-24 15:31:27
650188,952233,2025-09-05 09:58:13,normal,Bug Report,,,
535049,149208,2025-10-16 09:30:32,normal,Bug Report,5,69.8,2025-10-19 07:18:32
601451,344893,2025-03-16 22:01:52,high,Bug Report,4,4.4,2025-03-17 02:25:52
155811,983167,2025-12-23 18:49:34,low,Integrations,,,
398832,365660,2025-10-17 16:35:58,normal,Integrations,5,20.6,2025-10-18 13:11:58
979590,713583,2025-06-13 17:08:16,high,Integrations,4,12.6,2025-06-14 05:44:16
390355,749734,2025-07-14 00:31:40,high,Integrations,5,16.9,2025-07-14 17:25:40
677156,136409,2025-06-11 11:05:38,high,Feature Request,5,19.0,2025-06-12 06:05:38
721019,982749,2025-04-03 14:57:31,normal,Feature Request,4,32.6,2025-04-04 23:33:31
931389,891033,2025-04-18 21:06:27,normal,Feature Request,5,9.3,2025-04-19 06:24:27
780388,304962,2025-08-05 10:11:59,normal,Bug Report,2,29.5,2025-08-06 15:41:59
553850,210552,2025-09-12 02:35:50,normal,Onboarding,5,40.3,2025-09-13 18:53:50
18435,473607,2025-03-16 07:03:49,normal,Performance,,,
854137,818984,2025-12-24 11:28:35,high,Integrations,5,14.2,2025-12-25 01:40:35
717400,255136,2025-01-04 13:34:20,normal,Performance,5,48.1,2025-01-06 13:40:20
842005,567592,2025-11-07 16:02:48,low,Feature Request,5,105.0,2025-11-12 01:02:48
539732,676603,2025-05-30 16:24:02,normal,Performance,4,45.3,2025-06-01 13:42:02
658636,995264,2025-12-17 22:51:16,urgent,Integrations,5,3.2,2025-12-18 02:03:16
834280,899024,2025-02-19 16:42:54,normal,Feature Request,4,37.8,2025-02-21 06:30:54
738109,650852,2025-05-28 14:46:29,low,Bug Report,5,42.7,2025-05-30 09:28:29
337144,676881,2025-01-10 08:04:48,high,Integrations,5,9.6,2025-01-10 17:40:48
111312,520785,2025-11-10 14:51:48,normal,Feature Request,5,34.8,2025-11-12 01:39:48
940075,779156,2025-06-04 08:28:05,normal,Onboarding,3,41.5,2025-06-06 01:58:05
682036,207018,2025-01-19 11:50:35,high,Integrations,3,6.8,2025-01-19 18:38:35
258062,112840,2025-04-29 13:33:18,normal,Bug Report,3,7.0,2025-04-29 20:33:18
513574,961788,2025-07-30 12:00:36,low,Integrations,2,35.1,2025-07-31 23:06:36
34540,991768,2025-07-15 11:39:21,normal,Performance,4,48.7,2025-07-17 12:21:21
358452,265989,2025-05-01 19:06:40,low,Bug Report,4,57.6,2025-05-04 04:42:40
281712,989157,2025-06-09 13:51:13,normal,Integrations,5,43.5,2025-06-11 09:21:13
715470,271313,2025-10-28 14:33:55,low,Integrations,5,95.3,2025-11-01 13:51:55
950973,452461,2025-04-13 13:24:40,low,Integrations,3,78.9,2025-04-16 20:18:40
424503,972041,2025-06-15 00:47:51,high,Integrations,5,13.8,2025-06-15 14:35:51
545327,591371,2025-08-30 17:28:58,normal,Onboarding,3,64.2,2025-09-02 09:40:58
449795,211818,2025-01-09 13:30:20,high,Onboarding,4,9.9,2025-01-09 23:24:20
189211,174373,2025-05-03 17:43:41,normal,Performance,5,25.1,2025-05-04 18:49:41
978274,493074,2025-04-02 09:15:43,low,Bug Report,3,106.4,2025-04-06 19:39:43
702137,377997,2025-05-04 10:15:49,urgent,Performance,,,
818463,371884,2025-09-05 20:58:12,normal,Bug Report,5,63.6,2025-09-08 12:34:12
65519,887991,2025-08-05 09:09:04,normal,Billing,4,45.7,2025-08-07 06:51:04
777650,124161,2025-03-17 14:46:02,low,Bug Report,3,41.5,2025-03-19 08:16:02
19466,417940,2025-11-21 15:49:38,normal,Integrations,5,24.7,2025-11-22 16:31:38
676442,733368,2025-02-06 08:30:27,high,Billing,4,11.1,2025-02-06 19:36:27
558023,862941,2025-04-19 13:45:21,high,Bug Report,5,15.9,2025-04-20 05:39:21
764800,448227,2025-11-12 07:34:33,urgent,Bug Report,3,5.3,2025-11-12 12:52:33
612779,309198,2025-05-26 20:23:29,normal,Feature Request,3,32.4,2025-05-28 04:47:29
361539,436381,2025-12-01 16:10:30,normal,Bug Report,5,25.4,2025-12-02 17:34:30
353339,620640,2025-10-21 15:38:11,urgent,Bug Report,1,5.0,2025-10-21 20:38:11
220101,362956,2025-04-27 08:26:09,normal,Integrations,3,52.1,2025-04-29 12:32:09
637468,248669,2025-09-13 08:48:30,low,Billing,5,160.3,2025-09-20 01:06:30
727871,147475,2025-07-26 16:17:01,normal,Bug Report,5,61.5,2025-07-29 05:47:01
620842,661655,2025-03-28 10:30:11,high,Billing,4,18.6,2025-03-29 05:06:11
922477,989157,2025-12-25 06:59:42,low,Feature Request,5,82.3,2025-12-28 17:17:42
403859,254564,2025-07-13 18:43:58,low,Integrations,5,117.8,2025-07-18 16:31:58
794184,875061,2025-03-07 09:09:29,normal,Performance,2,22.5,2025-03-08 07:39:29
370909,343808,2025-06-27 10:32:16,low,Feature Request,4,55.5,2025-06-29 18:02:16
75537,318147,2025-07-02 06:48:53,normal,Billing,4,38.7,2025-07-03 21:30:53
649859,847327,2025-08-23 13:55:09,high,Billing,5,10.9,2025-08-24 00:49:09
918495,436439,2025-05-20 14:20:17,normal,Bug Report,3,21.9,2025-05-21 12:14:17
490994,540115,2025-02-17 08:42:45,normal,Performance,4,34.0,2025-02-18 18:42:45
509403,757526,2025-03-29 18:48:31,high,Integrations,5,10.9,2025-03-30 05:42:31
841635,450789,2025-11-10 15:51:15,normal,Bug Report,5,11.1,2025-11-11 02:57:15
201508,935611,2025-03-15 10:49:04,low,Performance,5,96.0,2025-03-19 10:49:04
749363,516432,2025-05-22 19:27:33,high,Onboarding,4,18.6,2025-05-23 14:03:33
586019,142978,2025-12-18 08:09:29,normal,Integrations,5,34.0,2025-12-19 18:09:29
569729,704625,2025-10-17 10:59:45,normal,Integrations,1,67.6,2025-10-20 06:35:45
289362,689717,2025-02-09 14:29:24,normal,Integrations,5,37.7,2025-02-11 04:11:24
477965,916037,2025-09-08 15:47:13,low,Bug Report,5,118.0,2025-09-13 13:47:13
849575,150144,2025-02-04 11:31:20,normal,Integrations,3,9.2,2025-02-04 20:43:20
635636,531456,2025-04-14 13:51:33,high,Integrations,3,17.3,2025-04-15 07:09:33
625164,250471,2025-05-14 08:47:56,urgent,Performance,4,4.5,2025-05-14 13:17:56
37250,733368,2025-09-01 07:15:29,normal,Billing,1,47.1,2025-09-03 06:21:29
956320,780194,2025-06-21 08:44:11,high,Feature Request,5,3.8,2025-06-21 12:32:11
246198,832087,2025-09-28 09:13:01,normal,Integrations,,,
76905,176599,2025-10-16 10:15:57,high,Onboarding,5,20.9,2025-10-17 07:09:57
208797,832087,2025-09-16 12:12:25,high,Onboarding,4,9.2,2025-09-16 21:24:25
611952,557850,2025-07-07 12:56:17,urgent,Feature Request,5,3.0,2025-07-07 15:56:17
443685,744444,2025-11-03 13:09:50,normal,Onboarding,5,48.8,2025-11-05 13:57:50
342739,372180,2025-04-07 11:37:52,normal,Bug Report,4,35.8,2025-04-08 23:25:52
387496,700348,2025-06-23 19:29:01,low,Bug Report,3,64.1,2025-06-26 11:35:01
751926,301353,2025-11-07 14:32:19,normal,Integrations,5,52.6,2025-11-09 19:08:19
871796,505710,2025-12-26 22:35:07,normal,Performance,5,27.5,2025-12-28 02:05:07
524396,699585,2025-06-20 12:31:36,urgent,Integrations,4,4.2,2025-06-20 16:43:36
320933,252591,2025-09-12 14:40:51,low,Billing,5,93.1,2025-09-16 11:46:51
675572,686117,2025-07-29 12:04:57,normal,Feature Request,5,26.6,2025-07-30 14:40:57
600611,673856,2025-07-05 13:14:38,normal,Integrations,4,58.2,2025-07-07 23:26:38
957268,757349,2025-02-18 13:34:43,normal,Integrations,4,20.5,2025-02-19 10:04:43
142665,668059,2025-06-17 08:34:17,normal,Billing,4,51.6,2025-06-19 12:10:17
177352,897529,2025-06-03 23:43:20,normal,Bug Report,,,
132009,691620,2025-01-16 17:27:53,low,Billing,5,34.5,2025-01-18 03:57:53
780786,563161,2025-06-29 19:35:35,normal,Feature Request,3,29.3,2025-07-01 00:53:35
764287,449270,2025-10-29 15:29:57,urgent,Integrations,1,7.0,2025-10-29 22:29:57
845998,427620,2025-09-08 08:54:51,low,Feature Request,,,
608136,692863,2025-04-27 15:20:28,high,Onboarding,,,
267890,975689,2025-03-20 11:17:36,low,Performance,3,41.0,2025-03-22 04:17:36
480512,741178,2025-06-28 11:05:58,low,Bug Report,1,87.8,2025-07-02 02:53:58
927270,704625,2025-07-01 12:49:34,normal,Performance,5,57.9,2025-07-03 22:43:34
139206,460814,2025-02-18 20:05:56,normal,Integrations,5,49.1,2025-02-20 21:11:56
752056,149920,2025-07-08 14:02:50,normal,Integrations,4,27.4,2025-07-09 17:26:50
76666,182129,2025-02-12 14:01:49,high,Performance,5,9.8,2025-02-12 23:49:49
979846,699272,2025-01-29 12:53:06,low,Integrations,5,41.6,2025-01-31 06:29:06
579697,604137,2025-04-15 14:50:39,urgent,Integrations,4,3.7,2025-04-15 18:32:39
681202,526700,2025-08-06 15:09:04,high,Billing,5,17.2,2025-08-07 08:21:04
251966,288150,2025-02-12 21:11:14,normal,Billing,5,31.5,2025-02-14 04:41:14
774858,868446,2025-11-20 12:18:42,high,Bug Report,5,16.1,2025-11-21 04:24:42
128461,209357,2025-11-07 11:29:29,low,Feature Request,5,124.1,2025-11-12 15:35:29
264910,417940,2025-05-20 12:46:23,low,Onboarding,3,93.9,2025-05-24 10:40:23
280524,173985,2025-03-17 13:16:57,normal,Feature Request,4,27.7,2025-03-18 16:58:57
982660,441792,2025-05-05 06:55:12,high,Billing,4,11.3,2025-05-05 18:13:12
259152,421775,2025-06-19 14:39:01,high,Billing,5,9.2,2025-06-19 23:51:01
551113,358468,2025-10-08 07:38:20,urgent,Integrations,,,
382137,663216,2025-05-30 21:33:26,low,Integrations,5,77.6,2025-06-03 03:09:26
533822,750386,2025-07-24 10:56:35,low,Integrations,5,50.5,2025-07-26 13:26:35
481670,742834,2025-10-22 15:27:34,normal,Integrations,5,40.8,2025-10-24 08:15:34
744568,227254,2025-05-01 08:44:31,urgent,Performance,5,3.1,2025-05-01 11:50:31
711498,631589,2025-01-19 09:55:01,low,Performance,4,64.4,2025-01-22 02:19:01
924292,574882,2025-06-10 13:59:17,low,Onboarding,4,47.7,2025-06-12 13:41:17
21098,316254,2025-05-09 14:48:52,normal,Performance,4,42.6,2025-05-11 09:24:52
221523,368540,2025-02-15 10:57:44,normal,Performance,,,
27730,992229,2025-07-24 17:29:34,normal,Integrations,5,32.7,2025-07-26 02:11:34
318327,725693,2025-07-03 16:56:15,low,Billing,5,53.7,2025-07-05 22:38:15
148655,465105,2025-02-22 17:25:23,low,Integrations,5,58.9,2025-02-25 04:19:23
904515,959623,2025-02-15 13:55:33,low,Billing,5,66.1,2025-02-18 08:01:33
460252,631096,2025-10-07 15:35:20,normal,Feature Request,,,
789877,314615,2025-02-20 16:10:40,normal,Onboarding,2,12.9,2025-02-21 05:04:40
636806,800274,2025-05-02 17:37:26,high,Performance,3,4.5,2025-05-02 22:07:26
615924,393197,2025-03-12 10:15:42,low,Bug Report,4,109.6,2025-03-16 23:51:42
37719,736270,2025-02-11 17:30:18,normal,Integrations,4,13.6,2025-02-12 07:06:18
468648,262660,2025-04-04 14:15:10,high,Billing,5,19.0,2025-04-05 09:15:10
567049,714944,2025-05-27 18:09:18,high,Billing,4,13.4,2025-05-28 07:33:18
76752,124942,2025-03-16 12:22:09,normal,Onboarding,5,27.9,2025-03-17 16:16:09
508594,237570,2025-06-19 11:29:55,normal,Billing,5,36.5,2025-06-20 23:59:55
579970,969635,2025-05-20 15:43:12,normal,Integrations,5,31.1,2025-05-21 22:49:12
2993,831195,2025-03-03 07:58:23,normal,Performance,5,34.1,2025-03-04 18:04:23
431861,896894,2025-11-07 10:18:01,high,Onboarding,4,6.8,2025-11-07 17:06:01
96880,277459,2025-05-06 14:28:26,normal,Performance,4,28.5,2025-05-07 18:58:26
68279,604851,2025-09-06 15:06:37,urgent,Performance,5,3.9,2025-09-06 19:00:37
572905,852560,2025-11-30 13:53:16,high,Feature Request,5,13.2,2025-12-01 03:05:16
811872,153452,2025-06-04 01:50:41,urgent,Billing,5,5.6,2025-06-04 07:26:41
825666,254564,2025-10-25 10:53:04,low,Bug Report,3,136.9,2025-10-31 03:47:04
152009,400628,2025-11-25 15:01:04,normal,Performance,3,57.2,2025-11-28 00:13:04
274973,211818,2025-01-28 06:42:22,low,Feature Request,4,81.5,2025-01-31 16:12:22
641785,216864,2025-06-29 12:26:18,normal,Bug Report,5,54.7,2025-07-01 19:08:18
477064,290620,2025-06-16 19:03:25,low,Onboarding,3,118.8,2025-06-21 17:51:25
484687,815996,2025-04-05 02:50:46,normal,Onboarding,,,
85320,106212,2025-09-06 16:26:28,high,Performance,4,20.5,2025-09-07 12:56:28
591649,902628,2025-05-24 01:50:13,normal,Performance,1,28.7,2025-05-25 06:32:13
802999,682864,2025-08-25 10:59:56,normal,Bug Report,5,33.1,2025-08-26 20:05:56
157433,943757,2025-02-14 09:13:40,low,Bug Report,5,124.0,2025-02-19 13:13:40
82823,850797,2025-05-22 08:43:31,normal,Onboarding,3,31.4,2025-05-23 16:07:31
908680,854467,2025-06-03 13:16:30,normal,Performance,4,32.3,2025-06-04 21:34:30
42708,641547,2025-04-08 19:46:59,high,Billing,5,4.1,2025-04-08 23:52:59
16819,749734,2025-10-25 06:16:10,low,Integrations,5,105.3,2025-10-29 15:34:10
244347,667992,2025-12-06 12:43:03,normal,Bug Report,5,9.1,2025-12-06 21:49:03
68135,125160,2025-10-17 20:51:31,low,Onboarding,4,46.0,2025-10-19 18:51:31
220916,954668,2025-04-03 16:11:49,normal,Integrations,5,13.7,2025-04-04 05:53:49
253464,517173,2025-01-17 11:03:40,urgent,Billing,4,2.7,2025-01-17 13:45:40
677984,479390,2025-06-13 10:39:01,low,Bug Report,2,51.5,2025-06-15 14:09:01
418129,110220,2025-03-02 19:10:57,high,Integrations,3,17.9,2025-03-03 13:04:57
713178,806120,2025-03-03 00:14:54,normal,Performance,4,20.3,2025-03-03 20:32:54
269670,740262,2025-07-16 13:15:00,normal,Feature Request,5,26.1,2025-07-17 15:21:00
524980,227254,2025-04-08 10:23:48,high,Feature Request,5,11.9,2025-04-08 22:17:48
500119,182564,2025-02-19 08:42:25,low,Integrations,5,110.5,2025-02-23 23:12:25
777649,265516,2025-07-13 11:52:52,high,Billing,5,12.7,2025-07-14 00:34:52
735833,865765,2025-03-07 16:53:50,normal,Feature Request,5,30.2,2025-03-08 23:05:50
105253,423101,2025-11-29 19:27:58,normal,Bug Report,1,40.2,2025-12-01 11:39:58
862276,435506,2025-07-07 18:04:58,high,Billing,1,4.8,2025-07-07 22:52:58
536074,298048,2025-08-04 09:28:38,normal,Performance,4,38.5,2025-08-05 23:58:38
413632,234922,2025-12-27 13:20:00,normal,Bug Report,4,11.1,2025-12-28 00:26:00
412924,831303,2025-01-18 14:39:44,normal,Bug Report,3,51.5,2025-01-20 18:09:44
46931,417940,2025-12-25 10:05:25,normal,Integrations,,,
83638,142978,2025-11-17 10:54:56,normal,Performance,4,23.8,2025-11-18 10:42:56
73676,591806,2025-11-25 13:16:39,normal,Bug Report,5,48.0,2025-11-27 13:16:39
178468,365756,2025-07-05 21:47:25,normal,Bug Report,5,46.6,2025-07-07 20:23:25
757292,439406,2025-10-12 08:04:09,normal,Performance,4,50.8,2025-10-14 10:52:09
12757,358368,2025-11-02 15:09:13,normal,Onboarding,1,57.1,2025-11-05 00:15:13
872719,850797,2025-11-04 12:58:25,normal,Integrations,4,40.8,2025-11-06 05:46:25
660701,298652,2025-08-16 09:09:39,low,Integrations,,,
649417,474120,2025-05-14 15:03:29,high,Onboarding,5,5.8,2025-05-14 20:51:29
944870,157478,2025-11-13 10:26:46,high,Onboarding,4,17.5,2025-11-14 03:56:46
257454,839782,2025-05-19 05:10:04,normal,Integrations,5,34.7,2025-05-20 15:52:04
427411,676397,2025-07-01 15:46:11,high,Onboarding,5,7.3,2025-07-01 23:04:11
231340,889010,2025-10-01 14:09:19,low,Billing,4,78.5,2025-10-04 20:39:19
49961,181156,2025-07-19 17:09:16,low,Billing,3,149.5,2025-07-25 22:39:16
690733,451700,2025-09-24 10:42:25,high,Performance,3,20.2,2025-09-25 06:54:25
660709,511879,2025-06-08 08:43:39,low,Performance,5,33.6,2025-06-09 18:19:39
880262,691555,2025-03-12 08:56:54,normal,Onboarding,3,38.1,2025-03-13 23:02:54
588586,443384,2025-08-12 19:37:58,normal,Bug Report,,,
621114,383347,2025-02-20 14:39:49,normal,Bug Report,3,42.4,2025-02-22 09:03:49
969562,468400,2025-10-21 13:59:44,high,Performance,3,17.0,2025-10-22 06:59:44
291327,377997,2025-08-09 15:43:40,normal,Billing,,,
70589,392724,2025-01-29 19:00:02,normal,Bug Report,4,52.0,2025-01-31 23:00:02
697596,124942,2025-11-15 11:25:12,low,Bug Report,4,121.0,2025-11-20 12:25:12
588269,713834,2025-07-05 09:30:34,high,Bug Report,,,
67580,656281,2025-05-31 18:02:36,high,Billing,5,5.3,2025-05-31 23:20:36
358324,152728,2025-07-30 14:35:50,normal,Feature Request,2,9.1,2025-07-30 23:41:50
433071,964514,2025-04-30 09:59:47,normal,Integrations,5,56.0,2025-05-02 17:59:47
779224,262678,2025-06-25 11:27:39,high,Billing,5,20.6,2025-06-26 08:03:39
524927,317879,2025-03-09 07:45:17,normal,Integrations,4,10.7,2025-03-09 18:27:17
329505,259373,2025-03-13 10:16:36,low,Billing,5,86.0,2025-03-17 00:16:36
425263,414105,2025-09-22 01:09:46,normal,Integrations,3,53.7,2025-09-24 06:51:46
596057,468130,2025-12-02 19:56:02,high,Integrations,3,4.6,2025-12-03 00:32:02
536420,876153,2025-12-12 17:32:51,low,Bug Report,4,151.7,2025-12-19 01:14:51
488297,289564,2025-07-21 16:26:29,high,Integrations,5,14.5,2025-07-22 06:56:29
981345,599218,2025-04-21 14:08:44,high,Integrations,4,15.4,2025-04-22 05:32:44
455823,962759,2025-07-07 12:00:34,high,Feature Request,4,12.6,2025-07-08 00:36:34
247396,651891,2025-06-23 12:57:37,low,Onboarding,5,37.6,2025-06-25 02:33:37
205135,349808,2025-08-10 08:28:32,normal,Bug Report,4,22.5,2025-08-11 06:58:32
474402,516677,2025-10-06 10:56:15,normal,Integrations,3,53.7,2025-10-08 16:38:15
393617,697547,2025-04-23 09:53:30,low,Integrations,5,72.9,2025-04-26 10:47:30
815571,603307,2025-06-19 13:24:26,normal,Performance,5,48.0,2025-06-21 13:24:26
597708,606858,2025-05-25 06:12:53,low,Performance,3,39.1,2025-05-26 21:18:53
467107,118948,2025-01-25 07:28:25,low,Onboarding,5,89.0,2025-01-29 00:28:25
203265,901602,2025-05-31 12:20:13,low,Bug Report,3,116.7,2025-06-05 09:02:13
236629,958517,2025-07-21 10:35:35,low,Feature Request,3,58.6,2025-07-23 21:11:35
422245,618152,2025-08-29 20:37:57,normal,Bug Report,,,
350903,379610,2025-02-17 10:45:13,high,Bug Report,3,11.6,2025-02-17 22:21:13
435742,504637,2025-01-24 11:17:21,high,Bug Report,,,
12959,514217,2025-09-03 17:02:55,normal,Bug Report,2,39.4,2025-09-05 08:26:55
740067,256019,2025-11-14 00:38:17,high,Performance,4,13.0,2025-11-14 13:38:17
172572,985138,2025-12-17 16:15:55,low,Performance,2,43.6,2025-12-19 11:51:55
415450,216530,2025-07-01 17:03:45,normal,Bug Report,2,32.9,2025-07-03 01:57:45
494862,262678,2025-09-14 19:16:33,normal,Integrations,5,32.4,2025-09-16 03:40:33
972081,563394,2025-03-13 16:46:43,urgent,Feature Request,4,3.5,2025-03-13 20:16:43
760131,217404,2025-07-04 06:16:33,low,Onboarding,,,
991111,768839,2025-07-14 17:41:30,normal,Billing,5,45.8,2025-07-16 15:29:30
589562,269785,2025-01-01 08:51:36,high,Performance,5,11.1,2025-01-01 19:57:36
756836,996360,2025-06-28 10:39:22,urgent,Integrations,3,5.9,2025-06-28 16:33:22
629388,197488,2025-03-12 13:54:01,low,Performance,5,83.1,2025-03-16 01:00:01
570895,615864,2025-10-12 08:10:29,low,Performance,5,92.0,2025-10-16 04:10:29
945578,176590,2025-02-18 16:20:05,low,Bug Report,5,46.3,2025-02-20 14:38:05
558398,889010,2025-07-30 13:10:07,low,Bug Report,,,
86857,133243,2025-09-22 03:04:29,normal,Onboarding,5,29.3,2025-09-23 08:22:29
179558,198781,2025-02-01 13:26:16,normal,Bug Report,3,39.8,2025-02-03 05:14:16
931465,558167,2025-09-16 14:01:34,normal,Onboarding,5,32.9,2025-09-17 22:55:34
931589,662747,2025-12-21 10:11:39,urgent,Bug Report,4,2.2,2025-12-21 12:23:39
681320,644475,2025-09-01 10:30:25,urgent,Integrations,5,2.5,2025-09-01 13:00:25
209299,278077,2025-03-26 17:05:31,normal,Feature Request,5,43.3,2025-03-28 12:23:31
307204,636784,2025-11-19 17:20:34,low,Billing,5,25.6,2025-11-20 18:56:34
172997,295334,2025-05-18 12:51:30,normal,Feature Request,4,46.0,2025-05-20 10:51:30
346679,734573,2025-03-05 13:46:40,normal,Integrations,3,36.9,2025-03-07 02:40:40
568923,815721,2025-10-12 07:24:24,normal,Bug Report,5,28.8,2025-10-13 12:12:24
308435,208743,2025-10-24 12:08:56,low,Onboarding,4,35.4,2025-10-25 23:32:56
448210,712131,2025-10-15 13:22:11,normal,Performance,4,66.4,2025-10-18 07:46:11
227981,292475,2025-09-05 10:09:42,normal,Billing,4,21.7,2025-09-06 07:51:42
197575,775527,2025-09-28 14:34:47,low,Bug Report,4,56.7,2025-09-30 23:16:47
538140,692337,2025-10-23 14:46:26,normal,Performance,3,56.2,2025-10-25 22:58:26
37084,256231,2025-03-13 20:34:08,normal,Billing,5,25.5,2025-03-14 22:04:08
757459,697314,2025-11-18 17:14:33,normal,Integrations,4,53.3,2025-11-20 22:32:33
624036,989345,2025-05-16 01:27:21,normal,Bug Report,5,52.8,2025-05-18 06:15:21
116268,713907,2025-01-01 18:21:33,high,Feature Request,5,8.9,2025-01-02 03:15:33
828637,692863,2025-01-01 09:22:56,normal,Bug Report,,,
513733,260951,2025-06-10 08:51:49,normal,Billing,3,50.6,2025-06-12 11:27:49
252100,692337,2025-10-18 11:37:14,normal,Integrations,4,18.4,2025-10-19 06:01:14
560054,433844,2025-08-17 09:00:54,high,Onboarding,5,7.4,2025-08-17 16:24:54
292215,298901,2025-04-03 09:47:42,normal,Feature Request,4,57.7,2025-04-05 19:29:42
339587,242844,2025-06-12 11:04:30,high,Bug Report,3,10.7,2025-06-12 21:46:30
149220,430826,2025-09-08 16:09:02,normal,Performance,3,18.0,2025-09-09 10:09:02
84112,216101,2025-01-30 15:04:06,normal,Bug Report,4,40.7,2025-02-01 07:46:06
284297,782122,2025-09-21 06:17:45,urgent,Bug Report,5,2.3,2025-09-21 08:35:45
423745,821114,2025-05-20 09:12:40,normal,Billing,5,39.3,2025-05-22 00:30:40
53389,679810,2025-04-15 14:01:42,low,Feature Request,5,53.5,2025-04-17 19:31:42
712486,515850,2025-01-11 07:47:21,high,Integrations,,,
411384,664655,2025-12-02 13:34:08,normal,Integrations,4,29.8,2025-12-03 19:22:08
186281,163603,2025-05-30 05:13:40,high,Integrations,4,14.5,2025-05-30 19:43:40
412344,973361,2025-03-04 21:07:10,normal,Integrations,,,
354904,171084,2025-03-07 10:06:19,low,Onboarding,2,101.7,2025-03-11 15:48:19
420430,342116,2025-08-24 20:00:35,urgent,Integrations,4,4.5,2025-08-25 00:30:35
306984,183180,2025-06-19 12:24:01,high,Bug Report,,,
733339,950959,2025-08-02 19:08:32,low,Bug Report,4,105.2,2025-08-07 04:20:32
904510,169258,2025-10-10 11:17:27,high,Feature Request,5,8.3,2025-10-10 19:35:27
348101,169880,2025-03-18 17:33:57,normal,Billing,4,27.0,2025-03-19 20:33:57
121098,318147,2025-01-17 17:08:55,normal,Billing,4,16.1,2025-01-18 09:14:55
760673,381306,2025-11-07 17:29:33,normal,Onboarding,5,31.6,2025-11-09 01:05:33
249472,142057,2025-06-28 14:44:19,low,Performance,4,141.5,2025-07-04 12:14:19
969246,514217,2025-07-28 14:48:12,high,Bug Report,3,17.0,2025-07-29 07:48:12
208104,321951,2025-03-05 09:51:24,normal,Onboarding,5,26.1,2025-03-06 11:57:24
882866,481021,2025-06-08 21:47:19,normal,Onboarding,4,65.4,2025-06-11 15:11:19
373926,301453,2025-09-29 08:17:05,low,Feature Request,5,96.7,2025-10-03 08:59:05
331935,310019,2025-09-16 21:42:10,normal,Billing,5,28.6,2025-09-18 02:18:10
929029,249013,2025-12-20 10:47:26,normal,Integrations,4,57.7,2025-12-22 20:29:26
281196,646309,2025-08-26 22:01:25,normal,Integrations,4,52.4,2025-08-29 02:25:25
557315,314615,2025-12-20 14:29:55,high,Performance,5,19.2,2025-12-21 09:41:55
743313,401402,2025-03-14 21:45:30,normal,Integrations,5,62.0,2025-03-17 11:45:30
598942,174373,2025-11-14 11:27:11,normal,Performance,1,31.0,2025-11-15 18:27:11
427155,288798,2025-04-30 09:58:48,high,Onboarding,4,6.7,2025-04-30 16:40:48
350754,102220,2025-07-05 10:50:52,normal,Feature Request,4,28.2,2025-07-06 15:02:52
648573,216490,2025-07-03 10:46:19,normal,Feature Request,2,32.8,2025-07-04 19:34:19
93205,467235,2025-05-05 10:03:00,normal,Bug Report,5,11.6,2025-05-05 21:39:00
945407,746335,2025-11-25 12:45:29,low,Integrations,3,81.9,2025-11-28 22:39:29
246213,591806,2025-09-29 15:46:13,high,Bug Report,5,10.1,2025-09-30 01:52:13
711556,378343,2025-10-29 14:44:35,low,Performance,4,73.6,2025-11-01 16:20:35
525297,894894,2025-05-09 14:26:31,normal,Onboarding,,,
696748,393362,2025-11-24 11:42:38,normal,Onboarding,1,56.3,2025-11-26 20:00:38
113716,970778,2025-09-23 07:06:20,high,Performance,,,
256227,623050,2025-07-07 10:35:43,normal,Bug Report,4,17.5,2025-07-08 04:05:43
726069,838808,2025-08-29 14:58:18,normal,Feature Request,5,22.8,2025-08-30 13:46:18
813125,902628,2025-08-11 10:33:05,normal,Integrations,5,46.4,2025-08-13 08:57:05
596770,901636,2025-06-23 17:14:38,low,Feature Request,5,82.1,2025-06-27 03:20:38
950727,488220,2025-02-22 03:59:37,normal,Bug Report,5,47.9,2025-02-24 03:53:37
947367,511107,2025-05-09 14:39:11,high,Bug Report,5,6.7,2025-05-09 21:21:11
926947,909740,2025-12-05 12:03:21,normal,Billing,1,43.8,2025-12-07 07:51:21
540132,309198,2025-05-26 23:48:39,low,Onboarding,4,49.7,2025-05-29 01:30:39
711849,228499,2025-07-01 14:19:54,low,Billing,1,109.7,2025-07-06 04:01:54
360865,982749,2025-05-01 11:56:23,urgent,Integrations,4,3.6,2025-05-01 15:32:23
368377,139506,2025-08-01 11:24:13,high,Integrations,5,3.0,2025-08-01 14:24:13
203996,602857,2025-03-25 17:20:33,normal,Onboarding,5,10.3,2025-03-26 03:38:33
864619,255136,2025-03-17 05:42:31,urgent,Feature Request,5,1.6,2025-03-17 07:18:31
779414,540658,2025-06-11 13:17:15,low,Integrations,3,36.6,2025-06-13 01:53:15
795697,821114,2025-12-04 14:36:05,normal,Bug Report,4,35.0,2025-12-06 01:36:05
943103,731867,2025-05-01 19:11:59,high,Billing,5,22.8,2025-05-02 17:59:59
109237,301959,2025-06-14 08:25:13,low,Onboarding,5,46.2,2025-06-16 06:37:13
163515,660322,2025-01-25 17:55:31,normal,Onboarding,5,55.6,2025-01-28 01:31:31
754911,299049,2025-05-09 15:25:32,normal,Bug Report,5,19.3,2025-05-10 10:43:32
331417,394508,2025-03-16 13:23:24,low,Performance,5,25.5,2025-03-17 14:53:24
1884,282947,2025-10-28 17:34:18,normal,Integrations,5,32.2,2025-10-30 01:46:18
599263,620640,2025-01-31 09:56:20,normal,Integrations,4,29.9,2025-02-01 15:50:20
964510,236391,2025-06-18 11:35:28,low,Billing,5,19.6,2025-06-19 07:11:28
741746,696751,2025-10-28 15:13:47,low,Performance,2,36.1,2025-10-30 03:19:47
290809,347163,2025-01-09 15:57:50,normal,Feature Request,4,35.5,2025-01-11 03:27:50
507753,567817,2025-06-30 11:29:28,urgent,Onboarding,,,
529100,687595,2025-10-24 10:00:14,high,Feature Request,4,8.8,2025-10-24 18:48:14
652581,431648,2025-10-19 15:53:03,urgent,Billing,4,3.8,2025-10-19 19:41:03
545998,265989,2025-04-02 14:30:42,normal,Onboarding,4,35.9,2025-04-04 02:24:42
33134,962615,2025-01-28 09:17:17,normal,Integrations,5,39.4,2025-01-30 00:41:17
128375,863338,2025-07-01 18:20:45,normal,Bug Report,4,35.8,2025-07-03 06:08:45
200524,960588,2025-06-08 13:13:51,low,Feature Request,5,110.4,2025-06-13 03:37:51
385389,301453,2025-09-26 18:30:12,low,Bug Report,5,32.3,2025-09-28 02:48:12
35191,352867,2025-02-14 07:41:10,high,Billing,5,13.1,2025-02-14 20:47:10
853352,836465,2025-12-10 16:25:30,high,Performance,,,
653297,398032,2025-12-12 14:14:42,normal,Feature Request,5,22.4,2025-12-13 12:38:42
273191,353158,2025-10-16 10:02:47,normal,Bug Report,5,46.5,2025-10-18 08:32:47
350293,145787,2025-12-14 14:09:45,low,Onboarding,3,121.7,2025-12-19 15:51:45
139049,959623,2025-02-20 16:47:16,low,Integrations,4,83.5,2025-02-24 04:17:16
315645,723768,2025-02-17 10:12:07,low,Performance,4,67.8,2025-02-20 06:00:07
561866,733368,2025-12-06 11:01:59,low,Onboarding,5,55.0,2025-12-08 18:01:59
682951,301453,2025-05-06 20:46:05,normal,Performance,4,29.8,2025-05-08 02:34:05
527205,247268,2025-11-11 14:53:02,normal,Billing,5,16.2,2025-11-12 07:05:02
282835,353158,2025-07-29 18:00:56,low,Bug Report,4,81.7,2025-08-02 03:42:56
309143,399159,2025-07-13 04:46:00,normal,Performance,4,14.5,2025-07-13 19:16:00
151352,104172,2025-12-05 15:36:27,normal,Integrations,5,26.0,2025-12-06 17:36:27
728998,966960,2025-11-06 13:20:11,low,Feature Request,,,
15807,613449,2025-04-01 21:36:41,normal,Feature Request,3,5.9,2025-04-02 03:30:41
965124,201820,2025-11-12 16:57:02,high,Integrations,5,6.7,2025-11-12 23:39:02
679566,886365,2025-02-12 00:07:19,normal,Bug Report,4,44.5,2025-02-13 20:37:19
903951,228280,2025-02-26 16:31:20,normal,Onboarding,3,39.3,2025-02-28 07:49:20
821891,398032,2025-09-24 02:23:34,normal,Feature Request,,,
718247,870271,2025-09-07 08:03:44,normal,Onboarding,4,33.6,2025-09-08 17:39:44
120049,960588,2025-12-26 15:53:49,normal,Integrations,3,30.8,2025-12-27 22:41:49
789428,896132,2025-07-23 00:31:30,normal,Performance,5,20.9,2025-07-23 21:25:30
411765,225784,2025-05-31 09:25:16,normal,Integrations,3,9.0,2025-05-31 18:25:16
431441,165982,2025-09-16 21:51:10,normal,Performance,3,37.7,2025-09-18 11:33:10
910904,557985,2025-05-18 07:20:24,low,Bug Report,1,118.4,2025-05-23 05:44:24
505764,309198,2025-05-26 16:53:37,low,Performance,,,
774023,292475,2025-04-23 19:03:07,normal,Billing,1,60.1,2025-04-26 07:09:07
731379,700348,2025-12-12 15:39:16,normal,Billing,4,32.6,2025-12-14 00:15:16
918849,474008,2025-05-02 16:54:05,normal,Onboarding,4,41.3,2025-05-04 10:12:05
163077,674609,2025-10-11 07:45:52,normal,Bug Report,5,29.3,2025-10-12 13:03:52
300850,358468,2025-07-24 19:00:10,low,Billing,2,87.0,2025-07-28 10:00:10
898813,249442,2025-09-01 15:23:53,high,Integrations,5,18.7,2025-09-02 10:05:53
522755,309198,2025-11-29 09:21:23,normal,Integrations,2,18.4,2025-11-30 03:45:23
278919,583252,2025-02-21 16:53:52,high,Bug Report,3,11.5,2025-02-22 04:23:52
348045,196472,2025-10-02 21:33:59,normal,Billing,4,23.1,2025-10-03 20:39:59
792075,466636,2025-01-22 04:06:54,high,Onboarding,4,8.6,2025-01-22 12:42:54
20372,787021,2025-01-31 10:10:55,urgent,Performance,4,7.2,2025-01-31 17:22:55
656440,848871,2025-12-05 16:51:17,normal,Integrations,5,37.5,2025-12-07 06:21:17
584033,621112,2025-09-04 10:01:32,high,Integrations,,,
752191,950543,2025-03-20 11:14:13,normal,Feature Request,5,24.3,2025-03-21 11:32:13
898490,691462,2025-02-09 11:21:03,low,Onboarding,,,
780811,287710,2025-02-17 03:44:02,high,Bug Report,4,17.0,2025-02-17 20:44:02
842122,740262,2025-04-05 16:19:56,high,Bug Report,3,6.3,2025-04-05 22:37:56
837225,196847,2025-04-01 13:56:53,low,Integrations,1,109.4,2025-04-06 03:20:53
748831,318405,2025-09-14 11:09:52,normal,Integrations,5,46.8,2025-09-16 09:57:52
902087,380358,2025-12-07 09:50:34,urgent,Bug Report,4,3.8,2025-12-07 13:38:34
165904,404963,2025-12-20 10:23:54,normal,Performance,4,38.7,2025-12-22 01:05:54
208978,814957,2025-06-01 18:22:25,low,Billing,5,123.8,2025-06-06 22:10:25
967275,228677,2025-05-25 14:11:56,low,Bug Report,4,46.8,2025-05-27 12:59:56
839761,580435,2025-08-14 15:19:47,normal,Feature Request,5,16.6,2025-08-15 07:55:47
404734,540382,2025-06-13 18:41:53,low,Feature Request,5,57.5,2025-06-16 04:11:53
385692,198781,2025-12-24 12:06:53,normal,Performance,3,34.8,2025-12-25 22:54:53
483272,836465,2025-09-21 11:34:11,urgent,Billing,5,4.0,2025-09-21 15:34:11
536082,116787,2025-11-08 10:02:08,normal,Integrations,5,31.1,2025-11-09 17:08:08
344363,626504,2025-03-19 12:47:29,high,Integrations,1,4.1,2025-03-19 16:53:29
922356,950873,2025-06-20 08:56:28,normal,Billing,5,15.9,2025-06-21 00:50:28
608143,696751,2025-03-31 14:42:30,low,Integrations,4,72.8,2025-04-03 15:30:30
506086,819946,2025-06-18 13:58:45,normal,Billing,5,29.6,2025-06-19 19:34:45
936322,362956,2025-05-12 08:24:19,urgent,Bug Report,5,6.0,2025-05-12 14:24:19
920517,216530,2025-07-24 21:56:43,normal,Onboarding,5,38.3,2025-07-26 12:14:43
432047,412468,2025-05-02 15:42:56,high,Integrations,5,5.3,2025-05-02 21:00:56
876542,870010,2025-12-09 14:22:40,normal,Performance,5,17.2,2025-12-10 07:34:40
975883,232216,2025-07-10 07:49:53,high,Bug Report,4,19.1,2025-07-11 02:55:53
612186,207018,2025-11-14 15:54:11,normal,Feature Request,1,16.6,2025-11-15 08:30:11
501498,479493,2025-04-05 09:23:55,low,Integrations,3,89.0,2025-04-09 02:23:55
287412,713585,2025-08-06 12:35:06,normal,Feature Request,1,25.7,2025-08-07 14:17:06
660140,625558,2025-11-02 10:39:38,low,Integrations,5,84.7,2025-11-05 23:21:38
131472,931016,2025-11-12 09:28:38,normal,Billing,5,65.4,2025-11-15 02:52:38
41137,547854,2025-03-11 17:41:30,high,Billing,4,16.9,2025-03-12 10:35:30
734299,989157,2025-01-11 10:50:48,urgent,Performance,5,3.3,2025-01-11 14:08:48
596726,492564,2025-11-21 09:43:38,normal,Billing,,,
366877,686652,2025-02-23 09:20:59,high,Billing,3,11.9,2025-02-23 21:14:59
256318,938120,2025-02-11 15:51:09,normal,Integrations,,,
80263,288150,2025-10-19 14:32:30,low,Feature Request,2,39.0,2025-10-21 05:32:30
662247,398032,2025-09-23 05:58:55,normal,Integrations,2,38.6,2025-09-24 20:34:55
908917,779884,2025-01-06 12:52:40,normal,Billing,4,15.4,2025-01-07 04:16:40
307453,124161,2025-01-09 16:43:59,high,Performance,4,8.4,2025-01-10 01:07:59
691810,721049,2025-01-08 08:16:41,low,Integrations,5,105.5,2025-01-12 17:46:41
245166,847537,2025-10-21 12:39:08,normal,Performance,5,24.0,2025-10-22 12:39:08
46414,919065,2025-10-06 08:43:09,urgent,Feature Request,5,4.9,2025-10-06 13:37:09
730337,407884,2025-03-13 16:41:31,low,Integrations,4,95.5,2025-03-17 16:11:31
664090,575421,2025-06-20 11:53:08,urgent,Integrations,5,2.5,2025-06-20 14:23:08
364944,399159,2025-06-18 05:29:40,low,Bug Report,4,65.0,2025-06-20 22:29:40
498371,265989,2025-05-28 14:13:35,low,Integrations,5,61.8,2025-05-31 04:01:35
966063,171014,2025-04-25 16:26:43,low,Integrations,5,62.9,2025-04-28 07:20:43
768419,603842,2025-06-19 20:45:31,low,Feature Request,5,56.7,2025-06-22 05:27:31
176660,404631,2025-11-17 06:08:39,low,Bug Report,5,39.0,2025-11-18 21:08:39
59332,301501,2025-05-22 15:12:54,normal,Integrations,1,19.8,2025-05-23 11:00:54
670884,244780,2025-02-20 14:55:08,low,Billing,4,157.4,2025-02-27 04:19:08
738989,970778,2025-09-04 11:29:41,low,Integrations,3,141.9,2025-09-10 09:23:41
13980,697314,2025-05-26 08:44:22,high,Performance,5,8.5,2025-05-26 17:14:22
905958,676397,2025-04-11 14:09:47,low,Performance,5,139.1,2025-04-17 09:15:47
264953,441439,2025-12-15 16:40:38,low,Bug Report,5,159.0,2025-12-22 07:40:38
50074,769943,2025-01-26 18:33:12,low,Integrations,4,106.2,2025-01-31 04:45:12
738711,799901,2025-06-30 11:12:25,low,Integrations,5,79.3,2025-07-03 18:30:25
903256,262678,2025-05-09 09:59:53,urgent,Integrations,4,5.7,2025-05-09 15:41:53
646373,392724,2025-09-04 10:05:03,normal,Onboarding,5,13.8,2025-09-04 23:53:03
341153,175177,2025-10-27 07:59:43,normal,Onboarding,4,17.9,2025-10-28 01:53:43
891334,551545,2025-05-15 20:59:28,low,Bug Report,4,58.2,2025-05-18 07:11:28
405367,412093,2025-11-22 19:04:47,normal,Feature Request,4,23.0,2025-11-23 18:04:47
657365,176590,2025-03-22 10:55:02,normal,Bug Report,2,23.5,2025-03-23 10:25:02
711338,516677,2025-08-24 20:03:13,normal,Integrations,4,52.5,2025-08-27 00:33:13
277844,441926,2025-12-26 10:44:55,normal,Performance,,,
452296,203860,2025-04-17 23:05:37,normal,Feature Request,,,
882222,449270,2025-05-12 10:36:26,high,Integrations,5,21.1,2025-05-13 07:42:26
852706,597040,2025-02-09 15:57:56,normal,Feature Request,4,16.4,2025-02-10 08:21:56
606755,289034,2025-08-25 10:29:17,low,Onboarding,3,36.0,2025-08-26 22:29:17
320306,995934,2025-10-27 10:16:37,normal,Billing,4,22.9,2025-10-28 09:10:37
945136,211058,2025-10-13 14:21:24,low,Bug Report,4,99.9,2025-10-17 18:15:24
342378,631096,2025-01-18 21:04:28,normal,Bug Report,4,43.6,2025-01-20 16:40:28
812675,150235,2025-02-13 17:16:43,high,Bug Report,4,7.6,2025-02-14 00:52:43
216739,225448,2025-01-03 07:12:51,high,Billing,5,5.7,2025-01-03 12:54:51
930509,575382,2025-11-28 18:48:51,normal,Performance,2,38.7,2025-11-30 09:30:51
462454,806120,2025-04-09 13:10:24,normal,Billing,3,59.2,2025-04-12 00:22:24
22556,169258,2025-09-22 11:29:53,low,Integrations,4,138.6,2025-09-28 06:05:53
757946,225784,2025-03-24 15:33:25,urgent,Billing,1,6.3,2025-03-24 21:51:25
56547,221118,2025-08-08 13:33:39,normal,Onboarding,4,21.0,2025-08-09 10:33:39
817815,942582,2025-08-24 12:22:35,normal,Billing,5,23.0,2025-08-25 11:22:35
442227,627910,2025-07-03 08:47:08,high,Bug Report,1,12.5,2025-07-03 21:17:08
611430,136968,2025-01-26 16:16:46,normal,Bug Report,,,
787924,693667,2025-01-20 11:11:41,normal,Bug Report,5,35.6,2025-01-21 22:47:41
62075,644475,2025-06-26 11:59:51,low,Bug Report,5,86.3,2025-06-30 02:17:51
514534,687595,2025-06-07 07:57:12,normal,Performance,5,45.7,2025-06-09 05:39:12
833808,207018,2025-09-04 18:30:31,normal,Performance,5,42.4,2025-09-06 12:54:31
469282,684543,2025-09-02 12:27:40,low,Performance,4,20.6,2025-09-03 09:03:40
695012,592265,2025-09-24 15:40:13,normal,Bug Report,,,
766136,301959,2025-07-28 09:59:16,urgent,Performance,,,
310445,941144,2025-08-03 12:33:22,high,Performance,,,
49387,550131,2025-04-16 16:47:39,low,Integrations,1,148.4,2025-04-22 21:11:39
259075,182129,2025-01-20 11:10:03,high,Onboarding,5,5.4,2025-01-20 16:34:03
252669,211058,2025-08-30 11:47:34,high,Bug Report,5,12.8,2025-08-31 00:35:34
532067,675863,2025-05-11 04:02:40,low,Performance,5,72.1,2025-05-14 04:08:40
856725,893484,2025-04-25 11:32:53,low,Onboarding,3,94.5,2025-04-29 10:02:53
592546,693331,2025-09-25 02:40:25,high,Bug Report,4,16.0,2025-09-25 18:40:25
391588,818654,2025-03-21 09:31:31,normal,Bug Report,5,10.3,2025-03-21 19:49:31
819124,662390,2025-01-30 00:05:16,urgent,Integrations,4,5.2,2025-01-30 05:17:16
759785,560307,2025-11-22 13:26:27,urgent,Bug Report,,,
652242,515718,2025-10-11 13:30:38,normal,Billing,5,51.6,2025-10-13 17:06:38
713315,895559,2025-07-16 15:16:14,high,Performance,2,14.7,2025-07-17 05:58:14
896845,787646,2025-12-26 12:29:09,low,Onboarding,3,115.4,2025-12-31 07:53:09
651800,679023,2025-08-21 09:00:45,urgent,Onboarding,1,2.7,2025-08-21 11:42:45
404218,640065,2025-03-02 09:36:31,urgent,Billing,1,3.5,2025-03-02 13:06:31
247363,258458,2025-10-03 12:07:53,normal,Integrations,5,19.8,2025-10-04 07:55:53
917984,493447,2025-05-18 14:39:53,normal,Feature Request,5,58.0,2025-05-21 00:39:53
348145,662010,2025-03-06 20:39:58,low,Billing,3,28.0,2025-03-08 00:39:58
381689,177341,2025-10-16 17:48:53,normal,Integrations,1,21.7,2025-10-17 15:30:53
794065,691620,2025-01-27 06:52:23,normal,Onboarding,,,
861682,301501,2025-09-16 10:05:31,normal,Billing,5,53.1,2025-09-18 15:11:31
489274,129145,2025-04-17 07:46:23,high,Bug Report,5,13.5,2025-04-17 21:16:23
312670,259726,2025-05-31 08:05:03,low,Performance,5,68.6,2025-06-03 04:41:03
51736,451700,2025-11-07 11:14:11,high,Bug Report,3,3.3,2025-11-07 14:32:11
528939,390602,2025-07-29 06:18:41,low,Integrations,5,113.9,2025-08-03 00:12:41
914137,948864,2025-09-17 08:58:35,normal,Onboarding,3,36.0,2025-09-18 20:58:35
750852,663683,2025-06-11 17:25:48,normal,Performance,5,41.3,2025-06-13 10:43:48
118362,211058,2025-03-01 13:17:24,high,Bug Report,5,19.2,2025-03-02 08:29:24
153390,182564,2025-05-23 16:28:07,normal,Integrations,4,27.0,2025-05-24 19:28:07
592328,540658,2025-02-10 07:08:02,normal,Performance,3,62.5,2025-02-12 21:38:02
479769,364714,2025-07-01 13:10:54,low,Bug Report,4,92.6,2025-07-05 09:46:54
867304,527428,2025-08-21 23:12:28,high,Bug Report,4,14.2,2025-08-22 13:24:28
42070,471767,2025-04-06 10:42:55,normal,Feature Request,5,26.9,2025-04-07 13:36:55
330387,854166,2025-06-23 09:20:12,normal,Bug Report,,,
923321,787021,2025-11-01 15:18:31,normal,Bug Report,5,61.9,2025-11-04 05:12:31
162855,672009,2025-06-08 21:28:39,high,Feature Request,4,7.9,2025-06-09 05:22:39
89554,304113,2025-06-08 16:30:02,urgent,Feature Request,4,5.7,2025-06-08 22:12:02
70996,278870,2025-05-16 09:55:19,high,Bug Report,,,
252543,649261,2025-11-12 03:47:16,normal,Integrations,4,36.5,2025-11-13 16:17:16
497643,902347,2025-12-13 20:49:32,normal,Performance,3,29.1,2025-12-15 01:55:32
137567,537263,2025-09-25 15:36:09,low,Integrations,5,75.7,2025-09-28 19:18:09
199372,836465,2025-11-21 08:01:37,high,Bug Report,2,7.0,2025-11-21 15:01:37
479501,124671,2025-06-27 17:00:27,normal,Performance,5,36.1,2025-06-29 05:06:27
346551,295167,2025-07-15 08:24:59,high,Bug Report,4,21.5,2025-07-16 05:54:59
107484,651891,2025-03-26 19:54:37,urgent,Billing,5,3.0,2025-03-26 22:54:37
649018,667992,2025-09-09 09:09:46,normal,Integrations,5,10.8,2025-09-09 19:57:46
385091,969635,2025-06-07 15:54:56,low,Performance,3,87.7,2025-06-11 07:36:56
823451,691555,2025-10-27 10:23:32,high,Bug Report,5,8.2,2025-10-27 18:35:32
736617,553479,2025-07-18 13:21:52,low,Bug Report,2,12.1,2025-07-19 01:27:52
243074,692735,2025-10-27 19:39:17,normal,Bug Report,2,55.8,2025-10-30 03:27:17
781320,424962,2025-10-07 19:06:27,normal,Bug Report,5,21.3,2025-10-08 16:24:27
674632,991572,2025-02-27 15:26:20,normal,Performance,5,24.8,2025-02-28 16:14:20
680706,772806,2025-06-04 15:17:03,high,Performance,3,15.2,2025-06-05 06:29:03
416322,823165,2025-10-08 18:03:57,low,Integrations,,,
941512,430738,2025-09-26 10:05:39,low,Feature Request,5,57.9,2025-09-28 19:59:39
182524,908690,2025-01-31 13:17:43,high,Performance,4,5.5,2025-01-31 18:47:43
811128,526700,2025-01-05 12:45:22,low,Bug Report,5,104.5,2025-01-09 21:15:22
435515,611661,2025-09-29 16:42:35,low,Onboarding,5,91.3,2025-10-03 12:00:35
446718,782122,2025-12-11 08:13:18,low,Feature Request,5,23.7,2025-12-12 07:55:18
7807,386921,2025-09-06 06:34:16,normal,Billing,5,41.2,2025-09-07 23:46:16
768126,314615,2025-07-03 18:28:10,low,Integrations,1,103.1,2025-07-08 01:34:10
277801,992844,2025-03-13 21:45:06,low,Bug Report,4,14.9,2025-03-14 12:39:06
49669,600806,2025-02-16 07:23:04,normal,Billing,5,18.6,2025-02-17 01:59:04
588094,512181,2025-07-23 12:26:05,low,Bug Report,2,21.5,2025-07-24 09:56:05
206764,450199,2025-05-10 02:27:50,low,Bug Report,5,61.1,2025-05-12 15:33:50
808147,262565,2025-11-11 16:50:31,low,Onboarding,2,64.9,2025-11-14 09:44:31
551209,567592,2025-02-07 09:06:51,low,Billing,5,100.3,2025-02-11 13:24:51
799249,706802,2025-05-04 17:22:48,high,Billing,5,3.2,2025-05-04 20:34:48
854352,399159,2025-06-17 19:05:13,high,Onboarding,1,11.8,2025-06-18 06:53:13
567118,881378,2025-03-19 13:12:26,normal,Performance,2,13.3,2025-03-20 02:30:26
4784,445138,2025-07-22 02:20:20,normal,Feature Request,4,31.0,2025-07-23 09:20:20
241787,673856,2025-03-17 00:38:38,high,Integrations,1,16.0,2025-03-17 16:38:38
573816,175483,2025-02-17 11:04:03,low,Onboarding,4,104.8,2025-02-21 19:52:03
669594,409157,2025-05-04 12:05:55,low,Billing,2,22.9,2025-05-05 10:59:55
533081,902662,2025-11-30 14:02:01,normal,Billing,5,25.0,2025-12-01 15:02:01
816780,466636,2025-04-07 12:32:06,normal,Billing,5,62.9,2025-04-10 03:26:06
820284,875381,2025-05-22 15:56:25,normal,Bug Report,5,43.3,2025-05-24 11:14:25
686344,895559,2025-05-16 14:50:40,urgent,Integrations,5,3.0,2025-05-16 17:50:40
364028,815996,2025-08-14 13:54:43,high,Performance,5,18.0,2025-08-15 07:54:43
799346,892691,2025-08-02 05:32:37,normal,Integrations,5,32.8,2025-08-03 14:20:37
435263,211818,2025-01-18 15:46:40,normal,Bug Report,5,48.0,2025-01-20 15:46:40
493194,247003,2025-09-01 07:50:56,low,Performance,5,95.8,2025-09-05 07:38:56
515292,865573,2025-03-13 10:32:43,normal,Integrations,5,13.6,2025-03-14 00:08:43
802246,449270,2025-08-13 15:38:08,high,Bug Report,4,3.0,2025-08-13 18:38:08
592554,684543,2025-08-23 18:50:54,low,Bug Report,4,154.6,2025-08-30 05:26:54
694743,689717,2025-06-30 08:40:56,low,Performance,4,53.6,2025-07-02 14:16:56
625920,779156,2025-11-17 13:13:59,urgent,Integrations,4,4.6,2025-11-17 17:49:59
486065,346678,2025-10-13 16:47:12,normal,Integrations,5,29.7,2025-10-14 22:29:12
854249,221118,2025-12-24 08:25:09,urgent,Integrations,1,2.5,2025-12-24 10:55:09
215158,909042,2025-12-14 08:23:57,high,Integrations,4,19.6,2025-12-15 03:59:57
781656,831195,2025-09-16 08:27:14,low,Onboarding,5,41.4,2025-09-18 01:51:14
733452,157411,2025-08-04 15:43:05,normal,Feature Request,,,
180742,402163,2025-03-15 11:43:24,normal,Bug Report,,,
613558,751178,2025-02-12 11:41:06,normal,Bug Report,1,33.3,2025-02-13 20:59:06
374099,687117,2025-07-24 16:15:25,normal,Bug Report,3,12.6,2025-07-25 04:51:25
177632,596031,2025-08-25 09:02:02,high,Onboarding,5,7.7,2025-08-25 16:44:02
829202,757684,2025-06-03 06:30:09,high,Performance,5,15.5,2025-06-03 22:00:09
849673,539755,2025-04-12 10:13:37,normal,Integrations,2,64.2,2025-04-15 02:25:37
665456,171084,2025-01-14 07:16:00,low,Performance,4,105.8,2025-01-18 17:04:00
888057,262565,2025-10-24 07:04:20,normal,Integrations,2,34.1,2025-10-25 17:10:20
770518,282217,2025-09-12 17:01:30,normal,Bug Report,4,25.9,2025-09-13 18:55:30
446498,919065,2025-12-06 09:40:19,low,Performance,4,130.8,2025-12-11 20:28:19
772920,895559,2025-02-26 07:44:36,normal,Integrations,4,55.1,2025-02-28 14:50:36
695390,961918,2025-04-17 16:46:53,low,Onboarding,4,88.6,2025-04-21 09:22:53
934086,775816,2025-03-02 12:26:47,low,Feature Request,3,39.8,2025-03-04 04:14:47
425178,812313,2025-01-15 14:11:54,normal,Onboarding,5,37.9,2025-01-17 04:05:54
929688,631096,2025-11-21 14:25:38,low,Performance,5,70.1,2025-11-24 12:31:38
190445,155975,2025-06-26 13:44:41,normal,Integrations,4,58.0,2025-06-28 23:44:41
42976,170417,2025-11-06 15:03:53,urgent,Performance,5,2.3,2025-11-06 17:21:53
95845,262660,2025-10-15 14:24:04,low,Bug Report,5,93.8,2025-10-19 12:12:04
903096,271695,2025-01-28 11:01:07,low,Feature Request,5,33.2,2025-01-29 20:13:07
143227,102347,2025-11-27 14:36:09,normal,Bug Report,3,28.1,2025-11-28 18:42:09
642604,356711,2025-03-22 12:30:09,low,Billing,5,66.4,2025-03-25 06:54:09
898745,334270,2025-09-20 17:25:13,low,Bug Report,4,67.8,2025-09-23 13:13:13
995132,591371,2025-08-30 17:15:13,normal,Bug Report,2,20.6,2025-08-31 13:51:13
668703,960588,2025-01-06 12:41:56,urgent,Bug Report,4,4.0,2025-01-06 16:41:56
730251,985138,2025-04-08 11:48:30,urgent,Bug Report,4,2.5,2025-04-08 14:18:30
976308,526874,2025-11-28 11:41:32,normal,Performance,5,46.2,2025-11-30 09:53:32
707070,397763,2025-05-31 09:14:26,low,Bug Report,3,47.9,2025-06-02 09:08:26
718146,358468,2025-02-14 10:54:57,low,Integrations,4,70.2,2025-02-17 09:06:57
898905,269978,2025-08-22 10:31:52,low,Performance,5,89.7,2025-08-26 04:13:52
9644,574882,2025-08-29 16:30:02,normal,Performance,4,44.6,2025-08-31 13:06:02
321748,700348,2025-06-23 20:21:11,normal,Integrations,,,
411208,517368,2025-08-06 06:01:42,low,Billing,2,24.7,2025-08-07 06:43:42
339434,742518,2025-07-22 07:21:26,normal,Performance,5,32.0,2025-07-23 15:21:26
925199,975689,2025-06-22 08:18:03,normal,Billing,2,40.0,2025-06-24 00:18:03
169916,142057,2025-05-06 01:58:54,low,Billing,5,130.6,2025-05-11 12:34:54
901130,854467,2025-12-07 09:05:23,low,Bug Report,3,58.0,2025-12-09 19:05:23
500981,600507,2025-12-23 16:20:16,normal,Billing,3,11.4,2025-12-24 03:44:16
920871,692337,2025-06-20 09:59:35,low,Bug Report,3,108.4,2025-06-24 22:23:35
273282,139506,2025-10-22 12:38:25,low,Billing,,,
145175,985162,2025-07-30 17:53:00,normal,Billing,5,20.8,2025-07-31 14:41:00
314971,980608,2025-02-10 14:02:43,normal,Integrations,5,16.0,2025-02-11 06:02:43
83625,177009,2025-05-07 08:40:49,normal,Performance,1,10.4,2025-05-07 19:04:49
355046,419173,2025-07-09 02:05:27,low,Integrations,2,64.2,2025-07-11 18:17:27
319991,600525,2025-09-05 15:20:52,normal,Billing,4,39.0,2025-09-07 06:20:52
426657,977420,2025-08-26 19:43:22,low,Billing,2,115.6,2025-08-31 15:19:22
249273,574882,2025-07-30 19:28:44,low,Integrations,5,84.0,2025-08-03 07:28:44
454045,417940,2025-10-07 13:09:37,normal,Bug Report,5,19.3,2025-10-08 08:27:37
326939,480190,2025-05-28 12:48:10,normal,Billing,4,14.9,2025-05-29 03:42:10
945681,504630,2025-11-21 11:04:26,high,Performance,4,13.1,2025-11-22 00:10:26
513436,155975,2025-09-21 10:01:25,high,Onboarding,4,16.0,2025-09-22 02:01:25
992768,696918,2025-01-16 15:49:19,low,Bug Report,3,44.0,2025-01-18 11:49:19
70084,555768,2025-07-20 12:29:55,urgent,Feature Request,4,5.1,2025-07-20 17:35:55
143334,216530,2025-08-16 18:17:15,normal,Feature Request,5,47.4,2025-08-18 17:41:15
865618,992844,2025-08-14 14:28:14,normal,Integrations,4,13.5,2025-08-15 03:58:14
862327,583252,2025-08-01 10:30:08,normal,Integrations,4,51.9,2025-08-03 14:24:08
918415,577783,2025-05-06 00:06:09,low,Billing,3,30.2,2025-05-07 06:18:09
177609,249442,2025-02-15 16:19:40,low,Billing,4,160.0,2025-02-22 08:19:40
141547,540233,2025-10-13 09:13:21,urgent,Billing,5,3.9,2025-10-13 13:07:21
536714,372607,2025-07-01 01:00:30,high,Bug Report,5,9.0,2025-07-01 10:00:30
628058,289993,2025-07-23 17:07:44,normal,Bug Report,5,47.6,2025-07-25 16:43:44
452015,691462,2025-09-02 08:10:21,low,Integrations,5,97.4,2025-09-06 09:34:21
556095,228280,2025-10-15 08:17:59,normal,Performance,5,56.3,2025-10-17 16:35:59
100538,558639,2025-04-09 07:38:54,high,Integrations,5,16.4,2025-04-10 00:02:54
377624,457960,2025-07-11 23:50:43,low,Integrations,5,61.9,2025-07-14 13:44:43
576260,741178,2025-02-15 08:57:21,low,Feature Request,4,94.8,2025-02-19 07:45:21
941281,361379,2025-12-23 14:20:52,urgent,Bug Report,5,5.7,2025-12-23 20:02:52
159473,398032,2025-11-29 06:12:56,low,Performance,5,100.8,2025-12-03 11:00:56
871446,358468,2025-06-23 09:06:45,normal,Feature Request,5,28.5,2025-06-24 13:36:45
206943,150144,2025-09-22 12:52:05,high,Bug Report,5,12.0,2025-09-23 00:52:05
116551,556479,2025-04-27 05:20:26,normal,Billing,4,50.6,2025-04-29 07:56:26
896185,216864,2025-03-31 16:46:43,high,Bug Report,3,7.9,2025-04-01 00:40:43
139076,964514,2025-04-21 11:35:18,urgent,Feature Request,5,4.8,2025-04-21 16:23:18
643719,289564,2025-07-07 00:52:12,normal,Feature Request,4,63.0,2025-07-09 15:52:12
452703,332026,2025-10-06 17:43:57,low,Feature Request,5,61.0,2025-10-09 06:43:57
104953,373043,2025-10-29 07:50:39,high,Bug Report,3,13.2,2025-10-29 21:02:39
169356,271313,2025-11-01 07:24:47,urgent,Feature Request,1,4.3,2025-11-01 11:42:47
428522,291773,2025-06-23 21:02:52,normal,Billing,5,34.6,2025-06-25 07:38:52
778488,241116,2025-09-22 16:54:10,normal,Performance,3,19.6,2025-09-23 12:30:10
900468,315012,2025-07-27 03:12:42,low,Billing,3,74.7,2025-07-30 05:54:42
282678,514217,2025-11-28 11:10:25,low,Billing,4,54.2,2025-11-30 17:22:25
297198,699585,2025-10-29 22:35:14,high,Performance,5,11.0,2025-10-30 09:35:14
905858,177009,2025-11-30 17:38:31,normal,Performance,4,29.4,2025-12-01 23:02:31
468455,902662,2025-09-07 20:30:52,normal,Integrations,5,6.9,2025-09-08 03:24:52
766410,194570,2025-06-16 09:33:59,low,Billing,4,85.3,2025-06-19 22:51:59
212493,184233,2025-06-18 15:22:36,high,Integrations,4,20.2,2025-06-19 11:34:36
554942,449827,2025-12-23 11:39:58,urgent,Integrations,5,1.7,2025-12-23 13:21:58
397057,368540,2025-07-10 08:05:32,high,Bug Report,3,4.9,2025-07-10 12:59:32
40440,695044,2025-08-18 04:58:11,low,Integrations,3,33.0,2025-08-19 13:58:11
336025,987167,2025-03-14 22:57:24,normal,Billing,5,38.6,2025-03-16 13:33:24
262714,597040,2025-07-04 08:11:44,normal,Integrations,,,
408950,291773,2025-05-15 15:23:25,normal,Feature Request,4,15.3,2025-05-16 06:41:25
165427,315012,2025-09-14 09:33:23,normal,Feature Request,5,17.2,2025-09-15 02:45:23
517213,714944,2025-03-19 09:15:15,high,Integrations,5,10.8,2025-03-19 20:03:15
752548,295334,2025-05-19 13:28:25,normal,Integrations,4,54.9,2025-05-21 20:22:25
312215,200323,2025-03-24 18:41:45,normal,Billing,4,26.8,2025-03-25 21:29:45
890331,279735,2025-10-17 17:10:19,normal,Performance,5,8.5,2025-10-18 01:40:19
2351,902662,2025-10-07 12:04:40,urgent,Feature Request,,,
494187,493074,2025-07-23 13:17:18,normal,Feature Request,3,47.4,2025-07-25 12:41:18
226247,751207,2025-07-01 12:54:39,low,Performance,3,63.0,2025-07-04 03:54:39
102574,641547,2025-06-11 07:41:30,low,Bug Report,3,74.5,2025-06-14 10:11:30
784555,575382,2025-08-13 18:35:13,low,Billing,5,140.6,2025-08-19 15:11:13
91777,236797,2025-09-05 13:51:00,normal,Billing,5,18.7,2025-09-06 08:33:00
230865,450199,2025-05-09 16:35:08,normal,Integrations,5,20.4,2025-05-10 12:59:08
606869,355983,2025-04-02 12:10:13,normal,Integrations,4,55.2,2025-04-04 19:22:13
892090,654271,2025-05-18 09:18:46,low,Bug Report,5,90.5,2025-05-22 03:48:46
62206,768839,2025-12-07 16:05:02,low,Billing,4,101.6,2025-12-11 21:41:02
552769,271150,2025-10-17 09:54:52,normal,Performance,5,31.8,2025-10-18 17:42:52
269548,586841,2025-01-08 09:39:22,urgent,Integrations,2,1.8,2025-01-08 11:27:22
73384,749734,2025-03-29 09:07:57,low,Feature Request,,,
198896,779156,2025-04-02 13:04:07,high,Integrations,3,8.9,2025-04-02 21:58:07
756432,579749,2025-05-23 04:54:03,low,Billing,4,97.7,2025-05-27 06:36:03
882066,893066,2025-06-23 13:58:39,high,Onboarding,2,17.6,2025-06-24 07:34:39
261165,952114,2025-01-13 14:32:30,low,Integrations,4,113.9,2025-01-18 08:26:30
19686,625558,2025-08-02 04:28:35,low,Feature Request,5,101.7,2025-08-06 10:10:35
978267,435506,2025-02-10 09:24:17,high,Integrations,5,8.2,2025-02-10 17:36:17
245637,451238,2025-11-13 09:59:56,normal,Bug Report,4,23.0,2025-11-14 08:59:56
240206,516478,2025-08-01 11:28:47,high,Onboarding,4,15.4,2025-08-02 02:52:47
393179,549691,2025-10-28 19:59:27,high,Integrations,5,16.9,2025-10-29 12:53:27
852126,358468,2025-03-17 12:13:56,high,Bug Report,5,12.8,2025-03-18 01:01:56
76471,785078,2025-10-25 14:01:58,low,Integrations,4,44.8,2025-10-27 10:49:58
841941,345589,2025-04-02 10:37:29,normal,Billing,5,24.8,2025-04-03 11:25:29
785794,290492,2025-05-05 14:08:37,low,Billing,4,137.4,2025-05-11 07:32:37
904541,943858,2025-05-07 07:23:14,normal,Billing,4,8.5,2025-05-07 15:53:14
807532,759736,2025-07-18 12:37:16,urgent,Performance,5,3.0,2025-07-18 15:37:16
58308,870271,2025-01-18 10:24:45,normal,Bug Report,5,29.7,2025-01-19 16:06:45
946202,704441,2025-08-19 13:55:56,normal,Billing,5,43.3,2025-08-21 09:13:56
58657,331311,2025-12-12 15:17:26,urgent,Performance,5,5.5,2025-12-12 20:47:26
658253,774503,2025-05-29 06:00:34,low,Bug Report,2,88.5,2025-06-01 22:30:34
900930,291292,2025-03-23 08:44:28,normal,Billing,5,39.9,2025-03-25 00:38:28
601217,380358,2025-08-30 11:52:57,low,Bug Report,5,96.4,2025-09-03 12:16:57
207894,609487,2025-11-19 11:12:23,low,Billing,,,
876867,163603,2025-08-18 11:37:20,normal,Bug Report,1,35.9,2025-08-19 23:31:20
519758,189189,2025-08-11 11:27:06,high,Feature Request,5,3.8,2025-08-11 15:15:06
701922,685576,2025-09-22 16:00:31,low,Feature Request,5,109.4,2025-09-27 05:24:31
547426,247003,2025-08-31 11:46:05,normal,Billing,4,51.0,2025-09-02 14:46:05
350692,641328,2025-08-21 12:43:46,low,Bug Report,5,126.5,2025-08-26 19:13:46
879533,271695,2025-03-01 12:43:50,low,Onboarding,5,69.0,2025-03-04 09:43:50
169616,351475,2025-08-14 15:06:10,high,Feature Request,5,5.7,2025-08-14 20:48:10
662500,729499,2025-04-25 15:49:13,normal,Onboarding,,,
516204,378702,2025-08-17 09:48:23,normal,Integrations,5,24.7,2025-08-18 10:30:23
529732,810858,2025-12-23 17:03:46,low,Onboarding,5,16.7,2025-12-24 09:45:46
341122,366471,2025-03-30 21:16:48,normal,Performance,,,
698882,437273,2025-08-01 14:51:17,normal,Feature Request,,,
673761,597040,2025-07-03 16:56:25,normal,Integrations,5,50.7,2025-07-05 19:38:25
136321,418604,2025-10-28 08:38:18,urgent,Bug Report,5,4.9,2025-10-28 13:32:18
377937,469600,2025-06-21 09:44:23,low,Billing,,,
981489,368540,2025-04-26 15:01:47,high,Feature Request,,,
904654,140321,2025-01-30 09:55:35,normal,Onboarding,4,57.4,2025-02-01 19:19:35
873524,618342,2025-06-25 15:48:51,high,Integrations,,,
458681,228567,2025-11-28 12:02:04,normal,Integrations,4,42.1,2025-11-30 06:08:04
199874,304113,2025-05-22 11:33:46,low,Feature Request,5,151.5,2025-05-28 19:03:46
108340,316635,2025-10-01 09:16:48,normal,Billing,4,27.7,2025-10-02 12:58:48
458009,312337,2025-10-18 13:46:15,low,Billing,5,44.5,2025-10-20 10:16:15
312567,412093,2025-08-25 12:33:09,low,Billing,5,93.2,2025-08-29 09:45:09
165413,292475,2025-09-03 15:43:06,normal,Bug Report,4,49.6,2025-09-05 17:19:06
302024,262660,2025-04-20 14:22:53,normal,Bug Report,5,27.8,2025-04-21 18:10:53
837047,644475,2025-03-19 13:36:19,normal,Onboarding,2,40.3,2025-03-21 05:54:19
381173,513019,2025-12-25 04:26:30,normal,Performance,4,63.5,2025-12-27 19:56:30
488683,607403,2025-05-27 18:02:41,high,Billing,4,16.0,2025-05-28 10:02:41
681626,381513,2025-11-27 18:16:12,low,Bug Report,5,84.0,2025-12-01 06:16:12
463523,259373,2025-10-12 08:15:20,low,Integrations,5,124.6,2025-10-17 12:51:20
640139,216490,2025-11-25 09:18:37,high,Integrations,4,15.9,2025-11-26 01:12:37
973543,142260,2025-01-10 10:00:15,high,Performance,5,15.2,2025-01-11 01:12:15
956699,540498,2025-02-09 06:18:24,high,Bug Report,5,3.9,2025-02-09 10:12:24
574765,852560,2025-09-05 15:27:32,urgent,Bug Report,5,3.5,2025-09-05 18:57:32
809923,766913,2025-06-12 16:01:47,normal,Billing,4,49.6,2025-06-14 17:37:47
440599,141134,2025-09-20 13:26:47,normal,Billing,4,54.0,2025-09-22 19:26:47
391455,282947,2025-11-06 15:02:10,normal,Feature Request,5,20.0,2025-11-07 11:02:10
609420,248542,2025-04-01 07:41:47,high,Feature Request,5,12.7,2025-04-01 20:23:47
275575,334270,2025-06-12 15:11:44,low,Onboarding,5,119.3,2025-06-17 14:29:44
749934,856439,2025-04-04 19:12:43,low,Onboarding,4,80.6,2025-04-08 03:48:43
144953,943223,2025-08-21 11:52:54,normal,Performance,4,63.8,2025-08-24 03:40:54
846684,286547,2025-12-09 19:51:38,urgent,Bug Report,5,3.6,2025-12-09 23:27:38
88147,244780,2025-10-05 07:49:43,normal,Performance,5,30.8,2025-10-06 14:37:43
256479,721049,2025-07-26 17:24:20,low,Billing,5,89.7,2025-07-30 11:06:20
945768,124942,2025-08-15 08:39:23,high,Onboarding,4,10.3,2025-08-15 18:57:23
71071,481953,2025-04-21 06:10:48,low,Bug Report,5,57.0,2025-04-23 15:10:48
669359,336143,2025-03-30 17:20:10,low,Bug Report,5,36.6,2025-04-01 05:56:10
7283,492337,2025-09-26 21:39:37,normal,Performance,3,38.2,2025-09-28 11:51:37
431260,839782,2025-12-21 17:03:52,normal,Billing,3,10.0,2025-12-22 03:03:52
387098,654271,2025-08-22 04:07:35,low,Onboarding,,,
610027,368540,2025-10-13 14:38:47,urgent,Performance,4,4.7,2025-10-13 19:20:47
761644,270148,2025-06-03 18:16:15,high,Onboarding,5,6.3,2025-06-04 00:34:15
782008,380358,2025-06-19 08:24:11,low,Billing,5,28.2,2025-06-20 12:36:11
576590,153452,2025-09-19 16:54:31,normal,Onboarding,3,24.5,2025-09-20 17:24:31
317488,223459,2025-06-27 16:23:40,normal,Integrations,5,43.7,2025-06-29 12:05:40
642332,943858,2025-03-11 19:15:24,normal,Integrations,5,31.2,2025-03-13 02:27:24
608926,424962,2025-05-14 18:36:44,normal,Billing,5,47.3,2025-05-16 17:54:44
81547,706802,2025-06-22 09:37:02,normal,Integrations,5,42.0,2025-06-24 03:37:02
535894,561350,2025-12-17 10:31:09,high,Onboarding,4,9.3,2025-12-17 19:49:09
687505,235164,2025-09-25 02:11:31,low,Billing,4,74.5,2025-09-28 04:41:31
892829,345589,2025-07-09 11:11:29,normal,Bug Report,5,20.6,2025-07-10 07:47:29
551852,518790,2025-08-01 12:04:40,low,Feature Request,5,52.5,2025-08-03 16:34:40
113110,854467,2025-07-26 14:58:47,low,Onboarding,5,125.4,2025-07-31 20:22:47
56849,393197,2025-08-04 16:55:38,low,Feature Request,4,78.5,2025-08-07 23:25:38
322836,444888,2025-08-03 23:54:45,high,Billing,4,17.1,2025-08-04 17:00:45
583412,775696,2025-09-23 10:23:09,normal,Performance,5,56.5,2025-09-25 18:53:09
538405,529391,2025-02-14 11:10:11,high,Feature Request,4,11.3,2025-02-14 22:28:11
544894,179049,2025-05-08 09:39:05,normal,Billing,2,37.6,2025-05-09 23:15:05
350212,964514,2025-12-10 12:52:37,low,Billing,5,19.8,2025-12-11 08:40:37
35953,993977,2025-03-25 10:13:46,normal,Bug Report,3,54.6,2025-03-27 16:49:46
213856,416221,2025-04-28 08:21:13,normal,Performance,3,29.4,2025-04-29 13:45:13
683134,629748,2025-04-16 11:02:54,low,Onboarding,2,59.7,2025-04-18 22:44:54
506606,983167,2025-11-28 08:30:16,low,Integrations,3,27.1,2025-11-29 11:36:16
891187,647876,2025-09-21 07:30:39,low,Bug Report,,,
760147,482349,2025-02-23 12:30:14,normal,Billing,5,10.4,2025-02-23 22:54:14
443950,540498,2025-07-01 17:35:08,low,Integrations,5,41.6,2025-07-03 11:11:08
272274,554336,2025-05-20 09:24:00,normal,Integrations,5,33.1,2025-05-21 18:30:00
343988,791209,2025-09-09 18:00:13,low,Feature Request,4,139.1,2025-09-15 13:06:13
692894,377902,2025-07-06 12:43:04,urgent,Billing,5,2.9,2025-07-06 15:37:04
591995,782825,2025-06-06 14:28:43,low,Feature Request,5,77.5,2025-06-09 19:58:43
302586,739739,2025-06-03 13:29:05,low,Billing,1,85.8,2025-06-07 03:17:05
861135,575421,2025-12-04 08:58:29,low,Integrations,,,
48806,318162,2025-09-26 07:53:32,high,Integrations,3,21.3,2025-09-27 05:11:32
639115,244208,2025-03-13 23:56:08,high,Performance,4,10.4,2025-03-14 10:20:08
581020,333795,2025-05-11 11:24:10,low,Feature Request,5,130.9,2025-05-16 22:18:10
93835,261774,2025-06-15 02:52:08,normal,Feature Request,5,9.9,2025-06-15 12:46:08
260226,158251,2025-11-23 16:26:27,normal,Integrations,,,
157226,943858,2025-08-31 18:50:53,high,Feature Request,4,13.0,2025-09-01 07:50:53
95212,371884,2025-09-15 09:27:06,normal,Integrations,5,18.2,2025-09-16 03:39:06
617808,689786,2025-01-27 14:38:45,normal,Billing,5,32.5,2025-01-28 23:08:45
38219,216530,2025-09-18 12:27:33,low,Onboarding,5,161.9,2025-09-25 06:21:33
453111,321951,2025-01-08 10:21:32,low,Feature Request,5,142.4,2025-01-14 08:45:32
150760,835797,2025-06-15 14:30:11,high,Performance,4,11.5,2025-06-16 02:00:11
927284,135223,2025-03-04 11:10:25,high,Bug Report,5,5.5,2025-03-04 16:40:25
705836,103319,2025-05-16 06:11:40,normal,Onboarding,5,24.1,2025-05-17 06:17:40
204835,749288,2025-03-29 08:34:39,low,Bug Report,5,86.0,2025-04-01 22:34:39
625766,609487,2025-11-29 15:14:34,normal,Billing,3,51.4,2025-12-01 18:38:34
614740,806120,2025-03-20 15:13:59,normal,Billing,4,43.5,2025-03-22 10:43:59
877925,647876,2025-12-03 12:40:04,normal,Performance,3,27.9,2025-12-04 16:34:04
745687,768839,2025-07-16 21:13:07,low,Integrations,2,51.5,2025-07-19 00:43:07
63347,603274,2025-08-27 13:41:26,normal,Bug Report,3,57.8,2025-08-29 23:29:26
551907,370589,2025-09-04 06:43:01,normal,Onboarding,4,39.5,2025-09-05 22:13:01
503833,950543,2025-12-07 15:19:16,low,Feature Request,2,69.1,2025-12-10 12:25:16
112405,574768,2025-09-26 16:01:57,high,Feature Request,4,5.5,2025-09-26 21:31:57
107011,910761,2025-11-22 16:34:06,high,Billing,5,5.4,2025-11-22 21:58:06
508548,175177,2025-02-09 21:34:03,low,Onboarding,5,35.1,2025-02-11 08:40:03
978907,488457,2025-10-15 16:20:29,normal,Integrations,4,18.5,2025-10-16 10:50:29
7610,124942,2025-10-14 23:54:22,low,Integrations,,,
14156,491257,2025-12-25 22:18:59,low,Billing,5,75.8,2025-12-29 02:06:59
50920,371569,2025-02-08 08:16:23,normal,Bug Report,5,22.1,2025-02-09 06:22:23
935252,675863,2025-08-30 10:39:32,normal,Performance,5,40.3,2025-09-01 02:57:32
27507,877896,2025-11-17 13:28:14,normal,Performance,5,32.4,2025-11-18 21:52:14
921587,157478,2025-08-05 16:50:56,normal,Bug Report,1,25.7,2025-08-06 18:32:56
91292,133896,2025-08-28 15:06:31,low,Billing,5,32.0,2025-08-29 23:06:31
427122,416704,2025-10-29 08:54:10,low,Billing,5,149.5,2025-11-04 14:24:10
489595,822504,2025-10-30 15:00:52,low,Onboarding,5,116.8,2025-11-04 11:48:52
69454,260951,2025-02-17 14:27:34,high,Bug Report,4,9.2,2025-02-17 23:39:34
733513,888943,2025-06-15 16:37:03,normal,Feature Request,,,
146184,605260,2025-09-19 08:50:14,low,Integrations,5,73.5,2025-09-22 10:20:14
330219,511497,2025-05-16 16:48:23,high,Performance,5,3.3,2025-05-16 20:06:23
933575,560307,2025-01-02 08:07:28,normal,Integrations,4,50.8,2025-01-04 10:55:28
816382,564779,2025-04-10 04:49:53,high,Performance,,,
14998,872833,2025-05-28 08:04:58,high,Billing,4,12.8,2025-05-28 20:52:58
323923,479242,2025-11-06 09:43:57,normal,Bug Report,5,30.9,2025-11-07 16:37:57
956328,501273,2025-10-24 13:14:53,normal,Billing,4,15.5,2025-10-25 04:44:53
997028,665974,2025-01-12 11:41:45,low,Integrations,4,71.8,2025-01-15 11:29:45
147454,282217,2025-10-11 08:28:38,high,Onboarding,4,4.8,2025-10-11 13:16:38
81583,154626,2025-02-21 07:05:57,high,Onboarding,5,12.8,2025-02-21 19:53:57
213355,580435,2025-11-29 09:37:39,low,Bug Report,4,63.9,2025-12-02 01:31:39
742658,468130,2025-06-23 12:53:01,normal,Integrations,,,
355699,104172,2025-07-31 21:40:14,normal,Onboarding,4,26.9,2025-08-02 00:34:14
265822,943067,2025-07-03 16:35:55,low,Integrations,2,67.3,2025-07-06 11:53:55
753973,449270,2025-10-27 14:03:27,high,Bug Report,5,9.5,2025-10-27 23:33:27
296839,216101,2025-11-14 08:13:24,normal,Onboarding,3,47.4,2025-11-16 07:37:24
78231,504080,2025-02-20 17:00:59,normal,Integrations,,,
701228,460814,2025-05-30 11:17:17,normal,Bug Report,4,20.4,2025-05-31 07:41:17
429782,892300,2025-07-12 11:26:17,normal,Onboarding,4,39.5,2025-07-14 02:56:17
270331,253221,2025-06-01 16:42:45,normal,Bug Report,5,41.7,2025-06-03 10:24:45
976102,845929,2025-09-11 16:23:26,high,Onboarding,5,20.0,2025-09-12 12:23:26
332602,288393,2025-11-14 16:22:02,normal,Feature Request,5,13.3,2025-11-15 05:40:02
916057,704441,2025-08-19 00:11:50,normal,Billing,4,43.7,2025-08-20 19:53:50
721999,339409,2025-09-20 16:45:16,normal,Bug Report,5,37.7,2025-09-22 06:27:16
833606,647116,2025-08-22 14:55:22,normal,Integrations,,,
986745,713834,2025-01-05 01:06:16,normal,Feature Request,2,36.9,2025-01-06 14:00:16
497633,182564,2025-05-14 11:27:12,normal,Performance,,,
275189,837734,2025-10-24 14:51:51,low,Bug Report,5,73.3,2025-10-27 16:09:51
978060,640065,2025-06-12 15:42:24,normal,Performance,,,
816856,275252,2025-03-23 11:24:44,low,Billing,1,87.3,2025-03-27 02:42:44
924913,491474,2025-10-30 10:12:55,low,Onboarding,5,86.2,2025-11-03 00:24:55
163880,218565,2025-05-07 13:28:55,normal,Performance,4,38.0,2025-05-09 03:28:55
788110,122331,2025-08-12 15:37:52,normal,Performance,3,46.2,2025-08-14 13:49:52
509338,627910,2025-01-17 21:13:50,high,Integrations,4,3.6,2025-01-18 00:49:50
804743,302066,2025-08-30 10:49:45,low,Feature Request,4,22.4,2025-08-31 09:13:45
44461,691620,2025-02-03 14:55:57,high,Integrations,5,8.4,2025-02-03 23:19:57
351603,676603,2025-09-27 23:24:43,normal,Billing,5,18.3,2025-09-28 17:42:43
831148,278618,2025-08-11 01:34:01,low,Billing,5,118.5,2025-08-16 00:04:01
9852,989157,2025-05-13 14:08:36,normal,Feature Request,5,36.5,2025-05-15 02:38:36
202058,378343,2025-07-27 06:00:25,normal,Integrations,3,31.4,2025-07-28 13:24:25
376162,558167,2025-09-16 18:03:43,high,Performance,,,
682774,805099,2025-04-17 10:54:49,low,Bug Report,5,95.3,2025-04-21 10:12:49
317889,918212,2025-09-05 16:44:30,low,Billing,4,85.7,2025-09-09 06:26:30
11066,961826,2025-03-03 08:35:10,normal,Bug Report,3,36.9,2025-03-04 21:29:10
102687,787021,2025-11-24 08:46:33,low,Feature Request,5,127.0,2025-11-29 15:46:33
326014,451700,2025-09-05 11:46:37,low,Billing,,,
334926,776288,2025-03-12 20:46:14,normal,Billing,4,57.8,2025-03-15 06:34:14
207296,314615,2025-02-28 07:26:39,normal,Integrations,,,
192451,796619,2025-01-12 15:09:47,urgent,Performance,2,3.8,2025-01-12 18:57:47
633311,261774,2025-07-27 05:30:46,low,Billing,5,75.2,2025-07-30 08:42:46
37476,820426,2025-10-09 14:31:20,normal,Performance,5,20.3,2025-10-10 10:49:20
533508,428057,2025-08-03 04:23:15,low,Billing,3,44.1,2025-08-05 00:29:15
387762,938137,2025-04-27 05:30:26,normal,Bug Report,3,41.1,2025-04-28 22:36:26
220129,640065,2025-12-02 07:21:40,high,Feature Request,4,4.8,2025-12-02 12:09:40
319134,269785,2025-11-03 16:51:36,high,Bug Report,5,10.8,2025-11-04 03:39:36
25898,961918,2025-11-27 12:06:00,normal,Onboarding,3,28.9,2025-11-28 17:00:00
645283,519899,2025-11-14 02:16:08,low,Onboarding,2,36.1,2025-11-15 14:22:08
900082,564779,2025-04-09 21:36:45,high,Billing,4,8.2,2025-04-10 05:48:45
636121,530957,2025-04-14 08:14:22,high,Bug Report,2,16.1,2025-04-15 00:20:22
203374,218019,2025-02-18 10:55:22,normal,Bug Report,4,22.1,2025-02-19 09:01:22
695844,451634,2025-11-26 05:42:35,low,Feature Request,3,33.6,2025-11-27 15:18:35
843872,640065,2025-06-02 19:14:10,low,Performance,4,31.9,2025-06-04 03:08:10
508829,170008,2025-04-18 13:19:33,normal,Bug Report,2,26.0,2025-04-19 15:19:33
130717,298652,2025-04-23 07:11:47,low,Bug Report,,,
410115,505710,2025-02-19 19:55:11,normal,Integrations,4,24.9,2025-02-20 20:49:11
299731,301959,2025-07-07 10:29:39,normal,Integrations,4,17.0,2025-07-08 03:29:39
272957,713585,2025-10-18 13:22:10,normal,Bug Report,,,
205064,893484,2025-11-18 09:29:22,normal,Performance,5,60.8,2025-11-20 22:17:22
309906,138819,2025-01-07 11:01:13,urgent,Bug Report,5,1.7,2025-01-07 12:43:13
531478,177341,2025-02-09 09:16:24,low,Billing,,,
975474,252079,2025-09-10 16:36:31,normal,Billing,5,5.5,2025-09-10 22:06:31
951552,750386,2025-10-12 23:42:04,normal,Performance,1,32.1,2025-10-14 07:48:04
868434,967279,2025-06-27 13:25:27,urgent,Performance,,,
303589,669720,2025-05-16 12:47:29,normal,Bug Report,4,27.0,2025-05-17 15:47:29
790708,104172,2025-07-31 13:47:00,high,Integrations,2,4.9,2025-07-31 18:41:00
97845,874496,2025-09-15 14:49:41,normal,Integrations,5,17.2,2025-09-16 08:01:41
740891,421775,2025-02-26 11:45:31,normal,Feature Request,5,41.8,2025-02-28 05:33:31
586534,705149,2025-08-24 16:30:51,low,Billing,5,56.1,2025-08-27 00:36:51
235974,784693,2025-03-11 08:34:10,high,Performance,4,18.7,2025-03-12 03:16:10
974611,802565,2025-08-17 18:40:18,normal,Integrations,5,52.1,2025-08-19 22:46:18
902888,661510,2025-08-29 23:08:02,high,Integrations,4,14.5,2025-08-30 13:38:02
740504,650852,2025-01-08 09:22:26,low,Performance,5,95.3,2025-01-12 08:40:26
5455,656283,2025-06-11 22:20:56,high,Integrations,4,8.8,2025-06-12 07:08:56
266186,782122,2025-11-08 14:56:13,normal,Bug Report,2,24.0,2025-11-09 14:56:13
172461,479650,2025-08-22 12:56:53,high,Performance,4,14.9,2025-08-23 03:50:53
824044,679810,2025-09-26 22:25:05,normal,Billing,3,17.5,2025-09-27 15:55:05
967391,391958,2025-07-08 16:19:10,normal,Bug Report,5,64.9,2025-07-11 09:13:10
710846,734042,2025-08-16 08:59:52,high,Feature Request,5,3.9,2025-08-16 12:53:52
679345,292475,2025-02-28 07:03:25,urgent,Feature Request,4,2.1,2025-02-28 09:09:25
878082,644079,2025-04-11 13:19:46,low,Integrations,,,
9801,876153,2025-11-22 15:29:42,normal,Bug Report,5,42.8,2025-11-24 10:17:42
592078,704441,2025-08-18 20:55:40,normal,Integrations,5,18.4,2025-08-19 15:19:40
993186,590704,2025-11-28 10:32:22,low,Integrations,4,88.7,2025-12-02 03:14:22
407078,176599,2025-07-23 08:01:41,normal,Integrations,2,39.1,2025-07-24 23:07:41
653554,757526,2025-12-26 12:08:49,normal,Bug Report,5,49.2,2025-12-28 13:20:49
500668,996819,2025-05-26 14:08:43,high,Onboarding,5,11.3,2025-05-27 01:26:43
391843,232159,2025-09-15 20:33:29,low,Integrations,5,51.3,2025-09-17 23:51:29
60036,228499,2025-07-22 10:44:40,normal,Bug Report,3,36.2,2025-07-23 22:56:40
500319,651891,2025-09-10 15:46:04,normal,Feature Request,5,16.9,2025-09-11 08:40:04
630088,102220,2025-10-18 15:23:41,normal,Onboarding,5,35.3,2025-10-20 02:41:41
513713,530957,2025-01-12 16:55:24,normal,Integrations,5,27.0,2025-01-13 19:55:24
862525,876324,2025-03-25 16:20:25,urgent,Onboarding,4,3.9,2025-03-25 20:14:25
97260,663857,2025-02-10 01:02:12,normal,Onboarding,4,10.3,2025-02-10 11:20:12
366106,441926,2025-08-23 13:26:27,normal,Bug Report,3,51.5,2025-08-25 16:56:27
459824,674609,2025-07-01 10:34:32,normal,Onboarding,4,5.8,2025-07-01 16:22:32
833595,203951,2025-08-14 02:48:28,low,Billing,4,73.1,2025-08-17 03:54:28
100547,263501,2025-10-28 12:19:33,normal,Onboarding,3,32.8,2025-10-29 21:07:33
382330,663683,2025-09-13 18:17:21,normal,Integrations,1,26.5,2025-09-14 20:47:21
10178,110220,2025-05-27 16:26:11,high,Integrations,1,17.4,2025-05-28 09:50:11
156820,244780,2025-04-27 13:41:50,urgent,Feature Request,4,4.4,2025-04-27 18:05:50
138236,236900,2025-11-23 16:08:10,high,Billing,5,11.6,2025-11-24 03:44:10
655428,646333,2025-03-01 09:56:26,high,Bug Report,5,11.3,2025-03-01 21:14:26
637852,969635,2025-06-24 12:35:34,urgent,Integrations,4,5.3,2025-06-24 17:53:34
463317,225448,2025-07-25 10:39:44,normal,Billing,1,16.3,2025-07-26 02:57:44
279223,705867,2025-10-11 11:22:09,low,Feature Request,3,53.1,2025-10-13 16:28:09
712381,110220,2025-04-07 13:07:13,normal,Billing,4,52.4,2025-04-09 17:31:13
197622,925364,2025-12-14 17:26:10,low,Feature Request,5,77.9,2025-12-17 23:20:10
102108,699585,2025-10-11 09:30:03,high,Billing,4,3.5,2025-10-11 13:00:03
656979,560307,2025-04-19 17:13:01,normal,Onboarding,4,53.0,2025-04-21 22:13:01
553389,110861,2025-06-04 08:12:06,normal,Integrations,5,57.2,2025-06-06 17:24:06
438174,488457,2025-10-22 13:11:39,normal,Billing,5,19.2,2025-10-23 08:23:39
609140,523028,2025-05-29 17:04:12,low,Integrations,3,56.4,2025-06-01 01:28:12
540441,236900,2025-08-29 08:52:38,low,Bug Report,4,28.9,2025-08-30 13:46:38
732268,782825,2025-10-17 09:32:16,low,Feature Request,2,113.2,2025-10-22 02:44:16
721443,378343,2025-03-30 07:30:47,normal,Onboarding,4,34.5,2025-03-31 18:00:47
467437,267533,2025-02-06 17:15:19,normal,Integrations,5,35.8,2025-02-08 05:03:19
632159,790366,2025-12-16 12:18:40,low,Bug Report,2,120.9,2025-12-21 13:12:40
951726,992844,2025-06-17 06:20:57,normal,Onboarding,,,
789677,208743,2025-08-15 11:03:29,high,Onboarding,5,6.1,2025-08-15 17:09:29
243030,699585,2025-12-20 14:05:46,low,Bug Report,,,
89446,265516,2025-03-31 08:59:36,low,Feature Request,2,46.6,2025-04-02 07:35:36
456275,966960,2025-03-17 15:53:58,normal,Performance,,,
319431,344893,2025-05-01 09:40:56,normal,Feature Request,4,10.6,2025-05-01 20:16:56
794557,579749,2025-05-22 15:50:25,normal,Feature Request,4,20.3,2025-05-23 12:08:25
429657,515718,2025-08-28 14:24:31,normal,Feature Request,5,45.4,2025-08-30 11:48:31
929276,931016,2025-01-06 09:36:25,high,Billing,,,
979828,911125,2025-10-13 13:00:07,high,Performance,3,11.0,2025-10-14 00:00:07
948593,943067,2025-10-29 14:38:07,normal,Feature Request,5,41.7,2025-10-31 08:20:07
837675,766913,2025-10-14 15:01:50,low,Performance,5,84.9,2025-10-18 03:55:50
361640,115359,2025-10-17 12:38:40,high,Billing,4,12.9,2025-10-18 01:32:40
341538,196472,2025-02-02 08:55:52,normal,Billing,,,
641245,713907,2025-02-24 16:39:28,low,Billing,5,123.5,2025-03-01 20:09:28
677319,104172,2025-07-31 04:26:25,high,Integrations,5,10.6,2025-07-31 15:02:25
618789,393362,2025-10-03 14:00:40,urgent,Integrations,3,4.6,2025-10-03 18:36:40
962306,726509,2025-06-12 12:08:15,low,Bug Report,5,61.1,2025-06-15 01:14:15
928438,724555,2025-03-09 16:21:18,low,Bug Report,4,66.7,2025-03-12 11:03:18
331696,288150,2025-12-01 07:44:41,normal,Bug Report,5,47.6,2025-12-03 07:20:41
319471,675863,2025-05-18 17:57:50,low,Bug Report,1,63.8,2025-05-21 09:45:50
461435,979522,2025-12-17 16:29:26,low,Bug Report,4,144.2,2025-12-23 16:41:26
238528,563161,2025-12-16 10:25:40,low,Billing,4,32.8,2025-12-17 19:13:40
501103,783281,2025-12-14 11:25:27,normal,Feature Request,5,35.9,2025-12-15 23:19:27
194376,877896,2025-10-13 12:28:24,low,Onboarding,5,48.1,2025-10-15 12:34:24
730266,492564,2025-08-25 17:06:33,normal,Bug Report,5,22.7,2025-08-26 15:48:33
679397,359748,2025-12-05 23:59:09,normal,Billing,4,36.0,2025-12-07 11:59:09
528079,747100,2025-09-23 13:26:01,high,Feature Request,3,11.5,2025-09-24 00:56:01
347762,726509,2025-11-21 08:00:35,high,Onboarding,5,19.6,2025-11-22 03:36:35
649783,772806,2025-03-11 17:52:06,high,Onboarding,5,5.5,2025-03-11 23:22:06
581014,363409,2025-09-17 15:55:43,normal,Integrations,,,
806403,424962,2025-10-14 22:12:31,high,Feature Request,4,15.5,2025-10-15 13:42:31
171460,182485,2025-04-15 08:26:41,high,Onboarding,5,8.6,2025-04-15 17:02:41
421644,577783,2025-05-06 03:54:53,normal,Bug Report,5,52.0,2025-05-08 07:54:53
263848,916616,2025-07-13 19:22:19,high,Feature Request,4,3.2,2025-07-13 22:34:19
975750,133243,2025-11-08 10:08:32,low,Feature Request,,,
74349,691620,2025-06-30 16:42:22,normal,Integrations,5,42.3,2025-07-02 11:00:22
689729,661816,2025-10-21 19:54:01,urgent,Billing,2,6.9,2025-10-22 02:48:01
278901,724051,2025-03-18 08:19:37,normal,Integrations,5,25.0,2025-03-19 09:19:37
638619,457960,2025-07-11 21:26:41,low,Onboarding,5,114.9,2025-07-16 16:20:41
357533,693667,2025-06-30 01:48:40,high,Billing,4,12.4,2025-06-30 14:12:40
889842,141893,2025-01-09 09:13:07,low,Integrations,5,80.8,2025-01-12 18:01:07
221871,916616,2025-03-23 11:28:23,low,Bug Report,5,19.7,2025-03-24 07:10:23
477036,240194,2025-07-29 09:22:36,normal,Feature Request,5,5.8,2025-07-29 15:10:36
442516,872833,2025-05-23 15:03:50,high,Bug Report,3,6.6,2025-05-23 21:39:50
401179,105131,2025-09-04 13:06:42,low,Integrations,4,76.0,2025-09-07 17:06:42
243021,351475,2025-01-18 13:11:08,normal,Billing,3,12.4,2025-01-19 01:35:08
672076,769811,2025-04-27 13:10:50,normal,Integrations,5,37.2,2025-04-29 02:22:50
137830,979522,2025-10-20 12:08:44,normal,Integrations,5,36.1,2025-10-22 00:14:44
132544,631003,2025-05-07 15:02:57,low,Performance,4,102.3,2025-05-11 21:20:57
25612,209127,2025-06-05 18:20:43,normal,Bug Report,5,31.5,2025-06-07 01:50:43
10317,436439,2025-03-10 09:51:57,normal,Onboarding,5,35.1,2025-03-11 20:57:57
710135,480190,2025-03-23 14:25:29,normal,Integrations,5,9.6,2025-03-24 00:01:29
914207,488457,2025-12-15 11:05:03,normal,Bug Report,5,56.2,2025-12-17 19:17:03
668986,704625,2025-05-16 15:04:35,urgent,Integrations,,,
575601,493074,2025-10-22 02:30:54,low,Integrations,4,105.9,2025-10-26 12:24:54
457533,176590,2025-06-15 20:47:10,high,Bug Report,4,10.7,2025-06-16 07:29:10
896534,727242,2025-09-03 14:19:36,normal,Performance,5,49.6,2025-09-05 15:55:36
678271,321951,2025-01-01 17:56:35,low,Feature Request,5,76.7,2025-01-04 22:38:35
406287,870241,2025-02-10 16:22:25,normal,Integrations,1,50.9,2025-02-12 19:16:25
928843,550912,2025-01-05 16:50:18,low,Bug Report,4,110.9,2025-01-10 07:44:18
926713,907406,2025-12-23 11:54:10,normal,Onboarding,4,31.1,2025-12-24 19:00:10
631017,870271,2025-04-18 12:25:33,low,Feature Request,4,71.2,2025-04-21 11:37:33
478852,165039,2025-12-04 10:19:22,normal,Bug Report,5,54.0,2025-12-06 16:19:22
209360,892300,2025-08-11 14:23:40,normal,Performance,3,50.8,2025-08-13 17:11:40
107016,556047,2025-02-02 09:08:16,normal,Onboarding,,,
868770,236391,2025-09-05 09:17:04,urgent,Integrations,1,2.3,2025-09-05 11:35:04
728147,205204,2025-09-17 15:00:38,normal,Integrations,4,62.2,2025-09-20 05:12:38
183636,734042,2025-01-09 14:07:23,normal,Integrations,4,54.3,2025-01-11 20:25:23
320701,750844,2025-05-01 22:36:21,low,Billing,3,64.3,2025-05-04 14:54:21
444294,651891,2025-02-06 14:30:23,normal,Feature Request,4,26.1,2025-02-07 16:36:23
302169,982749,2025-02-08 14:17:53,high,Feature Request,5,11.6,2025-02-09 01:53:53
680356,431016,2025-09-02 17:27:53,normal,Onboarding,3,51.9,2025-09-04 21:21:53
696034,813618,2025-07-28 18:55:03,high,Performance,,,
156539,186866,2025-04-04 03:59:59,high,Feature Request,5,3.6,2025-04-04 07:35:59
912616,368540,2025-07-27 17:36:10,normal,Performance,,,
796622,313943,2025-04-22 06:44:36,normal,Onboarding,5,37.5,2025-04-23 20:14:36
529583,182564,2025-07-10 10:31:20,low,Feature Request,4,134.7,2025-07-16 01:13:20
645582,831303,2025-04-17 10:28:12,low,Integrations,5,69.0,2025-04-20 07:28:12
276413,347163,2025-05-08 13:01:30,high,Billing,1,5.6,2025-05-08 18:37:30
954177,574768,2025-08-26 08:00:38,normal,Billing,5,42.9,2025-08-28 02:54:38
832806,649882,2025-10-23 11:59:21,normal,Integrations,5,38.6,2025-10-25 02:35:21
30668,199248,2025-08-22 20:39:55,normal,Performance,4,36.8,2025-08-24 09:27:55
448791,179746,2025-05-24 17:45:24,high,Onboarding,4,15.8,2025-05-25 09:33:24
193511,262565,2025-03-23 05:37:52,low,Onboarding,2,60.3,2025-03-25 17:55:52
594987,722037,2025-03-09 16:04:43,urgent,Billing,2,1.8,2025-03-09 17:52:43
784619,304113,2025-11-14 09:22:20,normal,Bug Report,4,37.5,2025-11-15 22:52:20
715002,269978,2025-04-11 09:10:43,low,Integrations,5,101.4,2025-04-15 14:34:43
923838,651891,2025-06-21 15:41:06,normal,Integrations,3,36.6,2025-06-23 04:17:06
502525,301501,2025-02-15 14:14:19,normal,Billing,4,18.1,2025-02-16 08:20:19
340567,985162,2025-08-29 05:06:49,normal,Bug Report,4,39.4,2025-08-30 20:30:49
26196,685576,2025-08-15 14:55:42,normal,Onboarding,2,52.5,2025-08-17 19:25:42
561812,223459,2025-06-27 09:59:18,high,Integrations,4,3.8,2025-06-27 13:47:18
432453,646915,2025-05-05 16:09:24,normal,Feature Request,4,40.5,2025-05-07 08:39:24
9303,912127,2025-12-12 15:12:12,low,Bug Report,2,131.1,2025-12-18 02:18:12
27608,332026,2025-04-26 11:31:19,low,Bug Report,5,66.8,2025-04-29 06:19:19
80688,177009,2025-05-15 13:21:44,normal,Billing,1,50.6,2025-05-17 15:57:44
10905,260951,2025-10-21 08:10:07,normal,Bug Report,4,31.6,2025-10-22 15:46:07
308486,603307,2025-11-06 10:11:05,urgent,Onboarding,1,5.1,2025-11-06 15:17:05
910538,548818,2025-07-30 14:10:06,high,Integrations,5,20.9,2025-07-31 11:04:06
151074,930786,2025-04-05 16:26:58,normal,Integrations,,,
794183,686652,2025-12-23 00:26:02,normal,Bug Report,,,
657658,900536,2025-07-25 11:45:40,normal,Onboarding,5,33.1,2025-07-26 20:51:40
762312,832087,2025-10-01 08:32:37,normal,Integrations,4,44.6,2025-10-03 05:08:37
521892,393362,2025-02-01 15:03:38,low,Bug Report,3,137.3,2025-02-07 08:21:38
315471,339409,2025-09-21 22:31:15,low,Integrations,4,78.3,2025-09-25 04:49:15
623310,890103,2025-08-14 05:45:34,high,Integrations,4,7.8,2025-08-14 13:33:34
914579,143529,2025-03-20 15:33:25,urgent,Integrations,5,1.6,2025-03-20 17:09:25
485574,836507,2025-04-19 16:50:05,low,Billing,4,29.5,2025-04-20 22:20:05
907742,196472,2025-03-26 11:37:48,high,Integrations,5,16.4,2025-03-27 04:01:48
588834,278077,2025-06-04 12:25:46,low,Feature Request,3,130.7,2025-06-09 23:07:46
756735,262565,2025-03-23 12:18:36,urgent,Performance,3,3.2,2025-03-23 15:30:36
917609,479650,2025-08-31 09:34:10,normal,Performance,3,63.9,2025-09-03 01:28:10
151945,769395,2025-10-16 16:03:22,normal,Integrations,4,10.6,2025-10-17 02:39:22
292525,901602,2025-05-13 17:02:06,normal,Integrations,3,42.8,2025-05-15 11:50:06
989592,873654,2025-10-03 11:31:49,low,Performance,2,98.9,2025-10-07 14:25:49
480340,492337,2025-09-27 02:40:08,high,Integrations,4,13.3,2025-09-27 15:58:08
298328,806501,2025-11-21 14:01:15,low,Feature Request,5,124.9,2025-11-26 18:55:15
61422,473143,2025-12-27 00:14:34,low,Performance,,,
568963,202107,2025-06-25 16:48:04,high,Integrations,5,18.4,2025-06-26 11:12:04
321776,356856,2025-08-29 09:16:23,low,Integrations,5,41.0,2025-08-31 02:16:23
254792,599502,2025-02-14 10:20:03,low,Onboarding,3,81.2,2025-02-17 19:32:03
657720,810858,2025-01-30 11:35:32,low,Bug Report,,,
354481,125160,2025-09-14 02:16:05,normal,Bug Report,4,39.8,2025-09-15 18:04:05
478150,701732,2025-07-11 07:18:26,normal,Integrations,5,30.9,2025-07-12 14:12:26
140812,271313,2025-12-23 14:10:04,urgent,Integrations,5,6.6,2025-12-23 20:46:04
240631,318162,2025-10-10 09:15:57,low,Billing,1,111.6,2025-10-15 00:51:57
97146,304962,2025-04-29 15:15:26,normal,Bug Report,5,37.5,2025-05-01 04:45:26
603340,189580,2025-08-15 15:36:18,low,Bug Report,5,37.4,2025-08-17 05:00:18
554517,395744,2025-03-05 07:05:35,low,Billing,5,63.8,2025-03-07 22:53:35
941637,172478,2025-12-21 16:28:22,low,Onboarding,5,89.8,2025-12-25 10:16:22
944204,379292,2025-05-28 06:18:30,normal,Performance,5,48.4,2025-05-30 06:42:30
279976,590704,2025-03-17 21:16:26,normal,Feature Request,5,43.5,2025-03-19 16:46:26
768412,605260,2025-06-30 15:07:18,urgent,Performance,2,4.6,2025-06-30 19:43:18
441488,624539,2025-01-01 08:30:47,high,Performance,5,9.9,2025-01-01 18:24:47
422409,560307,2025-01-01 09:07:37,urgent,Onboarding,4,1.7,2025-01-01 10:49:37
876164,269054,2025-07-07 16:25:04,normal,Performance,4,17.0,2025-07-08 09:25:04
831644,345955,2025-12-08 09:08:55,low,Integrations,5,30.7,2025-12-09 15:50:55
607564,139506,2025-08-12 09:36:59,urgent,Billing,4,6.2,2025-08-12 15:48:59
37936,689786,2025-06-10 16:55:29,low,Bug Report,5,44.9,2025-06-12 13:49:29
260077,181156,2025-03-30 16:28:32,low,Billing,4,111.0,2025-04-04 07:28:32
129226,460814,2025-01-15 17:58:25,low,Billing,5,19.9,2025-01-16 13:52:25
240166,950543,2025-11-05 17:48:58,low,Bug Report,4,36.9,2025-11-07 06:42:58
121590,557985,2025-11-26 09:23:45,low,Bug Report,4,82.2,2025-11-29 19:35:45
679522,505397,2025-07-03 12:51:55,normal,Integrations,2,24.0,2025-07-04 12:51:55
944392,664752,2025-07-21 17:54:41,normal,Billing,3,19.5,2025-07-22 13:24:41
462549,591371,2025-08-30 22:46:32,urgent,Feature Request,4,5.2,2025-08-31 03:58:32
843677,726509,2025-03-16 11:30:45,normal,Onboarding,4,33.2,2025-03-17 20:42:45
267666,298048,2025-05-13 11:22:22,high,Bug Report,4,19.1,2025-05-14 06:28:22
119393,858842,2025-03-18 12:46:27,normal,Performance,,,
415455,194356,2025-08-23 16:12:11,normal,Performance,5,65.3,2025-08-26 09:30:11
518439,603274,2025-07-11 12:55:19,high,Integrations,,,
841079,831303,2025-08-18 17:26:21,urgent,Integrations,5,4.4,2025-08-18 21:50:21
181951,819946,2025-10-02 18:03:20,high,Integrations,1,4.2,2025-10-02 22:15:20
933650,201370,2025-01-07 08:57:21,normal,Integrations,5,36.5,2025-01-08 21:27:21
683780,241116,2025-12-17 08:43:23,normal,Performance,5,36.3,2025-12-18 21:01:23
320251,145787,2025-04-02 10:23:50,normal,Integrations,3,42.7,2025-04-04 05:05:50
117308,358368,2025-03-20 09:12:21,normal,Integrations,5,51.3,2025-03-22 12:30:21
675834,216530,2025-06-02 13:21:49,low,Integrations,4,126.6,2025-06-07 19:57:49
366212,651612,2025-08-24 07:51:59,normal,Bug Report,5,59.1,2025-08-26 18:57:59
504557,555768,2025-04-08 07:54:13,low,Billing,2,29.3,2025-04-09 13:12:13
389946,975101,2025-07-07 23:19:30,normal,Bug Report,1,11.6,2025-07-08 10:55:30
628349,164080,2025-12-04 13:31:24,normal,Billing,4,65.8,2025-12-07 07:19:24
6148,437273,2025-02-23 09:36:01,high,Performance,5,11.8,2025-02-23 21:24:01
222856,177009,2025-06-13 04:39:49,low,Performance,5,72.9,2025-06-16 05:33:49
573457,799789,2025-08-25 21:52:31,normal,Billing,1,40.6,2025-08-27 14:28:31
930368,436381,2025-07-08 03:22:41,normal,Performance,,,
203215,902662,2025-09-08 02:23:54,low,Integrations,5,50.4,2025-09-10 04:47:54
725639,724555,2025-09-10 15:29:34,normal,Integrations,,,
298324,102347,2025-11-02 08:36:35,normal,Billing,4,13.6,2025-11-02 22:12:35
152223,291292,2025-07-08 14:43:06,urgent,Billing,5,4.7,2025-07-08 19:25:06
39790,996819,2025-06-01 09:56:50,normal,Performance,3,44.9,2025-06-03 06:50:50
688841,946742,2025-10-17 14:20:48,normal,Bug Report,5,51.9,2025-10-19 18:14:48
470750,805850,2025-11-05 15:50:42,normal,Onboarding,,,
449878,640065,2025-05-13 15:27:17,normal,Integrations,5,49.5,2025-05-15 16:57:17
329575,796619,2025-04-24 12:18:31,normal,Performance,4,44.4,2025-04-26 08:42:31
877401,664752,2025-03-19 05:55:55,normal,Billing,4,40.8,2025-03-20 22:43:55
427965,574768,2025-03-20 21:54:43,normal,Performance,5,26.5,2025-03-22 00:24:43
559693,907943,2025-10-19 10:25:57,high,Bug Report,2,11.9,2025-10-19 22:19:57
884596,995264,2025-06-03 09:59:48,normal,Billing,4,41.1,2025-06-05 03:05:48
553568,761986,2025-11-05 12:14:43,urgent,Feature Request,5,3.0,2025-11-05 15:14:43
38104,823375,2025-08-05 00:42:54,low,Integrations,5,55.0,2025-08-07 07:42:54
851464,791209,2025-05-09 20:00:05,normal,Integrations,5,18.3,2025-05-10 14:18:05
771935,302066,2025-06-13 07:42:43,high,Onboarding,5,11.1,2025-06-13 18:48:43
517930,170417,2025-09-10 08:55:31,normal,Onboarding,5,14.8,2025-09-10 23:43:31
960463,278077,2025-07-22 15:12:10,low,Billing,3,65.0,2025-07-25 08:12:10
852390,540658,2025-09-30 16:48:30,low,Onboarding,4,41.2,2025-10-02 10:00:30
973862,641276,2025-05-04 04:30:05,normal,Billing,4,50.9,2025-05-06 07:24:05
578484,721049,2025-03-20 09:04:35,normal,Billing,3,26.4,2025-03-21 11:28:35
918559,938120,2025-04-24 14:06:05,high,Onboarding,5,9.1,2025-04-24 23:12:05
721705,954668,2025-08-18 15:01:11,low,Feature Request,3,26.8,2025-08-19 17:49:11
924380,705149,2025-06-01 14:40:28,low,Bug Report,4,77.4,2025-06-04 20:04:28
651810,978965,2025-12-19 15:35:39,low,Integrations,4,82.0,2025-12-23 01:35:39
415424,110911,2025-12-19 11:39:09,normal,Bug Report,5,17.0,2025-12-20 04:39:09
124837,404963,2025-07-01 14:52:36,low,Feature Request,5,57.1,2025-07-03 23:58:36
244690,669363,2025-10-24 07:59:14,low,Integrations,4,82.7,2025-10-27 18:41:14
788628,440025,2025-03-02 06:31:06,low,Billing,,,
328662,996819,2025-03-18 09:02:57,normal,Bug Report,2,55.8,2025-03-20 16:50:57
806906,556479,2025-01-02 12:54:30,normal,Bug Report,5,60.6,2025-01-05 01:30:30
368017,359105,2025-05-20 13:28:55,normal,Performance,5,65.5,2025-05-23 06:58:55
789201,651891,2025-10-21 14:10:17,low,Integrations,5,52.5,2025-10-23 18:40:17
426969,708315,2025-05-26 14:43:43,normal,Bug Report,4,28.2,2025-05-27 18:55:43
856042,858507,2025-09-10 15:20:33,normal,Bug Report,4,25.4,2025-09-11 16:44:33
237394,881378,2025-04-06 14:52:25,normal,Onboarding,1,67.8,2025-04-09 10:40:25
521920,838808,2025-12-16 12:46:37,low,Bug Report,2,127.6,2025-12-21 20:22:37
605094,143805,2025-05-04 23:31:27,high,Integrations,,,
44705,470193,2025-01-30 15:38:05,urgent,Billing,5,1.2,2025-01-30 16:50:05
508714,925203,2025-11-29 11:36:36,normal,Bug Report,4,65.5,2025-12-02 05:06:36
814733,837734,2025-09-23 14:23:26,low,Onboarding,5,107.6,2025-09-28 01:59:26
530358,618152,2025-08-29 18:20:26,normal,Billing,5,10.5,2025-08-30 04:50:26
30129,315118,2025-05-18 13:42:19,normal,Integrations,5,21.3,2025-05-19 11:00:19
247020,607403,2025-11-05 07:20:15,urgent,Performance,5,4.7,2025-11-05 12:02:15
750578,235164,2025-02-04 14:42:27,high,Onboarding,5,16.5,2025-02-05 07:12:27
392262,519899,2025-06-01 08:42:29,normal,Bug Report,4,55.2,2025-06-03 15:54:29
228830,908690,2025-04-16 22:03:28,normal,Onboarding,5,11.4,2025-04-17 09:27:28
3765,817805,2025-10-17 07:35:45,low,Billing,3,36.9,2025-10-18 20:29:45
783070,823165,2025-05-21 17:34:17,normal,Bug Report,4,53.5,2025-05-23 23:04:17
196281,407884,2025-10-12 09:27:12,high,Billing,4,16.6,2025-10-13 02:03:12
231097,512181,2025-11-03 08:35:21,low,Billing,4,93.0,2025-11-07 05:35:21
880062,877896,2025-02-21 15:02:32,low,Performance,4,36.0,2025-02-23 03:02:32
758648,871334,2025-10-25 09:50:14,urgent,Bug Report,4,5.3,2025-10-25 15:08:14
537414,196472,2025-12-13 14:04:12,urgent,Integrations,5,4.3,2025-12-13 18:22:12
703430,245270,2025-06-22 13:18:45,high,Bug Report,4,6.3,2025-06-22 19:36:45
410227,823165,2025-06-26 09:02:58,normal,Integrations,5,42.8,2025-06-28 03:50:58
141784,962615,2025-03-21 10:08:19,urgent,Bug Report,4,4.9,2025-03-21 15:02:19
155312,729499,2025-03-10 15:45:20,normal,Billing,4,28.3,2025-03-11 20:03:20
206106,197488,2025-07-03 06:30:30,low,Bug Report,4,37.5,2025-07-04 20:00:30
145150,938120,2025-02-11 16:08:23,low,Integrations,2,25.7,2025-02-12 17:50:23
586313,283866,2025-07-08 14:38:50,low,Bug Report,5,59.8,2025-07-11 02:26:50
61741,376354,2025-06-21 14:10:33,low,Bug Report,5,61.0,2025-06-24 03:10:33
195463,537253,2025-11-08 11:47:00,low,Integrations,4,50.4,2025-11-10 14:11:00
304032,125807,2025-06-27 17:53:28,urgent,Onboarding,4,3.7,2025-06-27 21:35:28
530260,299619,2025-01-25 13:22:03,normal,Performance,4,21.4,2025-01-26 10:46:03
52177,203708,2025-10-28 12:16:50,normal,Performance,5,42.8,2025-10-30 07:04:50
103863,237614,2025-01-08 11:11:17,normal,Bug Report,5,26.3,2025-01-09 13:29:17
848689,147475,2025-02-15 14:52:34,low,Performance,4,54.5,2025-02-17 21:22:34
493615,288393,2025-04-08 10:54:40,high,Feature Request,5,3.9,2025-04-08 14:48:40
403810,917868,2025-09-23 13:20:26,high,Performance,5,7.3,2025-09-23 20:38:26
881816,190126,2025-12-18 11:08:16,high,Feature Request,,,
238077,255136,2025-01-09 08:21:55,low,Feature Request,3,78.0,2025-01-12 14:21:55
749063,460814,2025-05-02 12:51:51,low,Feature Request,3,80.5,2025-05-05 21:21:51
485249,951550,2025-02-08 13:21:45,low,Bug Report,4,26.4,2025-02-09 15:45:45
996968,789095,2025-10-11 12:23:50,normal,Bug Report,3,30.7,2025-10-12 19:05:50
85575,189580,2025-05-01 07:27:58,normal,Feature Request,5,44.5,2025-05-03 03:57:58
333292,203708,2025-09-06 17:07:02,normal,Billing,4,42.3,2025-09-08 11:25:02
93756,557985,2025-02-21 15:55:11,normal,Billing,1,58.4,2025-02-24 02:19:11
240347,723768,2025-11-24 10:49:19,low,Performance,5,116.1,2025-11-29 06:55:19
725161,591371,2025-08-31 14:41:18,urgent,Integrations,,,
153420,549976,2025-12-04 10:51:38,high,Integrations,,,
324035,393362,2025-11-13 16:40:57,high,Billing,3,20.8,2025-11-14 13:28:57
823958,358468,2025-02-18 19:06:39,high,Bug Report,5,9.9,2025-02-19 05:00:39
545748,292475,2025-07-26 17:24:18,normal,Billing,,,
84236,511241,2025-07-03 10:53:58,normal,Billing,5,39.2,2025-07-05 02:05:58
314894,667992,2025-09-02 21:59:52,normal,Integrations,4,39.0,2025-09-04 12:59:52
433743,952233,2025-05-01 13:25:21,high,Integrations,,,
112943,717660,2025-09-19 15:30:51,high,Feature Request,5,2.8,2025-09-19 18:18:51
797074,362956,2025-09-24 05:37:31,normal,Onboarding,2,28.1,2025-09-25 09:43:31
882547,553479,2025-03-13 11:25:11,normal,Integrations,2,52.7,2025-03-15 16:07:11
287393,409157,2025-05-29 14:10:02,normal,Performance,5,41.7,2025-05-31 07:52:02
565524,487099,2025-05-25 08:02:52,high,Onboarding,5,15.6,2025-05-25 23:38:52
937986,178553,2025-02-18 11:26:41,low,Onboarding,4,31.1,2025-02-19 18:32:41
78608,686117,2025-10-03 17:56:00,high,Billing,5,7.3,2025-10-04 01:14:00
731136,133440,2025-09-07 10:49:52,normal,Integrations,5,50.4,2025-09-09 13:13:52
150402,298048,2025-04-24 13:12:21,normal,Onboarding,5,17.4,2025-04-25 06:36:21
57627,914638,2025-10-04 16:24:42,normal,Bug Report,,,
977513,964514,2025-04-29 15:24:46,normal,Integrations,2,34.6,2025-05-01 02:00:46
135307,520785,2025-12-24 16:43:01,normal,Billing,5,54.8,2025-12-26 23:31:01
328386,660322,2025-10-12 22:46:05,low,Billing,,,
787636,208743,2025-09-04 15:41:13,low,Bug Report,2,124.5,2025-09-09 20:11:13
824413,200323,2025-11-07 05:32:09,normal,Billing,4,39.4,2025-11-08 20:56:09
161966,523028,2025-02-22 11:33:32,high,Performance,5,13.8,2025-02-23 01:21:32
210397,479242,2025-08-28 20:38:16,low,Billing,4,86.4,2025-09-01 11:02:16
821277,280606,2025-03-31 09:14:20,low,Performance,5,62.5,2025-04-02 23:44:20
132900,973987,2025-08-03 11:14:56,normal,Integrations,4,9.2,2025-08-03 20:26:56
175317,675202,2025-12-18 16:18:21,normal,Integrations,5,50.6,2025-12-20 18:54:21
199846,834134,2025-12-12 22:55:28,high,Feature Request,4,5.9,2025-12-13 04:49:28
220173,333840,2025-06-18 11:09:03,normal,Integrations,5,39.7,2025-06-20 02:51:03
397509,910761,2025-08-26 09:19:58,high,Performance,3,17.6,2025-08-27 02:55:58
31601,321951,2025-08-27 05:14:25,normal,Integrations,4,34.1,2025-08-28 15:20:25
928395,173985,2025-03-28 18:45:20,normal,Integrations,,,
740347,744444,2025-06-05 08:10:11,normal,Billing,5,29.1,2025-06-06 13:16:11
148496,359578,2025-09-02 13:45:10,normal,Integrations,3,63.0,2025-09-05 04:45:10
290546,729870,2025-12-12 14:45:26,normal,Billing,,,
752583,768839,2025-09-17 16:38:49,normal,Integrations,,,
917763,440025,2025-09-23 08:44:20,normal,Onboarding,1,32.6,2025-09-24 17:20:20
708954,836465,2025-06-14 14:07:15,normal,Feature Request,4,42.0,2025-06-16 08:07:15
381568,431648,2025-11-25 22:19:10,normal,Performance,,,
285493,299049,2025-07-28 07:42:16,low,Onboarding,4,86.7,2025-07-31 22:24:16
88217,301501,2025-06-22 09:56:43,normal,Billing,5,21.1,2025-06-23 07:02:43
863332,341901,2025-02-11 14:12:46,low,Performance,4,53.5,2025-02-13 19:42:46
580647,424994,2025-11-16 07:24:17,high,Feature Request,2,10.4,2025-11-16 17:48:17
613964,954668,2025-06-03 13:46:05,normal,Billing,4,21.1,2025-06-04 10:52:05
380970,208561,2025-06-14 11:31:05,low,Integrations,5,53.9,2025-06-16 17:25:05
734875,171084,2025-08-29 14:25:58,normal,Integrations,4,6.1,2025-08-29 20:31:58
883108,766913,2025-10-12 13:17:18,high,Performance,5,14.1,2025-10-13 03:23:18
754920,157315,2025-02-18 23:21:46,high,Onboarding,5,3.7,2025-02-19 03:03:46
829551,412093,2025-11-26 15:52:12,low,Billing,3,98.2,2025-11-30 18:04:12
446258,173985,2025-09-14 06:23:33,normal,Feature Request,5,21.5,2025-09-15 03:53:33
405779,368540,2025-04-11 17:02:38,urgent,Integrations,1,6.2,2025-04-11 23:14:38
618710,359748,2025-11-18 06:33:07,low,Onboarding,5,46.3,2025-11-20 04:51:07
621281,436439,2025-11-26 10:33:36,low,Billing,3,21.7,2025-11-27 08:15:36
816435,119663,2025-03-26 11:40:01,normal,Performance,3,54.4,2025-03-28 18:04:01
839393,865573,2025-06-26 12:58:05,normal,Integrations,5,48.6,2025-06-28 13:34:05
999884,560307,2025-05-02 14:26:32,normal,Billing,5,22.6,2025-05-03 13:02:32
392180,301920,2025-09-11 15:56:02,normal,Integrations,3,41.7,2025-09-13 09:38:02
107343,593883,2025-05-13 19:45:45,normal,Integrations,5,14.3,2025-05-14 10:03:45
914498,746335,2025-08-02 11:59:49,low,Integrations,4,13.6,2025-08-03 01:35:49
857751,696751,2025-01-27 13:00:00,high,Performance,5,11.6,2025-01-28 00:36:00
385591,624539,2025-11-12 23:32:18,normal,Integrations,,,
701005,269728,2025-04-16 08:27:09,normal,Integrations,4,11.7,2025-04-16 20:09:09
560285,839782,2025-09-21 08:38:56,high,Integrations,4,17.1,2025-09-22 01:44:56
813742,361379,2025-06-12 07:11:02,normal,Performance,5,51.3,2025-06-14 10:29:02
239588,318214,2025-08-24 07:11:17,normal,Onboarding,,,
33847,221718,2025-09-08 00:28:59,low,Billing,,,
209144,329586,2025-05-24 07:20:02,urgent,Onboarding,2,3.4,2025-05-24 10:44:02
261742,372638,2025-03-28 07:49:35,normal,Billing,4,37.6,2025-03-29 21:25:35
651558,290492,2025-05-23 09:08:55,normal,Bug Report,,,
397873,247003,2025-04-28 18:14:07,low,Bug Report,3,53.7,2025-04-30 23:56:07
504907,741646,2025-07-15 12:49:45,normal,Feature Request,5,58.3,2025-07-17 23:07:45
20416,430738,2025-01-15 13:34:23,low,Billing,4,69.2,2025-01-18 10:46:23
334047,673856,2025-06-16 09:09:52,normal,Billing,4,21.1,2025-06-17 06:15:52
925745,792694,2025-06-28 06:47:24,low,Onboarding,5,56.9,2025-06-30 15:41:24
176884,515718,2025-05-22 09:15:10,low,Bug Report,4,59.7,2025-05-24 20:57:10
357654,301631,2025-06-20 07:59:17,low,Integrations,5,49.9,2025-06-22 09:53:17
484212,462096,2025-01-08 18:59:38,low,Integrations,,,
450201,909740,2025-06-10 10:08:24,low,Bug Report,5,127.2,2025-06-15 17:20:24
592964,597592,2025-08-02 09:54:24,high,Billing,5,10.7,2025-08-02 20:36:24
587532,412644,2025-12-25 16:42:02,high,Performance,3,10.0,2025-12-26 02:42:02
739428,170254,2025-08-05 19:25:43,normal,Integrations,3,63.6,2025-08-08 11:01:43
896938,445138,2025-02-21 16:03:54,normal,Feature Request,,,
732400,692863,2025-01-21 08:27:50,normal,Billing,5,59.6,2025-01-23 20:03:50
406721,558918,2025-11-17 19:08:42,normal,Bug Report,4,56.5,2025-11-20 03:38:42
769177,782825,2025-07-03 09:57:36,normal,Integrations,5,20.4,2025-07-04 06:21:36
27038,526700,2025-10-24 10:54:27,high,Bug Report,5,15.9,2025-10-25 02:48:27
380879,372638,2025-11-18 10:22:25,normal,Billing,4,56.4,2025-11-20 18:46:25
501015,269555,2025-11-22 12:18:14,high,Integrations,4,8.1,2025-11-22 20:24:14
991974,942304,2025-07-11 12:06:07,low,Feature Request,4,123.1,2025-07-16 15:12:07
586290,553479,2025-02-24 13:40:31,low,Billing,4,99.5,2025-02-28 17:10:31
269717,466834,2025-01-27 12:10:04,high,Performance,2,9.6,2025-01-27 21:46:04
930329,479390,2025-07-26 10:55:38,normal,Billing,5,23.1,2025-07-27 10:01:38
363040,661816,2025-02-14 16:04:12,normal,Billing,,,
834149,386921,2025-09-09 16:18:43,normal,Billing,,,
424201,441926,2025-11-21 16:34:56,normal,Integrations,5,25.3,2025-11-22 17:52:56
745406,526700,2025-06-25 21:39:38,urgent,Integrations,4,3.1,2025-06-26 00:45:38
300965,228677,2025-05-02 14:10:13,high,Integrations,5,15.5,2025-05-03 05:40:13
384091,444888,2025-05-17 08:18:36,low,Integrations,5,56.8,2025-05-19 17:06:36
583196,914996,2025-12-04 07:38:12,low,Onboarding,4,96.7,2025-12-08 08:20:12
801880,143122,2025-09-09 18:38:05,low,Integrations,4,74.5,2025-09-12 21:08:05
881931,782825,2025-10-07 17:58:21,low,Feature Request,5,136.9,2025-10-13 10:52:21
819804,143805,2025-05-04 21:33:28,normal,Bug Report,1,28.4,2025-05-06 01:57:28
44776,899547,2025-11-17 19:29:22,high,Performance,4,5.9,2025-11-18 01:23:22
550717,203951,2025-07-24 14:15:57,high,Integrations,5,20.5,2025-07-25 10:45:57
32748,952954,2025-03-29 13:01:35,low,Billing,5,140.5,2025-04-04 09:31:35
743948,566579,2025-06-03 15:20:22,low,Onboarding,4,45.1,2025-06-05 12:26:22
315984,552380,2025-02-05 02:02:51,normal,Feature Request,5,21.4,2025-02-05 23:26:51
697110,832087,2025-05-18 11:44:20,low,Onboarding,3,58.7,2025-05-20 22:26:20
862790,441792,2025-03-25 13:22:51,low,Onboarding,,,
73541,110911,2025-08-17 08:48:49,normal,Billing,3,57.2,2025-08-19 18:00:49
854279,863338,2025-10-15 14:04:32,high,Billing,5,15.0,2025-10-16 05:04:32
584228,550912,2025-01-21 16:25:19,normal,Onboarding,,,
205160,618152,2025-08-30 04:29:46,high,Bug Report,4,3.4,2025-08-30 07:53:46
110239,115359,2025-11-07 23:11:32,high,Feature Request,5,3.8,2025-11-08 02:59:32
537149,935611,2025-09-19 08:56:16,low,Bug Report,5,100.8,2025-09-23 13:44:16
533918,902662,2025-09-08 19:04:05,high,Billing,3,5.3,2025-09-09 00:22:05
512479,892300,2025-07-26 11:53:58,low,Onboarding,3,60.9,2025-07-29 00:47:58
586039,552380,2025-05-19 07:42:07,high,Feature Request,3,19.4,2025-05-20 03:06:07
109306,417940,2025-07-08 10:05:41,high,Performance,5,5.6,2025-07-08 15:41:41
458018,550912,2025-08-28 15:35:11,normal,Performance,,,
146579,757349,2025-07-23 13:14:08,normal,Billing,5,10.9,2025-07-24 00:08:08
476309,177341,2025-07-13 14:33:33,normal,Feature Request,2,36.8,2025-07-15 03:21:33
552732,774503,2025-10-24 07:12:34,normal,Integrations,5,38.7,2025-10-25 21:54:34
67265,157411,2025-11-30 09:16:22,normal,Integrations,1,35.9,2025-12-01 21:10:22
34454,173985,2025-04-19 10:12:52,high,Integrations,5,4.6,2025-04-19 14:48:52
376473,734926,2025-12-18 14:14:42,high,Performance,1,16.5,2025-12-19 06:44:42
969840,320794,2025-07-12 20:01:38,low,Billing,4,91.9,2025-07-16 15:55:38
99181,201370,2025-03-30 08:58:29,normal,Billing,5,8.7,2025-03-30 17:40:29
973631,255136,2025-04-18 11:26:33,normal,Billing,5,15.5,2025-04-19 02:56:33
17391,691462,2025-01-20 19:14:27,high,Billing,5,17.7,2025-01-21 12:56:27
505187,805099,2025-04-13 09:28:00,high,Onboarding,1,8.5,2025-04-13 17:58:00
972412,735377,2025-11-25 15:52:43,high,Billing,,,
797490,785078,2025-03-04 11:05:29,high,Feature Request,4,12.1,2025-03-04 23:11:29
14520,872118,2025-02-24 01:11:35,normal,Billing,5,58.0,2025-02-26 11:11:35
264079,742562,2025-06-27 13:59:58,normal,Integrations,5,39.3,2025-06-29 05:17:58
84381,286547,2025-12-16 12:59:49,normal,Onboarding,,,
594134,962759,2025-09-29 11:53:36,normal,Bug Report,1,21.3,2025-09-30 09:11:36
136568,421775,2025-07-04 18:20:07,high,Billing,5,10.4,2025-07-05 04:44:07
196133,961918,2025-12-15 14:35:10,normal,Integrations,3,23.5,2025-12-16 14:05:10
755885,842629,2025-06-17 14:43:31,normal,Onboarding,5,50.1,2025-06-19 16:49:31
152566,649261,2025-05-27 17:56:30,urgent,Onboarding,2,4.5,2025-05-27 22:26:30
927596,836507,2025-02-05 06:49:35,low,Bug Report,5,50.1,2025-02-07 08:55:35
98216,200323,2025-11-03 15:43:10,low,Onboarding,5,125.6,2025-11-08 21:19:10
695688,170008,2025-11-14 10:07:19,low,Bug Report,5,44.5,2025-11-16 06:37:19
141133,564779,2025-04-10 15:38:02,normal,Feature Request,5,56.7,2025-04-13 00:20:02
61452,549976,2025-10-13 02:03:44,normal,Integrations,4,28.2,2025-10-14 06:15:44
390995,543184,2025-12-18 07:55:33,high,Feature Request,5,15.9,2025-12-18 23:49:33
171867,178553,2025-04-15 16:47:00,normal,Billing,4,15.0,2025-04-16 07:47:00
935610,865573,2025-05-13 09:50:58,normal,Integrations,4,36.9,2025-05-14 22:44:58
717685,499701,2025-01-24 15:23:06,high,Onboarding,5,10.8,2025-01-25 02:11:06
426144,561696,2025-11-21 21:11:08,normal,Bug Report,,,
111976,331341,2025-09-11 08:58:17,low,Bug Report,,,
334297,437273,2025-06-29 08:45:23,high,Billing,4,13.5,2025-06-29 22:15:23
408077,111936,2025-05-07 14:07:49,urgent,Integrations,4,4.0,2025-05-07 18:07:49
493218,749288,2025-03-26 10:37:39,low,Integrations,4,69.8,2025-03-29 08:25:39
669126,928274,2025-06-26 08:16:44,urgent,Bug Report,5,4.1,2025-06-26 12:22:44
225129,114026,2025-06-22 05:56:33,normal,Feature Request,1,15.5,2025-06-22 21:26:33
504841,550331,2025-07-23 09:27:14,normal,Integrations,5,28.3,2025-07-24 13:45:14
733633,106212,2025-10-20 13:03:42,low,Feature Request,1,119.5,2025-10-25 12:33:42
573856,517173,2025-06-13 13:06:14,high,Feature Request,3,15.9,2025-06-14 05:00:14
423293,724051,2025-07-01 09:30:54,normal,Billing,3,35.7,2025-07-02 21:12:54
438581,918212,2025-12-23 14:09:11,normal,Onboarding,4,19.8,2025-12-24 09:57:11
470004,550131,2025-04-18 10:41:50,low,Feature Request,,,
784071,918351,2025-09-14 19:41:11,normal,Onboarding,4,28.2,2025-09-15 23:53:11
547645,174010,2025-01-30 12:59:01,low,Billing,5,147.9,2025-02-05 16:53:01
856302,909740,2025-08-18 13:12:40,normal,Integrations,5,31.8,2025-08-19 21:00:40
880642,848871,2025-01-18 08:24:17,normal,Integrations,4,42.7,2025-01-20 03:06:17
484033,908690,2025-10-17 09:18:47,urgent,Integrations,5,2.6,2025-10-17 11:54:47
477921,828822,2025-07-28 10:09:41,low,Integrations,5,114.8,2025-08-02 04:57:41
681997,813618,2025-09-09 00:39:28,high,Integrations,4,18.9,2025-09-09 19:33:28
779191,188341,2025-09-23 11:11:53,low,Onboarding,3,103.9,2025-09-27 19:05:53
689045,481953,2025-07-09 09:21:05,high,Performance,,,
594969,619995,2025-11-30 14:00:43,normal,Onboarding,5,31.9,2025-12-01 21:54:43
2670,606408,2025-07-31 17:50:16,high,Bug Report,4,12.8,2025-08-01 06:38:16
261803,692089,2025-07-23 09:58:31,normal,Performance,4,54.1,2025-07-25 16:04:31
661173,946742,2025-09-06 07:01:05,normal,Feature Request,3,30.1,2025-09-07 13:07:05
610417,227254,2025-04-16 16:44:28,low,Bug Report,5,33.5,2025-04-18 02:14:28
646922,232159,2025-10-24 09:34:41,normal,Feature Request,4,36.1,2025-10-25 21:40:41
87874,351485,2025-07-30 09:03:02,high,Integrations,5,10.1,2025-07-30 19:09:02
922063,870519,2025-08-07 10:16:12,urgent,Onboarding,2,6.0,2025-08-07 16:16:12
657135,393542,2025-01-12 15:04:51,low,Feature Request,5,94.3,2025-01-16 13:22:51
507116,553898,2025-02-01 13:34:15,normal,Bug Report,4,45.0,2025-02-03 10:34:15
141241,112414,2025-05-27 05:55:04,low,Integrations,5,70.8,2025-05-30 04:43:04
623930,290492,2025-11-11 09:56:35,high,Bug Report,3,14.8,2025-11-12 00:44:35
816481,712131,2025-01-22 12:21:31,urgent,Feature Request,5,7.6,2025-01-22 19:57:31
118142,969635,2025-12-11 09:08:00,urgent,Integrations,4,6.4,2025-12-11 15:32:00
18060,893484,2025-04-12 21:47:37,low,Onboarding,5,130.9,2025-04-18 08:41:37
834240,930679,2025-01-06 13:41:22,high,Onboarding,,,
125445,242324,2025-12-07 13:05:57,normal,Bug Report,5,29.9,2025-12-08 18:59:57
108667,499701,2025-03-06 09:36:41,low,Feature Request,5,99.5,2025-03-10 13:06:41
590311,952114,2025-04-22 07:20:09,low,Onboarding,5,95.3,2025-04-26 06:38:09
51767,260118,2025-10-30 08:52:22,normal,Integrations,4,21.7,2025-10-31 06:34:22
94056,351485,2025-09-04 15:02:04,normal,Feature Request,5,34.1,2025-09-06 01:08:04
224991,602857,2025-03-25 16:52:08,low,Bug Report,4,53.1,2025-03-27 21:58:08
362748,989157,2025-06-22 11:10:44,low,Integrations,1,139.4,2025-06-28 06:34:44
461732,393626,2025-08-04 10:27:39,low,Billing,5,104.9,2025-08-08 19:21:39
851853,954668,2025-03-22 12:08:44,normal,Performance,4,46.8,2025-03-24 10:56:44
947317,662010,2025-03-17 16:29:13,high,Bug Report,,,
515908,805099,2025-04-28 12:16:07,low,Performance,4,102.8,2025-05-02 19:04:07
427625,512181,2025-09-20 15:03:54,urgent,Onboarding,1,3.2,2025-09-20 18:15:54
541011,421775,2025-07-05 09:57:39,low,Billing,4,93.2,2025-07-09 07:09:39
33458,140321,2025-11-24 10:05:49,normal,Bug Report,5,62.6,2025-11-27 00:41:49
894451,320794,2025-03-05 21:08:05,normal,Billing,5,21.2,2025-03-06 18:20:05
523465,673856,2025-01-21 19:36:44,high,Onboarding,4,10.7,2025-01-22 06:18:44
891381,983961,2025-12-19 14:12:46,normal,Onboarding,5,46.5,2025-12-21 12:42:46
918789,102347,2025-12-01 11:02:18,urgent,Bug Report,4,2.4,2025-12-01 13:26:18
100423,928274,2025-03-29 20:00:56,low,Integrations,5,53.0,2025-04-01 01:00:56
698072,742834,2025-11-01 07:27:14,high,Feature Request,5,19.8,2025-11-02 03:15:14
591189,213004,2025-10-28 12:15:03,normal,Onboarding,4,33.9,2025-10-29 22:09:03
27935,562219,2025-04-30 13:33:42,low,Integrations,,,
13642,170417,2025-12-07 09:26:32,normal,Onboarding,4,34.5,2025-12-08 19:56:32
941814,157315,2025-02-15 13:45:20,normal,Bug Report,1,40.8,2025-02-17 06:33:20
544109,696918,2025-03-02 08:28:56,normal,Billing,3,38.3,2025-03-03 22:46:56
542992,279735,2025-05-09 21:21:08,normal,Feature Request,,,
445505,597746,2025-06-12 23:12:46,low,Integrations,3,89.2,2025-06-16 16:24:46
822047,622939,2025-04-02 08:27:54,normal,Integrations,4,30.4,2025-04-03 14:51:54
661256,296755,2025-09-30 03:19:19,normal,Integrations,3,28.2,2025-10-01 07:31:19
657977,105131,2025-11-09 13:09:48,low,Performance,4,66.3,2025-11-12 07:27:48
10621,355983,2025-01-15 18:13:13,normal,Integrations,4,17.8,2025-01-16 12:01:13
262930,331536,2025-09-07 10:06:10,high,Feature Request,5,8.5,2025-09-07 18:36:10
693295,211058,2025-10-02 00:59:02,low,Feature Request,1,143.5,2025-10-08 00:29:02
883649,617646,2025-06-25 11:01:16,low,Bug Report,5,44.7,2025-06-27 07:43:16
189469,862228,2025-12-17 07:11:58,normal,Onboarding,,,
734080,970778,2025-03-27 08:25:53,normal,Bug Report,5,14.2,2025-03-27 22:37:53
754377,636784,2025-11-03 14:00:54,normal,Integrations,4,12.5,2025-11-04 02:30:54
10466,289993,2025-11-18 09:32:21,low,Performance,4,113.9,2025-11-23 03:26:21
369801,315175,2025-08-27 07:43:16,high,Feature Request,5,5.4,2025-08-27 13:07:16
248911,176590,2025-08-25 16:07:33,high,Bug Report,5,12.5,2025-08-26 04:37:33
645306,414105,2025-11-14 15:03:21,urgent,Onboarding,,,
696331,200865,2025-02-22 11:56:02,urgent,Feature Request,3,2.7,2025-02-22 14:38:02
735676,727732,2025-05-24 02:35:18,normal,Integrations,4,48.1,2025-05-26 02:41:18
395090,696751,2025-09-14 16:44:00,high,Bug Report,5,13.4,2025-09-15 06:08:00
167478,664655,2025-03-21 14:46:49,normal,Integrations,1,30.8,2025-03-22 21:34:49
956649,873654,2025-08-02 07:35:50,low,Integrations,4,109.1,2025-08-06 20:41:50
420059,240194,2025-01-13 10:32:08,high,Integrations,5,16.7,2025-01-14 03:14:08
433277,431016,2025-09-02 22:53:11,normal,Feature Request,,,
980024,165982,2025-09-16 23:28:48,low,Onboarding,1,140.6,2025-09-22 20:04:48
869716,513477,2025-07-04 10:47:39,low,Bug Report,,,
231139,114026,2025-06-21 18:17:11,normal,Feature Request,2,39.2,2025-06-23 09:29:11
454044,228677,2025-01-02 20:49:00,low,Onboarding,,,
254201,379610,2025-12-06 13:15:03,urgent,Bug Report,1,4.4,2025-12-06 17:39:03
391996,759736,2025-09-08 11:19:30,normal,Performance,5,16.4,2025-09-09 03:43:30
376842,395222,2025-08-06 13:21:09,normal,Bug Report,4,18.4,2025-08-07 07:45:09
816719,722037,2025-11-10 16:45:01,low,Bug Report,1,65.9,2025-11-13 10:39:01
214129,558167,2025-09-17 22:42:29,urgent,Onboarding,5,1.9,2025-09-18 00:36:29
321052,874742,2025-12-14 06:08:19,low,Feature Request,,,
815076,673856,2025-04-18 09:45:20,low,Feature Request,5,48.3,2025-04-20 10:03:20
727374,599502,2025-10-10 12:44:40,urgent,Bug Report,1,5.1,2025-10-10 17:50:40
57590,316635,2025-03-17 05:18:26,high,Bug Report,5,8.4,2025-03-17 13:42:26
785866,663683,2025-06-12 12:34:08,normal,Feature Request,5,43.8,2025-06-14 08:22:08
782468,970221,2025-10-03 16:33:19,high,Onboarding,,,
483991,696751,2025-06-03 11:17:57,normal,Onboarding,4,31.7,2025-06-04 18:59:57
784399,540233,2025-03-08 09:32:41,low,Bug Report,5,117.6,2025-03-13 07:08:41
659515,888943,2025-11-29 10:25:36,low,Billing,4,12.7,2025-11-29 23:07:36
695271,641547,2025-07-24 13:49:36,low,Billing,5,71.9,2025-07-27 13:43:36
976643,823375,2025-08-05 00:47:42,high,Performance,5,9.2,2025-08-05 09:59:42
501188,892300,2025-04-02 16:15:49,low,Performance,,,
811681,203951,2025-08-20 09:58:09,high,Performance,5,13.7,2025-08-20 23:40:09
562433,987167,2025-04-19 10:47:27,high,Integrations,,,
839289,942304,2025-01-29 13:20:45,normal,Integrations,5,27.6,2025-01-30 16:56:45
483173,240194,2025-08-06 11:13:29,normal,Integrations,5,12.8,2025-08-07 00:01:29
20810,176599,2025-07-21 15:46:56,normal,Billing,5,43.0,2025-07-23 10:46:56
662145,139051,2025-02-10 12:36:57,normal,Billing,5,27.5,2025-02-11 16:06:57
854004,875381,2025-01-22 15:37:23,normal,Onboarding,,,
529159,477382,2025-07-16 10:52:58,high,Bug Report,5,10.4,2025-07-16 21:16:58
873621,896894,2025-11-23 13:03:42,low,Integrations,4,155.2,2025-11-30 00:15:42
517027,269978,2025-06-04 13:36:37,high,Integrations,5,9.0,2025-06-04 22:36:37
620424,567592,2025-05-06 15:38:37,low,Integrations,3,67.9,2025-05-09 11:32:37
186582,692089,2025-09-13 10:26:09,low,Performance,4,16.2,2025-09-14 02:38:09
273544,508782,2025-09-01 19:39:18,normal,Billing,3,35.8,2025-09-03 07:27:18
393407,260118,2025-05-17 18:00:24,normal,Integrations,5,30.4,2025-05-19 00:24:24
383462,149920,2025-02-02 16:01:14,normal,Integrations,5,46.9,2025-02-04 14:55:14
816724,901613,2025-09-14 15:45:54,high,Bug Report,5,20.8,2025-09-15 12:33:54
314743,544253,2025-06-30 17:48:28,normal,Bug Report,4,45.8,2025-07-02 15:36:28
579409,925203,2025-05-07 10:33:28,normal,Billing,4,59.2,2025-05-09 21:45:28
401149,256035,2025-02-12 14:39:19,urgent,Feature Request,,,
931682,493074,2025-03-21 21:58:40,low,Billing,4,23.1,2025-03-22 21:04:40
350064,416221,2025-04-17 08:44:18,normal,Bug Report,5,44.7,2025-04-19 05:26:18
65806,517173,2025-10-20 10:53:39,normal,Performance,5,64.2,2025-10-23 03:05:39
49748,997844,2025-10-12 08:08:23,low,Billing,5,93.9,2025-10-16 06:02:23
572538,192010,2025-12-23 14:23:32,urgent,Integrations,3,7.7,2025-12-23 22:05:32
241145,783281,2025-04-24 10:01:09,high,Integrations,3,14.9,2025-04-25 00:55:09
515365,600864,2025-12-13 08:10:25,normal,Bug Report,2,17.9,2025-12-14 02:04:25
235487,301631,2025-09-09 14:48:59,normal,Bug Report,5,20.9,2025-09-10 11:42:59
385888,318405,2025-12-08 10:19:28,normal,Feature Request,4,52.8,2025-12-10 15:07:28
703863,885767,2025-07-06 11:49:58,normal,Integrations,,,
639206,205204,2025-03-19 02:49:42,normal,Billing,1,23.6,2025-03-20 02:25:42
789997,540635,2025-07-16 11:01:52,normal,Integrations,5,22.3,2025-07-17 09:19:52
328235,304962,2025-06-20 09:46:45,low,Billing,4,111.5,2025-06-25 01:16:45
237288,817805,2025-09-02 11:15:50,low,Billing,5,86.5,2025-09-06 01:45:50
167295,692735,2025-11-18 14:27:56,normal,Integrations,5,22.8,2025-11-19 13:15:56
751481,894894,2025-07-21 09:42:37,normal,Billing,4,36.2,2025-07-22 21:54:37
730869,544215,2025-05-22 09:59:59,high,Onboarding,5,9.0,2025-05-22 18:59:59
522528,244208,2025-03-06 07:01:37,high,Integrations,5,6.7,2025-03-06 13:43:37
81227,253647,2025-02-17 12:24:54,low,Feature Request,4,112.3,2025-02-22 04:42:54
647806,921303,2025-09-13 11:09:02,high,Onboarding,2,7.3,2025-09-13 18:27:02
983574,680171,2025-12-03 14:13:50,high,Integrations,3,11.8,2025-12-04 02:01:50
977495,751178,2025-03-29 17:26:30,normal,Integrations,5,58.6,2025-04-01 04:02:30
662702,124942,2025-11-04 15:13:29,high,Billing,5,7.2,2025-11-04 22:25:29
353624,112414,2025-01-28 11:19:50,normal,Onboarding,5,36.1,2025-01-29 23:25:50
638039,253622,2025-01-19 15:04:27,urgent,Performance,5,4.2,2025-01-19 19:16:27
898751,697314,2025-11-16 09:36:53,normal,Integrations,1,13.6,2025-11-16 23:12:53
588415,430738,2025-01-26 03:50:47,high,Integrations,4,13.5,2025-01-26 17:20:47
308670,858842,2025-02-12 12:39:37,high,Feature Request,5,12.5,2025-02-13 01:09:37
938510,116626,2025-10-06 08:29:53,high,Performance,5,10.7,2025-10-06 19:11:53
96419,284939,2025-07-02 10:49:01,normal,Integrations,5,42.3,2025-07-04 05:07:01
360427,662010,2025-01-22 10:45:25,normal,Bug Report,5,48.0,2025-01-24 10:45:25
600396,757526,2025-04-29 15:07:33,normal,Integrations,4,30.6,2025-04-30 21:43:33
777517,349808,2025-09-23 21:40:02,normal,Integrations,3,54.0,2025-09-26 03:40:02
308485,567592,2025-05-08 08:30:30,low,Bug Report,4,88.1,2025-05-12 00:36:30
994406,118948,2025-02-26 15:49:52,normal,Bug Report,,,
298936,663857,2025-05-11 09:15:54,normal,Bug Report,5,26.1,2025-05-12 11:21:54
417780,116787,2025-12-17 16:16:39,normal,Onboarding,5,39.0,2025-12-19 07:16:39
20655,919775,2025-07-03 06:37:29,low,Integrations,,,
978235,766913,2025-12-22 12:06:54,low,Feature Request,3,107.6,2025-12-26 23:42:54
619411,540635,2025-07-29 06:18:05,normal,Bug Report,5,22.9,2025-07-30 05:12:05
314672,946742,2025-04-23 17:31:45,normal,Billing,5,19.2,2025-04-24 12:43:45
473136,487420,2025-12-12 16:35:36,low,Billing,5,48.9,2025-12-14 17:29:36
447439,419173,2025-02-23 22:54:25,normal,Feature Request,4,26.3,2025-02-25 01:12:25
986608,269054,2025-10-27 09:41:36,normal,Bug Report,4,41.4,2025-10-29 03:05:36
521517,315118,2025-04-20 12:35:43,normal,Onboarding,5,53.8,2025-04-22 18:23:43
600364,564516,2025-03-31 11:30:02,low,Billing,5,146.2,2025-04-06 13:42:02
535529,644920,2025-11-23 15:34:44,low,Billing,3,90.6,2025-11-27 10:10:44
851709,651612,2025-04-08 15:08:25,normal,Feature Request,5,7.6,2025-04-08 22:44:25
705566,948864,2025-03-19 14:06:20,normal,Integrations,,,
230041,177341,2025-05-21 12:49:57,normal,Integrations,5,43.6,2025-05-23 08:25:57
317647,893855,2025-12-08 20:26:52,normal,Bug Report,,,
466132,989345,2025-08-05 15:44:35,high,Feature Request,5,18.0,2025-08-06 09:44:35
781402,372607,2025-07-01 01:36:09,normal,Billing,5,19.1,2025-07-01 20:42:09
344843,175177,2025-04-12 16:51:19,normal,Bug Report,5,23.6,2025-04-13 16:27:19
275572,511497,2025-01-17 14:14:11,normal,Feature Request,3,49.2,2025-01-19 15:26:11
623688,364738,2025-01-06 00:01:21,normal,Onboarding,5,16.0,2025-01-06 16:01:21
882184,416221,2025-03-28 09:26:29,normal,Onboarding,1,33.2,2025-03-29 18:38:29
763952,358134,2025-01-25 14:54:23,normal,Billing,4,45.7,2025-01-27 12:36:23
899295,507445,2025-08-12 23:02:54,low,Integrations,,,
186055,761986,2025-05-05 14:39:17,normal,Bug Report,1,29.5,2025-05-06 20:09:17
98745,301501,2025-10-13 08:32:34,high,Performance,4,14.8,2025-10-13 23:20:34
7531,917801,2025-01-12 07:56:28,normal,Integrations,5,41.3,2025-01-14 01:14:28
340865,912127,2025-07-21 10:48:43,high,Bug Report,4,17.9,2025-07-22 04:42:43
105982,372540,2025-07-03 12:23:02,low,Feature Request,4,126.2,2025-07-08 18:35:02
508507,282947,2025-09-10 15:00:24,high,Integrations,5,12.2,2025-09-11 03:12:24
972670,722460,2025-12-15 15:08:56,urgent,Bug Report,4,4.0,2025-12-15 19:08:56
593878,247003,2025-03-08 08:08:33,normal,Billing,,,
472545,606408,2025-11-10 07:54:00,low,Performance,4,117.6,2025-11-15 05:30:00
555904,157411,2025-05-22 20:10:01,normal,Integrations,5,41.7,2025-05-24 13:52:01
492592,234922,2025-09-26 02:13:07,urgent,Performance,5,2.7,2025-09-26 04:55:07
998152,622939,2025-08-20 10:32:51,normal,Performance,,,
961915,731867,2025-05-01 23:49:04,low,Feature Request,2,138.2,2025-05-07 18:01:04
237020,486520,2025-07-27 20:16:28,normal,Feature Request,5,43.0,2025-07-29 15:16:28
919099,383211,2025-09-21 15:42:32,high,Billing,4,15.3,2025-09-22 07:00:32
336394,230161,2025-12-24 13:38:10,normal,Billing,5,51.4,2025-12-26 17:02:10
296204,854166,2025-10-26 12:38:56,low,Performance,4,48.2,2025-10-28 12:50:56
485977,670699,2025-12-24 10:47:30,normal,Bug Report,2,30.8,2025-12-25 17:35:30
974114,911125,2025-02-06 09:15:42,normal,Bug Report,,,
249870,280606,2025-05-30 09:49:12,low,Onboarding,3,34.6,2025-05-31 20:25:12
281049,110861,2025-06-11 09:13:32,normal,Onboarding,5,34.6,2025-06-12 19:49:32
288223,553479,2025-09-08 17:56:16,normal,Integrations,2,50.1,2025-09-10 20:02:16
654814,404963,2025-05-03 11:42:16,high,Bug Report,4,14.7,2025-05-04 02:24:16
890677,674609,2025-05-07 16:39:03,normal,Integrations,,,
176699,644920,2025-07-02 15:35:12,low,Billing,4,143.1,2025-07-08 14:41:12
729346,685200,2025-08-25 22:25:28,normal,Integrations,4,36.6,2025-08-27 11:01:28
186073,839782,2025-11-27 09:29:51,normal,Billing,2,14.3,2025-11-27 23:47:51
854157,235164,2025-07-11 07:08:46,normal,Feature Request,4,17.3,2025-07-12 00:26:46
542815,288393,2025-04-14 13:11:20,high,Bug Report,2,10.9,2025-04-15 00:05:20
789890,318162,2025-09-17 07:41:35,low,Onboarding,5,84.2,2025-09-20 19:53:35
138716,102347,2025-03-25 12:50:27,low,Feature Request,5,85.7,2025-03-29 02:32:27
460941,374056,2025-09-08 15:25:50,low,Billing,,,
832259,682986,2025-05-14 08:02:43,normal,Billing,4,66.4,2025-05-17 02:26:43
147656,682986,2025-09-01 17:23:18,normal,Bug Report,3,37.3,2025-09-03 06:41:18
121965,575346,2025-08-17 00:09:07,high,Performance,4,14.8,2025-08-17 14:57:07
855914,362499,2025-03-21 09:08:03,normal,Bug Report,4,53.8,2025-03-23 14:56:03
129720,907406,2025-11-30 15:50:54,high,Integrations,5,10.8,2025-12-01 02:38:54
185667,989410,2025-09-28 02:49:19,low,Integrations,5,65.2,2025-09-30 20:01:19
35646,508782,2025-06-14 12:15:09,urgent,Integrations,5,3.8,2025-06-14 16:03:09
264715,466636,2025-12-03 15:47:26,normal,Onboarding,5,49.7,2025-12-05 17:29:26
879425,310258,2025-11-01 16:50:41,urgent,Bug Report,4,1.9,2025-11-01 18:44:41
880138,556479,2025-10-08 08:30:25,normal,Billing,2,43.5,2025-10-10 04:00:25
820414,349808,2025-02-04 13:27:23,normal,Bug Report,3,44.0,2025-02-06 09:27:23
89840,336143,2025-09-29 14:44:36,normal,Integrations,5,18.3,2025-09-30 09:02:36
289266,241116,2025-09-14 16:25:47,low,Feature Request,5,65.4,2025-09-17 09:49:47
816817,617749,2025-11-21 17:30:24,high,Feature Request,4,7.2,2025-11-22 00:42:24
685947,892300,2025-09-21 08:10:57,normal,Bug Report,3,28.5,2025-09-22 12:40:57
707735,967030,2025-03-23 14:38:29,low,Feature Request,5,83.2,2025-03-27 01:50:29
990543,807582,2025-04-08 09:08:25,urgent,Bug Report,5,4.1,2025-04-08 13:14:25
519213,942304,2025-10-27 19:59:49,low,Integrations,5,47.8,2025-10-29 19:47:49
723186,731867,2025-10-24 09:44:10,low,Integrations,5,105.9,2025-10-28 19:38:10
367433,507445,2025-11-18 07:24:49,low,Performance,,,
8935,759736,2025-01-23 15:39:49,normal,Billing,3,63.4,2025-01-26 07:03:49
488338,704101,2025-09-14 08:19:58,normal,Bug Report,4,57.2,2025-09-16 17:31:58
645917,409157,2025-05-26 09:26:23,normal,Billing,5,58.6,2025-05-28 20:02:23
754575,798586,2025-06-10 13:37:44,normal,Integrations,4,17.0,2025-06-11 06:37:44
1563,122331,2025-09-20 13:24:03,normal,Onboarding,1,20.8,2025-09-21 10:12:03
509341,517173,2025-10-04 09:41:02,normal,Integrations,5,33.8,2025-10-05 19:29:02
861652,695829,2025-12-09 21:28:04,high,Onboarding,5,10.5,2025-12-10 07:58:04
528765,676614,2025-10-11 13:04:08,normal,Integrations,5,42.7,2025-10-13 07:46:08
862937,574768,2025-03-06 14:52:11,normal,Bug Report,1,52.6,2025-03-08 19:28:11
242849,301501,2025-07-30 12:16:48,normal,Bug Report,4,32.0,2025-07-31 20:16:48
486323,445354,2025-10-23 12:30:23,normal,Bug Report,4,18.2,2025-10-24 06:42:23
735910,729870,2025-09-28 08:18:30,low,Onboarding,5,65.4,2025-10-01 01:42:30
955351,333795,2025-09-12 19:37:27,low,Billing,4,69.8,2025-09-15 17:25:27
390469,761571,2025-10-17 07:45:00,low,Bug Report,,,
341333,541269,2025-10-28 07:47:06,normal,Bug Report,5,7.4,2025-10-28 15:11:06
101525,315175,2025-01-07 06:40:29,low,Billing,5,56.7,2025-01-09 15:22:29
69934,692863,2025-07-18 10:06:00,normal,Integrations,3,47.8,2025-07-20 09:54:00
444457,580435,2025-02-16 07:58:45,high,Bug Report,4,12.0,2025-02-16 19:58:45
851125,742834,2025-10-13 14:53:45,normal,Feature Request,4,46.3,2025-10-15 13:11:45
76433,295167,2025-07-14 07:25:17,low,Billing,4,119.6,2025-07-19 07:01:17
944066,133896,2025-06-21 09:38:44,normal,Feature Request,5,27.8,2025-06-22 13:26:44
414584,987167,2025-01-07 15:41:31,normal,Feature Request,4,27.4,2025-01-08 19:05:31
554356,468130,2025-09-24 05:19:35,normal,Integrations,3,44.7,2025-09-26 02:01:35
885912,695658,2025-11-29 10:34:36,urgent,Bug Report,5,2.5,2025-11-29 13:04:36
615809,452461,2025-06-09 06:52:25,normal,Performance,4,53.1,2025-06-11 11:58:25
315642,907406,2025-03-13 10:31:25,high,Performance,,,
755557,600525,2025-08-22 17:51:12,normal,Bug Report,4,35.5,2025-08-24 05:21:12
95911,725268,2025-02-23 10:07:12,normal,Bug Report,4,38.5,2025-02-25 00:37:12
400099,406745,2025-06-26 16:14:43,normal,Bug Report,5,7.0,2025-06-26 23:14:43
851202,186866,2025-09-06 12:12:57,high,Integrations,5,17.8,2025-09-07 06:00:57
835218,122331,2025-10-27 10:47:47,high,Onboarding,5,8.0,2025-10-27 18:47:47
486005,332026,2025-07-17 10:45:38,normal,Integrations,4,42.6,2025-07-19 05:21:38
866899,567817,2025-12-23 09:02:25,normal,Integrations,5,30.7,2025-12-24 15:44:25
553296,317879,2025-09-24 12:31:53,normal,Onboarding,4,30.1,2025-09-25 18:37:53
197094,284939,2025-06-30 14:51:59,normal,Billing,4,10.1,2025-07-01 00:57:59
717332,567817,2025-09-25 12:49:04,normal,Integrations,5,13.4,2025-09-26 02:13:04
204129,347163,2025-05-04 09:38:52,high,Bug Report,4,17.2,2025-05-05 02:50:52
409399,875061,2025-06-19 18:25:32,low,Integrations,5,81.2,2025-06-23 03:37:32
65620,647116,2025-09-29 06:27:44,normal,Bug Report,5,14.4,2025-09-29 20:51:44
381979,723768,2025-12-15 07:18:29,low,Feature Request,5,134.0,2025-12-20 21:18:29
474944,170417,2025-04-09 14:19:24,low,Performance,3,58.8,2025-04-12 01:07:24
31657,740262,2025-06-23 19:52:40,normal,Integrations,5,28.5,2025-06-25 00:22:40
830165,449827,2025-06-19 13:04:22,normal,Integrations,4,37.7,2025-06-21 02:46:22
490079,289564,2025-02-11 07:37:26,low,Billing,5,44.5,2025-02-13 04:07:26
739752,686117,2025-10-09 04:56:14,low,Integrations,4,51.6,2025-10-11 08:32:14
916388,115359,2025-10-07 21:54:22,low,Bug Report,5,88.2,2025-10-11 14:06:22
662074,919775,2025-12-02 10:34:42,low,Feature Request,5,46.0,2025-12-04 08:34:42
210586,200865,2025-01-01 19:51:27,low,Integrations,5,53.2,2025-01-04 01:03:27
539883,622939,2025-09-16 07:12:47,low,Billing,3,127.7,2025-09-21 14:54:47
79858,633095,2025-04-01 05:41:26,high,Integrations,5,10.6,2025-04-01 16:17:26
725544,254564,2025-01-17 09:21:56,normal,Bug Report,4,19.0,2025-01-18 04:21:56
41104,805850,2025-11-06 15:30:56,normal,Bug Report,5,42.0,2025-11-08 09:30:56
248977,656281,2025-12-02 14:17:59,low,Performance,5,37.2,2025-12-04 03:29:59
565286,938120,2025-05-09 15:01:21,normal,Performance,4,55.5,2025-05-11 22:31:21
389093,669720,2025-02-07 07:59:25,low,Bug Report,,,
790753,675202,2025-02-17 02:07:13,high,Performance,2,3.7,2025-02-17 05:49:13
604497,487099,2025-08-11 18:57:12,urgent,Integrations,4,2.4,2025-08-11 21:21:12
596903,194356,2025-08-23 17:25:11,low,Performance,4,70.2,2025-08-26 15:37:11
211604,462096,2025-08-10 09:00:34,low,Bug Report,1,89.4,2025-08-14 02:24:34
956278,836465,2025-06-14 07:55:53,low,Onboarding,5,69.6,2025-06-17 05:31:53
582938,353158,2025-04-25 11:59:37,high,Integrations,,,
252325,625558,2025-08-29 09:01:04,low,Bug Report,5,70.8,2025-09-01 07:49:04
761465,995934,2025-10-13 22:27:00,high,Billing,5,13.3,2025-10-14 11:45:00
496010,575421,2025-02-23 15:35:55,normal,Billing,4,49.9,2025-02-25 17:29:55
138122,287710,2025-02-06 17:03:31,low,Integrations,1,133.6,2025-02-12 06:39:31
865754,312337,2025-03-26 16:21:17,low,Billing,4,48.8,2025-03-28 17:09:17
748772,275252,2025-10-02 07:12:19,high,Bug Report,1,10.2,2025-10-02 17:24:19
310309,832722,2025-11-02 09:04:28,low,Performance,4,104.3,2025-11-06 17:22:28
757796,699585,2025-08-19 09:02:07,low,Performance,5,98.5,2025-08-23 11:32:07
198966,364738,2025-07-12 14:00:48,normal,Onboarding,4,54.1,2025-07-14 20:06:48
516854,815721,2025-10-27 11:33:47,high,Performance,4,17.8,2025-10-28 05:21:47
450151,753247,2025-06-23 13:33:34,low,Performance,5,143.3,2025-06-29 12:51:34
188653,417940,2025-10-04 10:17:06,normal,Onboarding,4,29.9,2025-10-05 16:11:06
414864,670699,2025-02-08 05:52:32,high,Onboarding,4,19.0,2025-02-09 00:52:32
82746,245051,2025-07-06 08:41:06,high,Onboarding,,,
608753,467325,2025-02-12 17:12:38,normal,Integrations,5,14.0,2025-02-13 07:12:38
771733,642899,2025-03-20 20:15:51,normal,Feature Request,3,46.8,2025-03-22 19:03:51
642075,150144,2025-06-20 20:06:18,normal,Performance,,,
84751,725693,2025-12-18 11:05:58,normal,Performance,5,45.4,2025-12-20 08:29:58
180480,516432,2025-11-25 19:07:34,normal,Performance,4,46.6,2025-11-27 17:43:34
638850,929449,2025-05-13 11:08:30,normal,Bug Report,4,60.1,2025-05-15 23:14:30
357275,670800,2025-05-29 17:36:15,normal,Integrations,5,21.7,2025-05-30 15:18:15
723720,918643,2025-10-19 05:42:03,urgent,Performance,2,4.9,2025-10-19 10:36:03
420321,641328,2025-04-21 09:40:29,normal,Bug Report,5,49.3,2025-04-23 10:58:29
296490,520785,2025-05-16 08:37:22,low,Billing,5,57.8,2025-05-18 18:25:22
95504,547854,2025-09-08 03:52:10,low,Bug Report,5,144.5,2025-09-14 04:22:10
231268,591895,2025-03-16 08:45:54,normal,Integrations,3,28.0,2025-03-17 12:45:54
601717,125807,2025-06-04 13:27:33,normal,Bug Report,5,41.3,2025-06-06 06:45:33
800451,201820,2025-09-22 15:17:39,normal,Billing,5,15.8,2025-09-23 07:05:39
608668,379248,2025-10-17 06:53:00,normal,Integrations,5,12.6,2025-10-17 19:29:00
655902,647116,2025-04-03 10:19:20,normal,Integrations,4,51.6,2025-04-05 13:55:20
650811,316635,2025-02-10 17:00:03,normal,Billing,2,11.8,2025-02-11 04:48:03
818170,256231,2025-06-07 15:59:46,normal,Integrations,2,48.3,2025-06-09 16:17:46
766734,344893,2025-12-22 10:19:40,normal,Onboarding,5,9.2,2025-12-22 19:31:40
404665,740617,2025-05-01 09:13:20,normal,Integrations,,,
304641,170254,2025-09-25 12:32:13,low,Bug Report,,,
771336,435506,2025-08-12 07:28:02,urgent,Billing,2,6.3,2025-08-12 13:46:02
898335,170254,2025-02-12 12:15:02,low,Performance,4,107.5,2025-02-16 23:45:02
820694,540382,2025-07-30 15:03:55,normal,Bug Report,,,
782725,970778,2025-01-13 13:45:34,normal,Bug Report,4,51.0,2025-01-15 16:45:34
74250,216530,2025-02-27 12:22:43,normal,Billing,4,30.4,2025-02-28 18:46:43
987337,706802,2025-02-11 12:14:43,normal,Bug Report,3,48.2,2025-02-13 12:26:43
426310,881378,2025-01-25 08:24:07,low,Bug Report,5,87.2,2025-01-28 23:36:07
996382,848451,2025-03-17 23:11:44,normal,Integrations,5,21.7,2025-03-18 20:53:44
261154,516478,2025-12-23 13:12:46,normal,Integrations,4,16.7,2025-12-24 05:54:46
709549,512181,2025-08-18 15:15:32,low,Integrations,4,59.6,2025-08-21 02:51:32
387597,495640,2025-05-27 10:49:23,high,Feature Request,4,15.5,2025-05-28 02:19:23
107462,445354,2025-03-03 10:32:25,normal,Onboarding,5,39.6,2025-03-05 02:08:25
569200,228677,2025-10-09 13:03:17,normal,Onboarding,1,13.3,2025-10-10 02:21:17
142380,961788,2025-02-25 14:07:34,high,Billing,5,6.8,2025-02-25 20:55:34
753312,966960,2025-07-18 16:48:24,normal,Feature Request,3,56.4,2025-07-21 01:12:24
815521,537263,2025-09-25 15:57:32,normal,Performance,5,30.4,2025-09-26 22:21:32
558476,888218,2025-10-01 15:11:28,normal,Integrations,4,50.4,2025-10-03 17:35:28
303483,909740,2025-06-12 16:23:16,low,Performance,5,30.0,2025-06-13 22:23:16
6316,634053,2025-08-21 08:00:12,low,Feature Request,4,93.7,2025-08-25 05:42:12
961501,967030,2025-01-24 10:14:48,normal,Feature Request,5,57.1,2025-01-26 19:20:48
364277,631096,2025-08-02 07:59:17,normal,Feature Request,2,13.8,2025-08-02 21:47:17
450740,561350,2025-11-27 15:18:19,low,Bug Report,5,51.2,2025-11-29 18:30:19
878194,995264,2025-08-03 14:11:21,normal,Billing,4,30.2,2025-08-04 20:23:21
693291,378702,2025-08-12 11:40:08,low,Onboarding,,,
423625,647116,2025-10-30 02:53:06,high,Integrations,5,18.0,2025-10-30 20:53:06
496092,481016,2025-06-16 00:18:48,low,Performance,3,57.6,2025-06-18 09:54:48
155445,449827,2025-05-13 13:06:04,low,Bug Report,3,50.2,2025-05-15 15:18:04
150028,572896,2025-01-19 15:03:16,normal,Integrations,,,
218519,669720,2025-08-06 09:42:32,low,Bug Report,5,70.0,2025-08-09 07:42:32
713078,960588,2025-11-16 07:43:55,low,Billing,5,93.7,2025-11-20 05:25:55
931924,477382,2025-10-23 19:38:13,low,Onboarding,4,73.7,2025-10-26 21:20:13
248937,590704,2025-03-10 16:45:31,low,Integrations,,,
759564,935611,2025-04-26 14:39:38,high,Billing,5,14.6,2025-04-27 05:15:38
38863,610566,2025-06-02 09:29:45,urgent,Bug Report,5,3.7,2025-06-02 13:11:45
109356,295167,2025-09-24 14:20:56,urgent,Feature Request,5,3.4,2025-09-24 17:44:56
823612,174010,2025-03-17 12:46:13,high,Integrations,5,12.8,2025-03-18 01:34:13
384406,540382,2025-07-18 13:38:53,normal,Billing,5,18.1,2025-07-19 07:44:53
686656,782122,2025-06-30 11:22:01,normal,Performance,4,12.4,2025-06-30 23:46:01
727110,315012,2025-07-26 13:12:37,high,Onboarding,5,22.6,2025-07-27 11:48:37
283067,393626,2025-03-27 16:50:48,low,Feature Request,2,151.6,2025-04-03 00:26:48
722778,158251,2025-09-05 14:57:48,high,Integrations,3,14.1,2025-09-06 05:03:48
267089,138819,2025-01-02 10:22:46,normal,Integrations,5,29.5,2025-01-03 15:52:46
714974,210309,2025-04-16 13:53:06,normal,Performance,5,21.9,2025-04-17 11:47:06
728589,398032,2025-09-22 21:24:47,normal,Integrations,4,19.1,2025-09-23 16:30:47
301119,757684,2025-07-24 12:55:14,normal,Billing,2,27.1,2025-07-25 16:01:14
849206,188341,2025-05-12 15:09:00,high,Onboarding,2,7.4,2025-05-12 22:33:00
78994,504080,2025-06-30 15:49:33,normal,Integrations,5,18.6,2025-07-01 10:25:33
409096,606858,2025-05-24 19:47:54,low,Performance,5,27.7,2025-05-25 23:29:54
543496,679810,2025-07-21 13:20:59,low,Integrations,4,123.7,2025-07-26 17:02:59
901092,888943,2025-05-07 12:32:30,high,Onboarding,4,3.9,2025-05-07 16:26:30
466904,398032,2025-09-22 18:20:17,normal,Onboarding,3,29.9,2025-09-24 00:14:17
935940,302066,2025-10-05 16:29:29,normal,Bug Report,4,55.0,2025-10-07 23:29:29
938627,428057,2025-08-02 11:10:09,normal,Onboarding,4,53.8,2025-08-04 16:58:09
571111,477382,2025-04-04 13:38:18,normal,Integrations,5,43.2,2025-04-06 08:50:18
530207,596031,2025-01-21 19:52:51,high,Feature Request,5,12.2,2025-01-22 08:04:51
932104,209680,2025-12-13 14:30:36,normal,Onboarding,3,14.7,2025-12-14 05:12:36
429568,818984,2025-10-27 08:20:03,normal,Onboarding,3,49.8,2025-10-29 10:08:03
734678,433844,2025-04-26 09:47:53,low,Onboarding,4,95.2,2025-04-30 08:59:53
889060,114026,2025-09-06 08:35:56,low,Bug Report,4,82.3,2025-09-09 18:53:56
529582,153452,2025-06-13 16:33:05,normal,Billing,4,34.1,2025-06-15 02:39:05
670078,700790,2025-10-02 11:06:59,high,Feature Request,5,16.2,2025-10-03 03:18:59
579615,486582,2025-03-21 04:56:14,low,Integrations,,,
590962,221718,2025-08-27 01:07:30,normal,Performance,4,37.9,2025-08-28 15:01:30
108443,361379,2025-01-30 22:57:40,high,Integrations,5,4.5,2025-01-31 03:27:40
66533,102347,2025-06-22 16:16:23,normal,Feature Request,3,27.0,2025-06-23 19:16:23
59915,196847,2025-11-09 08:53:26,normal,Onboarding,5,29.0,2025-11-10 13:53:26
157949,660322,2025-05-24 12:14:10,urgent,Bug Report,1,6.2,2025-05-24 18:26:10
338851,414105,2025-08-16 17:08:33,low,Integrations,4,73.4,2025-08-19 18:32:33
347943,155975,2025-05-04 11:35:03,normal,Onboarding,4,40.7,2025-05-06 04:17:03
20545,149930,2025-05-20 18:13:41,urgent,Billing,3,4.1,2025-05-20 22:19:41
76774,705149,2025-12-12 15:04:03,low,Bug Report,1,60.6,2025-12-15 03:40:03
471226,751454,2025-12-27 09:54:50,high,Feature Request,4,15.4,2025-12-28 01:18:50
234018,512181,2025-11-22 16:37:40,low,Feature Request,5,33.9,2025-11-24 02:31:40
979430,341901,2025-08-22 10:18:23,high,Integrations,,,
83647,697547,2025-12-15 10:13:05,low,Feature Request,5,122.2,2025-12-20 12:25:05
135212,199248,2025-12-26 14:14:13,low,Onboarding,3,106.3,2025-12-31 00:32:13
142520,454905,2025-11-29 12:29:40,low,Integrations,5,51.8,2025-12-01 16:17:40
933096,991768,2025-07-15 12:31:11,normal,Bug Report,5,11.1,2025-07-15 23:37:11
708070,831303,2025-02-01 11:49:23,normal,Onboarding,5,15.4,2025-02-02 03:13:23
169647,776288,2025-09-05 09:12:33,high,Bug Report,5,10.4,2025-09-05 19:36:33
507889,727242,2025-12-26 07:18:45,high,Bug Report,,,
373390,115359,2025-01-22 08:44:26,normal,Integrations,4,40.6,2025-01-24 01:20:26
713771,617646,2025-04-28 10:37:18,high,Billing,5,9.8,2025-04-28 20:25:18
357150,726509,2025-06-09 08:51:04,low,Onboarding,3,23.6,2025-06-10 08:27:04
540618,263501,2025-04-23 23:10:55,low,Integrations,,,
458963,991768,2025-09-30 10:37:23,normal,Bug Report,5,7.4,2025-09-30 18:01:23
262227,885767,2025-06-25 17:27:52,normal,Integrations,4,6.9,2025-06-26 00:21:52
327753,114128,2025-03-22 10:53:05,low,Integrations,5,88.0,2025-03-26 02:53:05
897511,664655,2025-03-23 14:23:57,low,Bug Report,4,51.3,2025-03-25 17:41:57
529563,149930,2025-06-18 16:59:04,high,Integrations,5,10.3,2025-06-19 03:17:04
351813,693667,2025-02-27 08:54:25,normal,Bug Report,4,18.9,2025-02-28 03:48:25
798339,225784,2025-10-17 22:11:47,low,Onboarding,5,71.4,2025-10-20 21:35:47
649584,654271,2025-08-08 13:44:33,low,Feature Request,4,28.8,2025-08-09 18:32:33
69076,695044,2025-09-01 09:02:40,high,Integrations,5,11.6,2025-09-01 20:38:40
837302,828822,2025-09-13 07:51:02,urgent,Billing,5,4.6,2025-09-13 12:27:02
82414,604851,2025-08-21 03:23:26,high,Onboarding,4,15.9,2025-08-21 19:17:26
331841,791209,2025-09-28 14:12:27,normal,Performance,5,44.9,2025-09-30 11:06:27
536541,888218,2025-08-29 04:51:44,low,Bug Report,3,64.4,2025-08-31 21:15:44
571565,724555,2025-11-18 06:29:34,normal,Onboarding,5,30.9,2025-11-19 13:23:34
545891,241202,2025-08-30 08:16:07,urgent,Integrations,4,1.5,2025-08-30 09:46:07
26491,663857,2025-11-10 20:12:18,normal,Performance,5,44.0,2025-11-12 16:12:18
155500,119546,2025-12-25 16:49:12,low,Onboarding,,,
9498,567817,2025-04-04 01:46:29,low,Onboarding,4,76.6,2025-04-07 06:22:29
753197,600806,2025-10-26 09:38:28,urgent,Performance,3,3.0,2025-10-26 12:38:28
511763,839782,2025-05-09 10:58:10,normal,Feature Request,4,19.4,2025-05-10 06:22:10
156868,693667,2025-09-01 13:55:30,high,Integrations,5,5.2,2025-09-01 19:07:30
627230,662023,2025-06-01 15:10:07,low,Bug Report,4,84.7,2025-06-05 03:52:07
557706,263501,2025-05-29 08:35:31,normal,Bug Report,4,17.1,2025-05-30 01:41:31
262792,196472,2025-06-05 15:05:49,urgent,Integrations,3,2.8,2025-06-05 17:53:49
660151,475777,2025-11-15 14:22:43,high,Feature Request,1,18.7,2025-11-16 09:04:43
560311,356856,2025-05-20 10:32:36,low,Bug Report,3,71.1,2025-05-23 09:38:36
203844,997844,2025-01-13 11:00:10,normal,Integrations,1,43.6,2025-01-15 06:36:10
955074,118948,2025-04-29 13:56:12,high,Feature Request,4,10.0,2025-04-29 23:56:12
987320,271150,2025-06-24 19:54:56,low,Billing,2,59.3,2025-06-27 07:12:56
67875,692337,2025-10-09 08:07:35,low,Billing,5,149.7,2025-10-15 13:49:35
330811,182485,2025-11-21 11:06:04,low,Billing,5,79.0,2025-11-24 18:06:04
461572,805850,2025-04-19 09:06:40,low,Billing,1,72.4,2025-04-22 09:30:40
199595,964514,2025-02-10 07:11:04,high,Performance,,,
739433,682986,2025-10-04 17:20:55,normal,Onboarding,5,59.5,2025-10-07 04:50:55
340833,201820,2025-04-19 07:04:57,low,Billing,4,85.2,2025-04-22 20:16:57
827673,819790,2025-08-25 13:35:41,high,Bug Report,4,20.7,2025-08-26 10:17:41
223265,383347,2025-12-03 07:03:44,normal,Integrations,4,19.8,2025-12-04 02:51:44
235358,943067,2025-07-03 15:31:56,low,Performance,5,43.4,2025-07-05 10:55:56
194328,149920,2025-01-08 12:19:19,low,Integrations,1,110.0,2025-01-13 02:19:19
631952,452461,2025-05-10 08:47:25,normal,Performance,2,48.5,2025-05-12 09:17:25
657522,823165,2025-12-22 06:23:40,normal,Feature Request,4,35.1,2025-12-23 17:29:40
590210,813618,2025-07-28 20:35:22,normal,Onboarding,4,32.6,2025-07-30 05:11:22
330007,841724,2025-09-10 18:05:14,high,Bug Report,4,6.2,2025-09-11 00:17:14
334661,996819,2025-12-05 14:51:46,normal,Performance,2,40.8,2025-12-07 07:39:46
240339,606408,2025-07-31 16:56:03,urgent,Feature Request,,,
768381,380513,2025-08-07 17:24:14,low,Performance,2,79.3,2025-08-11 00:42:14
778750,991572,2025-07-15 10:20:05,high,Bug Report,,,
310261,991768,2025-07-15 11:14:41,normal,Bug Report,5,30.1,2025-07-16 17:20:41
31682,706802,2025-02-23 18:33:10,low,Billing,5,136.1,2025-03-01 10:39:10
529852,318214,2025-01-30 07:43:31,high,Performance,4,19.4,2025-01-31 03:07:31
515174,462638,2025-02-14 16:16:21,low,Integrations,5,101.4,2025-02-18 21:40:21
574082,143805,2025-11-10 12:07:51,normal,Onboarding,3,11.7,2025-11-10 23:49:51
620911,746335,2025-08-02 11:16:52,normal,Performance,2,26.8,2025-08-03 14:04:52
868461,917801,2025-04-05 11:18:34,normal,Feature Request,4,39.7,2025-04-07 03:00:34
690013,505397,2025-01-17 15:46:17,normal,Performance,4,10.4,2025-01-18 02:10:17
644705,681503,2025-06-28 15:56:17,normal,Billing,5,12.6,2025-06-29 04:32:17
906056,393626,2025-09-28 08:31:27,low,Feature Request,4,37.0,2025-09-29 21:31:27
777221,247268,2025-07-17 14:13:26,high,Bug Report,5,13.2,2025-07-18 03:25:26
740593,869256,2025-10-11 16:20:29,high,Bug Report,4,13.8,2025-10-12 06:08:29
68311,699272,2025-02-05 13:55:26,normal,Onboarding,5,35.2,2025-02-07 01:07:26
646123,441844,2025-11-06 09:44:25,normal,Bug Report,5,53.9,2025-11-08 15:38:25
685360,727242,2025-12-01 08:19:27,normal,Bug Report,2,42.3,2025-12-03 02:37:27
577841,991572,2025-05-11 17:24:33,normal,Feature Request,4,29.8,2025-05-12 23:12:33
30909,866791,2025-12-05 09:31:21,low,Bug Report,3,87.6,2025-12-09 01:07:21
548115,424994,2025-08-28 01:37:39,low,Billing,3,116.3,2025-09-01 21:55:39
453252,574768,2025-06-01 10:30:57,normal,Feature Request,4,32.5,2025-06-02 19:00:57
378520,232159,2025-10-29 12:06:47,normal,Integrations,5,21.4,2025-10-30 09:30:47
466186,228499,2025-04-26 13:04:37,high,Onboarding,5,11.2,2025-04-27 00:16:37
282127,133896,2025-03-17 16:47:12,normal,Feature Request,5,36.0,2025-03-19 04:47:12
489149,693331,2025-04-11 10:22:28,low,Performance,5,78.5,2025-04-14 16:52:28
486989,901613,2025-10-12 08:44:48,low,Billing,3,83.5,2025-10-15 20:14:48
300492,799789,2025-05-30 06:21:20,low,Onboarding,,,
900601,275252,2025-04-28 11:27:56,normal,Onboarding,5,38.8,2025-04-30 02:15:56
120647,693667,2025-02-07 07:14:10,low,Billing,1,75.6,2025-02-10 10:50:10
441749,865765,2025-06-12 06:31:45,high,Billing,4,18.8,2025-06-13 01:19:45
183097,705867,2025-05-31 03:14:14,low,Feature Request,1,106.9,2025-06-04 14:08:14
682618,316254,2025-10-10 00:03:01,low,Bug Report,5,126.6,2025-10-15 06:39:01
611745,207113,2025-10-23 15:50:53,low,Bug Report,4,89.0,2025-10-27 08:50:53
728739,876549,2025-05-26 16:51:07,normal,Integrations,5,61.6,2025-05-29 06:27:07
289629,769395,2025-12-14 14:24:01,low,Bug Report,4,65.6,2025-12-17 08:00:01
778662,973987,2025-02-17 17:38:05,low,Bug Report,2,109.3,2025-02-22 06:56:05
400698,315012,2025-08-12 07:48:15,low,Bug Report,5,92.7,2025-08-16 04:30:15
498015,356856,2025-06-25 16:32:26,high,Feature Request,5,17.4,2025-06-26 09:56:26
512366,136409,2025-06-10 23:40:08,normal,Billing,4,38.9,2025-06-12 14:34:08
561965,567592,2025-03-04 15:07:06,low,Feature Request,5,82.4,2025-03-08 01:31:06
703538,298901,2025-10-20 21:21:47,urgent,Integrations,,,
608259,676603,2025-09-17 07:30:29,normal,Billing,3,38.1,2025-09-18 21:36:29
722894,811779,2025-03-19 10:52:33,low,Feature Request,,,
40996,948864,2025-12-24 14:10:53,normal,Bug Report,5,34.1,2025-12-26 00:16:53
799043,278077,2025-10-04 16:22:08,normal,Integrations,5,62.1,2025-10-07 06:28:08
821116,810060,2025-02-03 22:56:03,normal,Billing,3,49.2,2025-02-06 00:08:03
127450,641547,2025-12-21 08:30:27,normal,Integrations,3,34.0,2025-12-22 18:30:27
501657,301631,2025-05-02 15:14:00,normal,Integrations,5,33.5,2025-05-04 00:44:00
763272,931016,2025-03-01 14:26:46,urgent,Integrations,5,1.8,2025-03-01 16:14:46
253948,529391,2025-10-23 09:41:53,normal,Bug Report,5,41.9,2025-10-25 03:35:53
350000,877086,2025-07-21 14:29:36,low,Performance,5,110.9,2025-07-26 05:23:36
846975,754948,2025-04-02 14:21:01,low,Onboarding,5,129.9,2025-04-08 00:15:01
925662,828822,2025-09-23 16:00:35,normal,Bug Report,4,31.5,2025-09-24 23:30:35
472110,364714,2025-11-03 12:11:21,low,Billing,5,79.5,2025-11-06 19:41:21
751094,843432,2025-07-16 10:05:14,normal,Integrations,5,56.0,2025-07-18 18:05:14
261660,433844,2025-07-07 09:39:20,normal,Billing,5,67.3,2025-07-10 04:57:20
346125,950959,2025-06-14 14:35:00,normal,Integrations,3,30.0,2025-06-15 20:35:00
698025,780194,2025-01-14 15:58:17,high,Bug Report,1,7.2,2025-01-14 23:10:17
536195,398864,2025-01-27 12:14:13,normal,Bug Report,5,35.6,2025-01-28 23:50:13
808103,192010,2025-08-31 12:17:55,urgent,Billing,4,4.9,2025-08-31 17:11:55
978285,349634,2025-03-07 07:31:21,low,Integrations,4,144.2,2025-03-13 07:43:21
478726,291292,2025-01-21 13:04:23,low,Billing,5,85.7,2025-01-25 02:46:23
172328,164080,2025-02-06 07:32:40,normal,Performance,5,52.2,2025-02-08 11:44:40
312462,192010,2025-08-22 23:25:00,normal,Feature Request,4,29.7,2025-08-24 05:07:00
41096,691462,2025-04-08 21:23:22,normal,Performance,4,31.7,2025-04-10 05:05:22
650442,916037,2025-09-08 23:19:36,high,Bug Report,2,6.6,2025-09-09 05:55:36
754815,670699,2025-02-26 15:28:44,high,Performance,4,18.2,2025-02-27 09:40:44
419403,492564,2025-12-25 08:42:06,high,Billing,2,7.4,2025-12-25 16:06:06
371091,460814,2025-06-27 14:54:35,normal,Feature Request,,,
251504,558167,2025-09-17 04:05:52,normal,Integrations,5,20.0,2025-09-18 00:05:52
77721,650871,2025-11-23 11:03:36,normal,Billing,,,
883744,477382,2025-02-10 08:06:43,normal,Billing,5,17.9,2025-02-11 02:00:43
64801,392724,2025-10-06 07:18:05,urgent,Integrations,5,6.2,2025-10-06 13:30:05
121909,485273,2025-06-04 02:03:07,normal,Performance,1,31.3,2025-06-05 09:21:07
924625,487099,2025-06-16 17:57:45,low,Integrations,5,145.5,2025-06-22 19:27:45
932889,911125,2025-02-05 16:46:07,normal,Feature Request,,,
170617,951550,2025-06-17 13:25:35,normal,Feature Request,4,13.5,2025-06-18 02:55:35
91775,872833,2025-08-30 07:23:24,normal,Performance,5,55.1,2025-09-01 14:29:24
983409,563394,2025-12-03 09:38:12,normal,Feature Request,,,
768109,356711,2025-01-30 07:08:11,normal,Performance,4,23.6,2025-01-31 06:44:11
236412,301920,2025-12-17 15:42:20,low,Feature Request,,,
63119,562219,2025-11-08 06:08:39,normal,Performance,5,47.4,2025-11-10 05:32:39
161420,822504,2025-03-13 10:43:22,low,Onboarding,5,30.5,2025-03-14 17:13:22
50232,359578,2025-05-21 14:09:03,normal,Integrations,5,23.1,2025-05-22 13:15:03
977659,873654,2025-08-01 18:30:44,low,Integrations,5,34.9,2025-08-03 05:24:44
511615,685576,2025-07-21 01:13:29,normal,Performance,3,45.8,2025-07-22 23:01:29
286045,685576,2025-08-28 11:04:50,normal,Integrations,,,
800262,414105,2025-10-22 19:08:58,low,Feature Request,,,
367272,951176,2025-08-01 09:03:33,low,Onboarding,,,
832779,530957,2025-07-08 16:36:25,low,Feature Request,3,24.1,2025-07-09 16:42:25
984362,580435,2025-02-10 08:44:57,normal,Bug Report,,,
373357,870271,2025-01-20 07:18:39,low,Bug Report,3,34.0,2025-01-21 17:18:39
803776,359178,2025-05-29 12:30:09,normal,Performance,5,39.2,2025-05-31 03:42:09
814265,921303,2025-04-27 20:30:56,normal,Billing,3,42.2,2025-04-29 14:42:56
837818,263552,2025-08-23 08:42:28,low,Feature Request,3,14.1,2025-08-23 22:48:28
133549,359748,2025-02-13 14:32:34,urgent,Billing,5,4.8,2025-02-13 19:20:34
480987,607403,2025-05-28 01:04:10,normal,Billing,4,23.7,2025-05-29 00:46:10
452464,201370,2025-03-25 14:55:33,high,Bug Report,3,6.2,2025-03-25 21:07:33
801894,696751,2025-09-24 15:48:53,high,Bug Report,5,9.5,2025-09-25 01:18:53
809150,910761,2025-10-24 17:05:09,low,Bug Report,5,79.2,2025-10-28 00:17:09
708768,873654,2025-08-02 06:01:13,high,Bug Report,5,4.8,2025-08-02 10:49:13
952538,139506,2025-05-08 06:29:33,normal,Bug Report,4,6.8,2025-05-08 13:17:33
482980,597040,2025-04-20 10:26:10,normal,Billing,5,40.4,2025-04-22 02:50:10
141918,419173,2025-05-06 09:46:29,low,Billing,5,44.7,2025-05-08 06:28:29
885899,810060,2025-01-12 11:16:59,normal,Integrations,4,29.4,2025-01-13 16:40:59
966269,646333,2025-11-01 16:42:20,high,Integrations,5,15.0,2025-11-02 07:42:20
193909,481021,2025-07-12 10:52:42,normal,Feature Request,3,36.9,2025-07-13 23:46:42
379759,232216,2025-04-13 09:36:07,low,Onboarding,4,32.0,2025-04-14 17:36:07
768484,560307,2025-04-08 17:04:53,urgent,Integrations,4,1.4,2025-04-08 18:28:53
963617,592127,2025-09-09 14:35:04,normal,Integrations,5,46.8,2025-09-11 13:23:04
218522,169880,2025-09-03 20:43:40,high,Onboarding,5,14.6,2025-09-04 11:19:40
234171,383211,2025-10-26 12:08:21,low,Integrations,5,37.8,2025-10-28 01:56:21
571007,383211,2025-06-25 10:06:08,normal,Performance,5,46.2,2025-06-27 08:18:08
34950,217404,2025-03-18 11:50:18,normal,Integrations,3,30.9,2025-03-19 18:44:18
155519,203708,2025-08-21 08:27:19,low,Integrations,,,
692005,440025,2025-11-10 07:08:07,normal,Billing,4,4.6,2025-11-10 11:44:07
164368,451436,2025-04-13 21:22:11,normal,Onboarding,4,31.3,2025-04-15 04:40:11
787880,247003,2025-08-18 17:41:59,urgent,Onboarding,1,3.9,2025-08-18 21:35:59
44937,329586,2025-05-19 10:56:19,high,Billing,5,5.4,2025-05-19 16:20:19
598105,832087,2025-09-13 13:32:41,normal,Feature Request,5,36.4,2025-09-15 01:56:41
355086,248669,2025-06-20 16:43:24,low,Performance,4,109.0,2025-06-25 05:43:24
910673,575421,2025-05-28 12:28:29,normal,Billing,5,50.0,2025-05-30 14:28:29
202369,951550,2025-09-01 09:17:26,high,Billing,5,22.8,2025-09-02 08:05:26
78922,451436,2025-09-28 11:57:00,urgent,Performance,4,3.1,2025-09-28 15:03:00
231080,443866,2025-04-18 17:32:41,normal,Onboarding,5,32.9,2025-04-20 02:26:41
39601,213004,2025-03-16 15:07:46,normal,Integrations,3,25.8,2025-03-17 16:55:46
152953,925364,2025-08-07 12:04:41,normal,Bug Report,5,12.7,2025-08-08 00:46:41
475803,911267,2025-07-27 16:29:32,high,Integrations,3,13.5,2025-07-28 05:59:32
935106,617749,2025-04-03 17:20:08,normal,Bug Report,5,40.4,2025-04-05 09:44:08
303649,487420,2025-04-02 13:39:50,low,Feature Request,4,40.9,2025-04-04 06:33:50
162761,675202,2025-12-22 13:01:53,high,Performance,5,21.0,2025-12-23 10:01:53
337427,843432,2025-07-08 10:13:22,urgent,Bug Report,5,3.9,2025-07-08 14:07:22
417884,907943,2025-11-13 22:33:15,low,Onboarding,1,94.0,2025-11-17 20:33:15
500469,158251,2025-12-14 15:25:51,normal,Integrations,4,25.4,2025-12-15 16:49:51
943888,390602,2025-08-25 23:19:19,high,Integrations,1,6.7,2025-08-26 06:01:19
86154,153452,2025-05-22 16:49:40,low,Billing,2,56.4,2025-05-25 01:13:40
562642,583252,2025-02-27 16:28:30,high,Integrations,4,21.1,2025-02-28 13:34:30
973740,775527,2025-01-09 10:29:50,high,Onboarding,3,4.5,2025-01-09 14:59:50
189311,539755,2025-04-12 18:47:47,normal,Integrations,5,35.3,2025-04-14 06:05:47
643461,449270,2025-12-11 13:06:36,normal,Onboarding,4,54.2,2025-12-13 19:18:36
673263,877896,2025-10-04 13:30:27,low,Billing,5,97.4,2025-10-08 14:54:27
971506,647116,2025-12-18 07:03:45,normal,Performance,3,19.2,2025-12-19 02:15:45
639886,727732,2025-05-23 11:47:03,normal,Feature Request,5,23.2,2025-05-24 10:59:03
904513,731867,2025-05-01 22:20:51,normal,Billing,4,52.5,2025-05-04 02:50:51
686123,596031,2025-12-06 21:44:08,high,Feature Request,5,11.9,2025-12-07 09:38:08
809663,975689,2025-08-07 20:30:12,normal,Onboarding,3,32.3,2025-08-09 04:48:12
974307,644920,2025-12-02 08:38:42,low,Integrations,3,129.0,2025-12-07 17:38:42
378738,196331,2025-03-25 17:06:15,normal,Integrations,5,66.9,2025-03-28 12:00:15
125764,400628,2025-07-01 09:12:54,normal,Billing,5,16.1,2025-07-02 01:18:54
67782,729870,2025-12-19 11:26:32,normal,Performance,4,48.2,2025-12-21 11:38:32
251892,847537,2025-06-23 17:16:53,high,Performance,5,10.7,2025-06-24 03:58:53
719753,675202,2025-04-01 11:17:45,urgent,Feature Request,5,2.4,2025-04-01 13:41:45
563488,665974,2025-03-02 11:32:54,normal,Onboarding,,,
163298,526700,2025-03-07 13:50:46,low,Integrations,,,
954372,295860,2025-07-08 10:46:47,low,Billing,2,94.9,2025-07-12 09:40:47
597543,227254,2025-01-15 13:12:29,low,Bug Report,4,143.9,2025-01-21 13:06:29
400590,244208,2025-06-19 12:39:03,normal,Bug Report,4,25.5,2025-06-20 14:09:03
306956,350292,2025-01-12 17:54:49,high,Onboarding,5,21.0,2025-01-13 14:54:49
867267,331341,2025-09-11 14:41:03,low,Onboarding,5,62.6,2025-09-14 05:17:03
221301,232159,2025-09-01 05:05:28,urgent,Performance,5,5.9,2025-09-01 10:59:28
691132,911267,2025-12-09 10:08:43,urgent,Bug Report,5,4.5,2025-12-09 14:38:43
753067,380284,2025-08-02 14:50:08,normal,Feature Request,3,21.2,2025-08-03 12:02:08
302151,221118,2025-06-04 10:50:15,normal,Onboarding,5,34.2,2025-06-05 21:02:15
740375,662023,2025-03-29 22:34:02,low,Feature Request,3,57.2,2025-04-01 07:46:02
346166,269728,2025-03-20 14:00:51,high,Bug Report,5,18.3,2025-03-21 08:18:51
889135,990741,2025-08-10 13:45:37,low,Onboarding,3,26.3,2025-08-11 16:03:37
684967,326211,2025-09-12 09:06:53,high,Integrations,5,16.3,2025-09-13 01:24:53
350666,970221,2025-03-06 07:54:09,normal,Integrations,5,56.8,2025-03-08 16:42:09
996514,288798,2025-10-17 18:39:09,normal,Billing,4,25.6,2025-10-18 20:15:09
538360,540498,2025-06-18 09:57:46,normal,Integrations,3,19.3,2025-06-19 05:15:46
928673,744444,2025-01-15 12:23:55,high,Billing,1,8.0,2025-01-15 20:23:55
690719,919775,2025-12-07 11:42:42,high,Performance,3,20.3,2025-12-08 08:00:42
700182,110840,2025-06-16 09:01:36,normal,Feature Request,4,21.1,2025-06-17 06:07:36
760527,119546,2025-01-06 15:39:53,urgent,Bug Report,3,7.4,2025-01-06 23:03:53
765703,567592,2025-06-13 11:16:02,normal,Feature Request,,,
264613,952233,2025-05-06 11:18:26,high,Performance,3,13.2,2025-05-07 00:30:26
315603,969783,2025-11-06 09:14:58,high,Performance,5,14.4,2025-11-06 23:38:58
880819,978965,2025-10-11 11:37:18,high,Bug Report,4,8.1,2025-10-11 19:43:18
57058,735377,2025-03-28 17:46:28,normal,Performance,5,8.0,2025-03-29 01:46:28
53931,600525,2025-08-22 13:05:51,low,Bug Report,5,56.2,2025-08-24 21:17:51
170687,378702,2025-01-22 13:48:37,high,Integrations,4,11.9,2025-01-23 01:42:37
846425,676881,2025-04-23 10:28:07,high,Billing,5,4.7,2025-04-23 15:10:07
700259,765110,2025-12-06 11:23:13,low,Bug Report,5,66.2,2025-12-09 05:35:13
2161,419173,2025-04-12 01:22:48,normal,Integrations,5,43.9,2025-04-13 21:16:48
287228,223459,2025-10-30 16:01:39,normal,Integrations,1,21.4,2025-10-31 13:25:39
26828,645195,2025-02-12 15:05:49,normal,Integrations,5,28.3,2025-02-13 19:23:49
523971,757620,2025-02-19 16:49:08,low,Integrations,3,27.3,2025-02-20 20:07:08
99850,899547,2025-04-28 11:52:29,normal,Integrations,5,14.1,2025-04-29 01:58:29
412226,901636,2025-07-11 12:40:27,high,Bug Report,,,
570767,139506,2025-05-06 16:47:06,low,Billing,4,75.1,2025-05-09 19:53:06
635996,492337,2025-09-27 01:00:58,normal,Onboarding,3,60.3,2025-09-29 13:18:58
185147,256231,2025-01-25 18:58:21,normal,Onboarding,4,44.5,2025-01-27 15:28:21
746401,479650,2025-09-01 09:26:26,high,Billing,4,11.8,2025-09-01 21:14:26
423132,140197,2025-02-28 16:20:02,normal,Performance,1,8.3,2025-03-01 00:38:02
173996,445354,2025-12-12 21:06:35,low,Bug Report,5,34.2,2025-12-14 07:18:35
541816,886365,2025-04-06 17:36:59,normal,Bug Report,4,49.2,2025-04-08 18:48:59
241889,812313,2025-04-15 11:36:16,high,Bug Report,,,
177511,138819,2025-07-12 15:24:40,normal,Integrations,5,25.8,2025-07-13 17:12:40
535783,765110,2025-06-28 06:00:45,normal,Performance,4,30.5,2025-06-29 12:30:45
102743,269054,2025-04-22 10:26:57,normal,Integrations,4,37.8,2025-04-24 00:14:57
593080,790797,2025-04-29 08:32:57,normal,Performance,4,14.3,2025-04-29 22:50:57
978231,968396,2025-04-21 12:05:46,normal,Billing,5,55.4,2025-04-23 19:29:46
431902,899547,2025-06-15 09:29:57,normal,Bug Report,5,45.3,2025-06-17 06:47:57
204055,627910,2025-01-11 11:52:07,normal,Bug Report,3,36.2,2025-01-13 00:04:07
454986,491474,2025-05-02 20:49:52,normal,Integrations,5,19.9,2025-05-03 16:43:52
870241,910761,2025-08-06 03:20:39,low,Performance,5,31.2,2025-08-07 10:32:39
925189,252079,2025-05-21 08:20:41,urgent,Performance,1,3.1,2025-05-21 11:26:41
213187,312337,2025-12-27 17:21:41,low,Integrations,3,72.0,2025-12-30 17:21:41
744290,358468,2025-07-30 06:08:34,normal,Billing,,,
18364,600525,2025-08-22 23:02:41,normal,Bug Report,5,55.2,2025-08-25 06:14:41
774195,961918,2025-11-24 10:34:49,low,Bug Report,4,49.6,2025-11-26 12:10:49
755102,280961,2025-11-21 09:58:49,normal,Onboarding,,,
714376,823165,2025-11-19 10:13:04,normal,Billing,4,5.6,2025-11-19 15:49:04
439274,495640,2025-01-20 09:55:31,low,Billing,4,51.2,2025-01-22 13:07:31
925739,870010,2025-06-11 12:05:42,high,Billing,5,19.5,2025-06-12 07:35:42
159553,132627,2025-10-25 19:14:57,normal,Onboarding,5,36.2,2025-10-27 07:26:57
976489,674609,2025-02-18 08:42:58,high,Performance,3,5.4,2025-02-18 14:06:58
295941,248669,2025-09-29 20:47:15,normal,Onboarding,5,44.1,2025-10-01 16:53:15
402667,314260,2025-12-21 16:50:45,high,Integrations,,,
190257,394508,2025-10-06 18:03:42,normal,Onboarding,5,33.2,2025-10-08 03:15:42
461745,304962,2025-06-17 13:00:57,normal,Bug Report,4,23.4,2025-06-18 12:24:57
136111,782825,2025-07-07 12:16:37,normal,Bug Report,1,58.0,2025-07-09 22:16:37
636458,571416,2025-08-28 15:43:11,normal,Performance,5,21.6,2025-08-29 13:19:11
897917,751178,2025-08-24 10:28:58,normal,Feature Request,5,47.2,2025-08-26 09:40:58
770335,104172,2025-08-03 19:23:34,low,Performance,5,96.0,2025-08-07 19:23:34
579377,838808,2025-09-20 09:34:44,normal,Bug Report,,,
419526,599218,2025-02-02 12:49:33,high,Feature Request,3,10.5,2025-02-02 23:19:33
551882,452579,2025-10-03 09:02:55,normal,Integrations,5,56.4,2025-10-05 17:26:55
537706,411362,2025-02-13 13:11:41,normal,Onboarding,5,60.3,2025-02-16 01:29:41
438092,894894,2025-03-10 10:21:18,urgent,Integrations,3,1.9,2025-03-10 12:15:18
359842,911125,2025-05-29 13:43:47,normal,Performance,,,
138406,930786,2025-08-25 14:52:06,high,Performance,1,4.5,2025-08-25 19:22:06
461272,789095,2025-05-17 08:07:56,normal,Onboarding,4,26.9,2025-05-18 11:01:56
792401,871334,2025-01-27 04:57:29,low,Integrations,5,53.0,2025-01-29 09:57:29
895841,183180,2025-08-27 18:43:46,normal,Integrations,3,28.4,2025-08-28 23:07:46
540136,397763,2025-01-26 09:06:24,normal,Performance,5,42.1,2025-01-28 03:12:24
216055,828822,2025-06-24 10:22:39,normal,Performance,2,19.2,2025-06-25 05:34:39
228286,685200,2025-05-18 20:39:08,high,Integrations,3,14.2,2025-05-19 10:51:08
271061,278870,2025-06-18 08:47:58,high,Bug Report,3,11.3,2025-06-18 20:05:58
669095,247003,2025-02-20 11:43:08,high,Onboarding,4,9.7,2025-02-20 21:25:08
182885,983961,2025-11-12 00:42:29,normal,Bug Report,5,13.4,2025-11-12 14:06:29
574021,440806,2025-06-07 17:50:24,low,Performance,5,70.3,2025-06-10 16:08:24
103436,694103,2025-10-18 15:41:45,normal,Performance,5,30.2,2025-10-19 21:53:45
699895,216101,2025-04-30 06:07:41,normal,Billing,4,10.6,2025-04-30 16:43:41
32156,179746,2025-01-29 05:53:33,normal,Feature Request,4,46.3,2025-01-31 04:11:33
744223,170008,2025-08-30 10:07:30,normal,Billing,5,58.1,2025-09-01 20:13:30
531374,888218,2025-12-04 10:32:12,normal,Billing,4,14.6,2025-12-05 01:08:12
631055,355983,2025-10-21 15:18:29,high,Billing,5,6.2,2025-10-21 21:30:29
470339,627910,2025-04-26 13:53:19,normal,Feature Request,4,40.4,2025-04-28 06:17:19
171145,740262,2025-10-16 17:13:42,normal,Integrations,5,31.2,2025-10-18 00:25:42
218424,335302,2025-01-07 15:52:48,normal,Onboarding,5,36.1,2025-01-09 03:58:48
515400,176590,2025-07-09 09:12:04,low,Bug Report,5,113.5,2025-07-14 02:42:04
710294,983961,2025-10-31 14:19:40,normal,Integrations,5,25.0,2025-11-01 15:19:40
632831,318162,2025-03-13 09:05:29,low,Onboarding,,,
972803,814957,2025-06-01 18:20:30,normal,Feature Request,5,30.9,2025-06-03 01:14:30
971643,910761,2025-12-06 23:45:57,normal,Bug Report,1,13.2,2025-12-07 12:57:57
359466,248669,2025-05-27 11:59:34,normal,Bug Report,4,17.2,2025-05-28 05:11:34
611398,768193,2025-04-07 15:20:36,normal,Feature Request,4,37.3,2025-04-09 04:38:36
187311,644920,2025-07-20 02:18:47,high,Onboarding,4,7.3,2025-07-20 09:36:47
313540,966960,2025-07-08 13:24:03,urgent,Performance,4,7.0,2025-07-08 20:24:03
729820,515718,2025-10-08 21:19:12,high,Performance,,,
643721,769811,2025-10-13 17:04:38,normal,Onboarding,5,45.7,2025-10-15 14:46:38
919078,618509,2025-09-21 11:02:09,normal,Integrations,5,18.0,2025-09-22 05:02:09
997250,632926,2025-08-07 21:50:41,low,Bug Report,1,96.8,2025-08-11 22:38:41
715448,802565,2025-09-06 10:50:10,low,Integrations,,,
141890,397763,2025-11-13 19:10:42,normal,Bug Report,3,38.2,2025-11-15 09:22:42
120447,301959,2025-11-13 17:12:54,low,Performance,1,111.6,2025-11-18 08:48:54
152979,212090,2025-02-13 15:31:25,normal,Onboarding,4,69.3,2025-02-16 12:49:25
222362,623050,2025-10-13 11:22:15,urgent,Onboarding,,,
16761,499701,2025-11-10 14:43:02,low,Feature Request,4,111.0,2025-11-15 05:43:02
741469,530957,2025-03-17 02:51:36,high,Performance,5,11.9,2025-03-17 14:45:36
528268,943858,2025-07-23 05:38:39,normal,Onboarding,3,24.8,2025-07-24 06:26:39
112582,412093,2025-08-10 10:42:40,normal,Integrations,1,53.5,2025-08-12 16:12:40
57538,143122,2025-09-25 16:09:23,low,Bug Report,5,31.2,2025-09-26 23:21:23
455474,819199,2025-12-13 12:52:14,normal,Feature Request,1,18.6,2025-12-14 07:28:14
744922,819790,2025-04-15 07:44:22,normal,Integrations,3,67.8,2025-04-18 03:32:22
689094,902628,2025-11-10 16:05:37,high,Feature Request,4,12.4,2025-11-11 04:29:37
314067,726509,2025-11-11 09:35:21,low,Integrations,2,103.5,2025-11-15 17:05:21
360493,870241,2025-02-10 18:12:28,normal,Billing,1,47.2,2025-02-12 17:24:28
830246,228499,2025-10-03 14:22:38,normal,Integrations,3,13.0,2025-10-04 03:22:38
781424,218565,2025-05-22 15:10:10,normal,Bug Report,5,59.8,2025-05-25 02:58:10
135821,383211,2025-05-08 15:51:45,normal,Bug Report,4,14.2,2025-05-09 06:03:45
324274,290492,2025-12-01 12:46:17,urgent,Bug Report,3,2.3,2025-12-01 15:04:17
901206,917801,2025-03-27 17:14:45,low,Integrations,5,119.9,2025-04-01 17:08:45
28645,529391,2025-06-29 17:40:12,low,Bug Report,5,126.9,2025-07-05 00:34:12
237574,170417,2025-12-01 15:20:00,low,Integrations,5,29.6,2025-12-02 20:56:00
470667,511879,2025-07-25 16:30:08,low,Billing,5,121.5,2025-07-30 18:00:08
117151,290492,2025-05-27 18:36:42,normal,Integrations,4,30.3,2025-05-29 00:54:42
247625,411362,2025-05-27 10:58:49,low,Onboarding,4,27.4,2025-05-28 14:22:49
57544,190126,2025-01-14 10:54:18,normal,Bug Report,1,37.5,2025-01-16 00:24:18
482376,179746,2025-12-26 17:16:28,urgent,Billing,5,1.6,2025-12-26 18:52:28
591302,930679,2025-08-30 16:11:56,normal,Integrations,4,14.4,2025-08-31 06:35:56
647085,539755,2025-09-26 10:14:23,normal,Integrations,,,
523940,148986,2025-07-02 16:41:17,urgent,Onboarding,5,6.0,2025-07-02 22:41:17
944366,877896,2025-06-29 00:29:29,high,Integrations,4,10.3,2025-06-29 10:47:29
691330,626504,2025-06-18 12:44:47,normal,Integrations,4,16.5,2025-06-19 05:14:47
394932,466834,2025-01-29 14:52:54,normal,Integrations,3,7.2,2025-01-29 22:04:54
665172,265516,2025-03-25 17:33:24,low,Integrations,,,
676639,704441,2025-08-19 00:12:34,low,Bug Report,,,
777439,916616,2025-10-30 13:33:00,normal,Billing,4,7.4,2025-10-30 20:57:00
799201,861024,2025-10-23 14:46:06,normal,Feature Request,5,48.7,2025-10-25 15:28:06
359694,412644,2025-12-07 18:06:05,low,Performance,,,
515816,679825,2025-01-21 14:48:14,low,Billing,5,88.5,2025-01-25 07:18:14
865527,416704,2025-10-07 12:00:43,normal,Feature Request,5,10.7,2025-10-07 22:42:43
981285,217404,2025-05-05 13:23:01,high,Billing,3,14.3,2025-05-06 03:41:01
528748,331536,2025-12-06 08:12:07,high,Bug Report,4,11.6,2025-12-06 19:48:07
455032,216101,2025-11-23 13:23:34,normal,Integrations,4,46.4,2025-11-25 11:47:34
722965,129145,2025-10-01 07:54:34,normal,Bug Report,4,12.4,2025-10-01 20:18:34
204732,244208,2025-10-09 09:41:19,normal,Billing,5,33.2,2025-10-10 18:53:19
359465,364738,2025-10-16 15:06:11,low,Billing,1,97.5,2025-10-20 16:36:11
404026,919974,2025-11-09 09:58:44,normal,Performance,4,32.7,2025-11-10 18:40:44
280165,562219,2025-05-28 14:35:49,urgent,Billing,4,3.8,2025-05-28 18:23:49
559422,350292,2025-11-05 09:59:44,low,Integrations,5,109.0,2025-11-09 22:59:44
554624,117687,2025-12-26 11:06:41,normal,Onboarding,,,
18714,727242,2025-12-27 08:39:53,normal,Billing,5,36.1,2025-12-28 20:45:53
649304,645195,2025-01-07 04:06:25,normal,Performance,5,47.9,2025-01-09 04:00:25
734397,872833,2025-02-20 21:27:22,normal,Integrations,5,46.3,2025-02-22 19:45:22
289592,173985,2025-02-05 17:49:55,low,Onboarding,5,117.6,2025-02-10 15:25:55
969537,176599,2025-07-21 21:34:38,low,Performance,4,83.5,2025-07-25 09:04:38
144880,457669,2025-10-25 14:55:51,high,Billing,1,5.3,2025-10-25 20:13:51
667847,583252,2025-11-03 15:25:34,normal,Feature Request,3,64.4,2025-11-06 07:49:34
566661,887991,2025-10-12 11:25:50,urgent,Feature Request,4,5.3,2025-10-12 16:43:50
683944,810060,2025-07-01 21:54:39,low,Feature Request,5,50.8,2025-07-04 00:42:39
264019,474008,2025-06-25 16:48:23,low,Feature Request,1,65.4,2025-06-28 10:12:23
400914,691620,2025-01-10 10:15:43,high,Integrations,4,21.0,2025-01-11 07:15:43
213536,216864,2025-01-22 11:56:16,low,Billing,4,109.2,2025-01-27 01:08:16
459603,315175,2025-12-23 14:22:05,low,Feature Request,3,119.9,2025-12-28 14:16:05
383628,785078,2025-03-08 15:29:26,normal,Bug Report,4,42.3,2025-03-10 09:47:26
937436,826663,2025-08-07 00:31:48,normal,Performance,4,42.1,2025-08-08 18:37:48
364526,973987,2025-05-16 07:37:38,low,Onboarding,1,76.7,2025-05-19 12:19:38
961317,288150,2025-08-03 08:36:55,low,Bug Report,2,42.7,2025-08-05 03:18:55
153692,967279,2025-12-16 10:03:12,normal,Billing,4,41.8,2025-12-18 03:51:12
520522,444827,2025-05-14 03:38:36,normal,Onboarding,5,54.3,2025-05-16 09:56:36
410255,449270,2025-03-15 11:34:53,low,Billing,5,29.2,2025-03-16 16:46:53
271378,810060,2025-11-23 07:52:30,urgent,Integrations,2,3.7,2025-11-23 11:34:30
838505,473143,2025-12-25 00:55:06,low,Billing,5,59.8,2025-12-27 12:43:06
173090,358134,2025-11-13 16:59:07,normal,Integrations,3,36.0,2025-11-15 04:59:07
492405,824578,2025-07-30 10:34:39,normal,Bug Report,5,26.4,2025-07-31 12:58:39
455291,271695,2025-10-13 07:40:14,high,Billing,5,5.5,2025-10-13 13:10:14
998915,679810,2025-09-28 02:58:05,normal,Billing,3,58.4,2025-09-30 13:22:05
914419,252591,2025-06-21 16:36:40,low,Onboarding,3,13.2,2025-06-22 05:48:40
701890,654271,2025-08-18 11:50:59,urgent,Billing,4,4.3,2025-08-18 16:08:59
201786,301920,2025-01-26 11:56:29,low,Feature Request,4,45.0,2025-01-28 08:56:29
721635,978965,2025-01-03 09:06:51,urgent,Feature Request,5,5.3,2025-01-03 14:24:51
105298,177341,2025-10-22 16:40:00,high,Integrations,4,12.9,2025-10-23 05:34:00
96376,556047,2025-03-12 14:36:41,normal,Billing,4,52.9,2025-03-14 19:30:41
340549,731867,2025-12-25 15:17:16,normal,Integrations,5,34.6,2025-12-27 01:53:16
271560,619995,2025-10-18 11:54:21,high,Bug Report,2,20.3,2025-10-19 08:12:21
222681,721049,2025-11-08 09:12:21,normal,Integrations,5,28.6,2025-11-09 13:48:21
234394,615864,2025-10-17 15:27:23,urgent,Feature Request,4,2.6,2025-10-17 18:03:23
459448,987167,2025-08-14 16:45:14,low,Bug Report,5,72.4,2025-08-17 17:09:14
618064,618152,2025-08-29 16:30:45,low,Integrations,4,37.8,2025-08-31 06:18:45
653172,910761,2025-12-17 07:58:26,low,Bug Report,4,40.0,2025-12-18 23:58:26
841661,729499,2025-01-09 11:25:41,normal,Integrations,5,48.6,2025-01-11 12:01:41
709606,393626,2025-09-07 08:42:07,low,Performance,1,122.5,2025-09-12 11:12:07
578758,523028,2025-12-06 12:08:24,normal,Performance,3,35.8,2025-12-07 23:56:24
933476,216101,2025-03-31 09:02:17,normal,Integrations,,,
576284,491474,2025-05-03 16:43:57,high,Bug Report,3,5.7,2025-05-03 22:25:57
444391,970221,2025-02-01 10:28:54,normal,Onboarding,,,
151940,826663,2025-04-19 15:11:54,urgent,Bug Report,3,4.9,2025-04-19 20:05:54
665730,679810,2025-07-05 05:41:02,normal,Billing,4,39.4,2025-07-06 21:05:02
755962,414105,2025-11-29 17:42:16,urgent,Performance,4,3.7,2025-11-29 21:24:16
596213,201572,2025-09-22 20:32:24,high,Integrations,3,5.3,2025-09-23 01:50:24
728941,734926,2025-10-07 07:29:48,low,Billing,,,
125313,902662,2025-09-08 05:58:04,high,Feature Request,3,14.1,2025-09-08 20:04:04
698630,295860,2025-10-10 15:15:26,normal,Bug Report,5,8.5,2025-10-10 23:45:26
727095,807582,2025-09-22 20:47:28,high,Billing,3,9.8,2025-09-23 06:35:28
601888,883487,2025-02-10 12:10:30,low,Integrations,5,110.5,2025-02-15 02:40:30
174105,675202,2025-11-26 05:20:58,normal,Performance,5,68.0,2025-11-29 01:20:58
821485,488220,2025-04-23 17:14:42,normal,Bug Report,4,60.6,2025-04-26 05:50:42
968148,723271,2025-08-20 15:19:18,normal,Feature Request,4,8.3,2025-08-20 23:37:18
502117,171084,2025-06-09 15:06:21,normal,Feature Request,5,43.6,2025-06-11 10:42:21
364738,486582,2025-02-23 11:10:31,normal,Bug Report,,,
377692,871334,2025-08-30 13:57:59,high,Feature Request,5,15.9,2025-08-31 05:51:59
627884,198781,2025-01-12 16:25:36,high,Billing,5,19.4,2025-01-13 11:49:36
30720,393626,2025-06-24 09:01:56,urgent,Integrations,3,2.4,2025-06-24 11:25:56
229015,416704,2025-05-12 13:16:27,low,Integrations,3,53.9,2025-05-14 19:10:27
12459,259373,2025-05-05 22:40:54,high,Performance,5,14.3,2025-05-06 12:58:54
920087,259984,2025-02-20 16:43:49,urgent,Integrations,3,5.4,2025-02-20 22:07:49
599970,597040,2025-02-21 11:29:00,high,Bug Report,4,9.0,2025-02-21 20:29:00
866509,375756,2025-12-05 09:29:49,urgent,Integrations,1,1.6,2025-12-05 11:05:49
995739,184233,2025-05-24 14:36:00,low,Integrations,5,36.1,2025-05-26 02:42:00
747022,909042,2025-10-22 10:36:52,high,Billing,5,13.3,2025-10-22 23:54:52
198146,207113,2025-08-27 12:44:49,low,Billing,1,55.8,2025-08-29 20:32:49
369282,393626,2025-11-22 15:42:40,high,Billing,3,9.5,2025-11-23 01:12:40
811386,807582,2025-12-06 10:23:34,low,Integrations,5,39.8,2025-12-08 02:11:34
879651,113010,2025-07-20 10:05:16,normal,Bug Report,2,18.9,2025-07-21 04:59:16
425382,805850,2025-08-13 08:58:06,normal,Bug Report,2,37.8,2025-08-14 22:46:06
547994,837734,2025-09-23 10:16:37,low,Integrations,5,71.7,2025-09-26 09:58:37
93785,263552,2025-04-23 13:45:05,normal,Performance,4,14.4,2025-04-24 04:09:05
720639,564779,2025-07-18 10:11:46,normal,Integrations,2,45.1,2025-07-20 07:17:46
774403,209357,2025-09-09 22:07:29,low,Integrations,5,12.2,2025-09-10 10:19:29
756675,555768,2025-09-26 19:32:44,normal,Performance,5,40.4,2025-09-28 11:56:44
245327,562219,2025-04-30 22:50:00,normal,Performance,5,10.6,2025-05-01 09:26:00
593448,288393,2025-01-15 17:34:57,high,Billing,3,15.0,2025-01-16 08:34:57
825196,375756,2025-11-11 07:56:55,normal,Performance,4,62.3,2025-11-13 22:14:55
887011,265516,2025-11-21 07:16:36,normal,Bug Report,5,44.5,2025-11-23 03:46:36
294002,269728,2025-09-15 15:11:34,normal,Integrations,5,42.1,2025-09-17 09:17:34
162728,592127,2025-03-16 11:07:19,normal,Onboarding,,,
410409,713866,2025-01-28 14:22:34,normal,Bug Report,5,56.1,2025-01-30 22:28:34
584203,431648,2025-07-06 08:54:48,normal,Feature Request,5,54.9,2025-07-08 15:48:48
323348,724051,2025-07-15 13:34:20,urgent,Bug Report,4,2.4,2025-07-15 15:58:20
96932,353738,2025-11-14 15:15:23,normal,Bug Report,3,46.7,2025-11-16 13:57:23
437083,108657,2025-11-15 09:46:22,normal,Performance,2,15.6,2025-11-16 01:22:22
520289,899024,2025-03-01 13:38:58,high,Onboarding,4,14.2,2025-03-02 03:50:58
953200,815996,2025-04-04 17:38:34,normal,Billing,5,36.9,2025-04-06 06:32:34
861473,634053,2025-01-25 10:30:24,high,Feature Request,5,7.5,2025-01-25 18:00:24
444488,106212,2025-05-26 15:24:30,low,Integrations,5,28.5,2025-05-27 19:54:30
238869,200631,2025-09-12 14:38:36,normal,Billing,4,20.5,2025-09-13 11:08:36
618034,774503,2025-06-13 18:53:48,high,Performance,4,7.5,2025-06-14 02:23:48
506530,812313,2025-04-16 23:43:44,normal,Feature Request,5,39.1,2025-04-18 14:49:44
843121,729073,2025-09-02 11:14:16,low,Onboarding,5,68.2,2025-09-05 07:26:16
805766,443866,2025-09-14 09:02:34,low,Billing,5,54.4,2025-09-16 15:26:34
166757,192010,2025-08-23 01:02:11,high,Performance,4,14.9,2025-08-23 15:56:11
859576,555768,2025-02-12 14:16:17,normal,Performance,2,62.4,2025-02-15 04:40:17
997244,845929,2025-11-24 22:31:02,low,Performance,4,82.1,2025-11-28 08:37:02
586252,861107,2025-04-21 10:39:47,low,Feature Request,4,74.0,2025-04-24 12:39:47
346249,722460,2025-12-19 09:31:52,low,Integrations,3,93.9,2025-12-23 07:25:52
40496,256035,2025-08-10 17:38:19,low,Onboarding,5,31.7,2025-08-12 01:20:19
863910,739739,2025-09-03 11:37:01,normal,Billing,4,14.5,2025-09-04 02:07:01
202348,603842,2025-06-05 11:41:07,normal,Bug Report,5,32.5,2025-06-06 20:11:07
970845,316254,2025-09-02 05:48:38,urgent,Bug Report,5,3.9,2025-09-02 09:42:38
885842,617749,2025-04-03 19:18:05,low,Integrations,2,96.5,2025-04-07 19:48:05
682889,700790,2025-06-05 09:00:38,low,Bug Report,3,122.1,2025-06-10 11:06:38
659851,207113,2025-12-16 08:39:13,low,Bug Report,4,56.7,2025-12-18 17:21:13
578911,290620,2025-04-14 15:48:17,normal,Billing,5,39.2,2025-04-16 07:00:17
761541,261774,2025-06-14 21:44:14,low,Bug Report,4,128.2,2025-06-20 05:56:14
58688,339409,2025-09-20 18:20:02,normal,Billing,5,21.2,2025-09-21 15:32:02
897282,633095,2025-05-20 15:44:28,low,Performance,4,103.1,2025-05-24 22:50:28
79950,604851,2025-08-20 17:24:19,low,Integrations,2,21.6,2025-08-21 15:00:19
365729,234922,2025-09-25 09:40:49,high,Integrations,5,20.8,2025-09-26 06:28:49
761263,164080,2025-03-21 14:24:33,normal,Billing,5,51.0,2025-03-23 17:24:33
751929,876549,2025-11-07 08:34:45,normal,Performance,5,49.9,2025-11-09 10:28:45
16046,310258,2025-03-24 14:26:30,low,Integrations,5,80.5,2025-03-27 22:56:30
836111,634412,2025-05-03 09:10:48,low,Billing,4,74.9,2025-05-06 12:04:48
412764,290620,2025-11-04 11:38:02,urgent,Integrations,4,4.4,2025-11-04 16:02:02
996188,516677,2025-08-24 19:28:07,normal,Bug Report,1,57.5,2025-08-27 04:58:07
178877,428057,2025-11-10 14:01:39,normal,Bug Report,3,15.7,2025-11-11 05:43:39
135988,636784,2025-05-12 09:05:58,normal,Billing,4,43.2,2025-05-14 04:17:58
820817,111647,2025-12-21 10:33:04,normal,Integrations,5,23.3,2025-12-22 09:51:04
990823,400628,2025-10-20 17:34:01,normal,Feature Request,,,
408017,228280,2025-02-28 18:01:39,low,Billing,4,73.8,2025-03-03 19:49:39
309727,374056,2025-09-07 22:57:36,high,Billing,4,15.1,2025-09-08 14:03:36
407534,930786,2025-07-23 20:33:52,normal,Billing,4,17.3,2025-07-24 13:51:52
889225,284692,2025-05-20 14:37:36,high,Performance,5,9.9,2025-05-21 00:31:36
253936,270148,2025-11-20 11:39:23,low,Performance,5,47.3,2025-11-22 10:57:23
442625,190126,2025-12-04 16:05:04,normal,Bug Report,1,22.3,2025-12-05 14:23:04
145014,304113,2025-01-02 07:29:12,normal,Bug Report,5,53.4,2025-01-04 12:53:12
448216,873644,2025-02-07 19:39:55,normal,Performance,5,48.2,2025-02-09 19:51:55
515523,962759,2025-08-04 10:38:13,normal,Performance,3,18.0,2025-08-05 04:38:13
27559,750844,2025-12-18 09:08:02,urgent,Bug Report,5,4.4,2025-12-18 13:32:02
451239,626850,2025-07-22 06:06:39,normal,Onboarding,5,16.2,2025-07-22 22:18:39
563060,190126,2025-09-30 09:54:40,high,Billing,5,12.4,2025-09-30 22:18:40
829172,983961,2025-06-06 21:40:37,normal,Feature Request,5,22.2,2025-06-07 19:52:37
889056,284939,2025-05-03 16:50:38,low,Integrations,4,95.3,2025-05-07 16:08:38
711854,262565,2025-10-21 14:18:47,normal,Billing,5,23.6,2025-10-22 13:54:47
610292,917868,2025-09-23 15:51:39,low,Bug Report,4,77.6,2025-09-26 21:27:39
875465,241202,2025-09-30 08:26:55,normal,Onboarding,,,
675065,118279,2025-02-04 17:06:34,normal,Bug Report,3,10.3,2025-02-05 03:24:34
494221,397763,2025-10-22 18:47:32,normal,Performance,4,45.1,2025-10-24 15:53:32
396435,688496,2025-02-25 06:19:41,normal,Billing,5,24.3,2025-02-26 06:37:41
36762,379292,2025-03-10 13:02:51,high,Onboarding,5,18.0,2025-03-11 07:02:51
527385,451238,2025-03-28 08:47:08,urgent,Performance,,,
16037,679825,2025-02-26 14:55:28,high,Integrations,4,4.6,2025-02-26 19:31:28
286021,563161,2025-06-08 08:29:49,normal,Bug Report,4,48.0,2025-06-10 08:29:49
729712,693331,2025-10-25 17:44:07,normal,Onboarding,,,
617720,555768,2025-08-09 13:05:46,low,Performance,4,90.7,2025-08-13 07:47:46
427910,676397,2025-11-09 14:36:52,normal,Feature Request,4,25.5,2025-11-10 16:06:52
959257,479493,2025-10-17 10:54:33,low,Integrations,1,98.2,2025-10-21 13:06:33
666817,909042,2025-10-09 14:36:47,normal,Billing,1,46.0,2025-10-11 12:36:47
364272,676603,2025-05-30 18:52:31,low,Bug Report,5,108.0,2025-06-04 06:52:31
958528,269978,2025-12-11 20:06:54,low,Bug Report,1,12.9,2025-12-12 09:00:54
165114,284939,2025-05-12 13:02:08,normal,Integrations,,,
202293,466636,2025-02-23 08:17:22,normal,Performance,4,46.9,2025-02-25 07:11:22
909433,621112,2025-09-19 15:27:46,low,Billing,5,70.0,2025-09-22 13:27:46
721613,206487,2025-03-30 14:06:16,low,Performance,5,149.2,2025-04-05 19:18:16
375872,981433,2025-08-23 09:01:25,normal,Bug Report,4,41.9,2025-08-25 02:55:25
111433,508782,2025-12-14 11:32:23,high,Billing,3,13.4,2025-12-15 00:56:23
2669,993977,2025-02-18 01:35:02,normal,Billing,1,50.8,2025-02-20 04:23:02
156126,961826,2025-03-01 15:36:30,normal,Billing,3,40.5,2025-03-03 08:06:30
163022,769811,2025-11-08 09:25:07,normal,Integrations,4,50.7,2025-11-10 12:07:07
644247,727242,2025-11-15 07:35:29,low,Feature Request,,,
904312,488457,2025-05-03 01:21:09,high,Onboarding,2,5.7,2025-05-03 07:03:09
806021,208561,2025-11-23 14:35:21,normal,Feature Request,4,17.9,2025-11-24 08:29:21
397704,828822,2025-11-08 07:17:18,normal,Billing,3,23.5,2025-11-09 06:47:18
244159,310258,2025-07-13 16:07:40,low,Integrations,4,120.1,2025-07-18 16:13:40
714992,481016,2025-05-29 10:26:39,low,Feature Request,3,79.4,2025-06-01 17:50:39
490550,207018,2025-10-18 10:53:57,normal,Feature Request,2,48.0,2025-10-20 10:53:57
365222,636784,2025-07-12 17:14:48,normal,Billing,5,26.7,2025-07-13 19:56:48
812640,318147,2025-08-27 11:22:24,low,Bug Report,5,84.9,2025-08-31 00:16:24
824349,320794,2025-09-25 14:44:42,normal,Integrations,5,26.9,2025-09-26 17:38:42
70554,254564,2025-10-16 13:59:22,normal,Bug Report,4,37.9,2025-10-18 03:53:22
752795,870271,2025-08-21 15:59:17,normal,Bug Report,5,26.5,2025-08-22 18:29:17
57397,805099,2025-11-15 09:12:17,urgent,Performance,5,4.4,2025-11-15 13:36:17
85215,169258,2025-04-10 17:39:16,high,Billing,,,
283564,157411,2025-02-16 08:14:15,normal,Feature Request,4,23.2,2025-02-17 07:26:15
515234,624539,2025-04-25 11:54:03,normal,Billing,3,32.6,2025-04-26 20:30:03
216399,558167,2025-09-16 09:43:21,low,Integrations,5,29.9,2025-09-17 15:37:21
419532,106212,2025-05-22 08:10:20,high,Performance,4,22.5,2025-05-23 06:40:20
194764,352867,2025-07-20 09:33:21,urgent,Billing,5,4.1,2025-07-20 13:39:21
380859,391164,2025-12-02 15:52:12,low,Onboarding,3,65.6,2025-12-05 09:28:12
34439,848451,2025-07-02 17:28:06,normal,Billing,5,44.0,2025-07-04 13:28:06
634242,237614,2025-04-15 15:47:38,urgent,Billing,5,5.1,2025-04-15 20:53:38
885938,856439,2025-02-24 13:51:57,normal,Bug Report,4,26.5,2025-02-25 16:21:57
581722,552380,2025-03-02 10:04:40,low,Onboarding,5,62.4,2025-03-05 00:28:40
829044,818984,2025-07-25 00:33:37,normal,Integrations,5,20.2,2025-07-25 20:45:37
223487,368540,2025-06-30 09:13:51,low,Bug Report,5,73.5,2025-07-03 10:43:51
494142,196472,2025-09-03 16:56:36,high,Bug Report,2,15.8,2025-09-04 08:44:36
856820,441792,2025-03-12 14:26:35,high,Billing,4,12.1,2025-03-13 02:32:35
627675,331536,2025-04-19 15:52:32,normal,Onboarding,4,43.4,2025-04-21 11:16:32
463116,207113,2025-03-14 11:59:35,urgent,Bug Report,5,5.8,2025-03-14 17:47:35
960907,991572,2025-09-04 14:39:21,high,Feature Request,4,11.1,2025-09-05 01:45:21
604430,358368,2025-02-28 15:41:15,normal,Bug Report,4,21.4,2025-03-01 13:05:15
852891,609487,2025-09-30 14:51:07,high,Feature Request,4,15.9,2025-10-01 06:45:07
579472,519899,2025-09-01 12:50:30,normal,Integrations,4,35.9,2025-09-03 00:44:30
588229,504630,2025-09-15 10:17:05,low,Billing,4,30.9,2025-09-16 17:11:05
542341,377997,2025-11-02 21:51:17,high,Feature Request,3,18.2,2025-11-03 16:03:17
527526,304113,2025-08-22 13:34:06,normal,Feature Request,1,26.7,2025-08-23 16:16:06
228968,895559,2025-11-06 13:54:25,high,Billing,3,13.1,2025-11-07 03:00:25
179313,556047,2025-08-21 09:13:17,normal,Billing,5,43.1,2025-08-23 04:19:17
238374,378702,2025-04-06 12:19:14,urgent,Billing,,,
804903,481953,2025-11-27 04:40:44,high,Bug Report,5,10.6,2025-11-27 15:16:44
440451,832207,2025-12-13 15:56:11,low,Bug Report,,,
710641,917868,2025-11-21 19:00:12,high,Bug Report,4,18.5,2025-11-22 13:30:12
16803,350292,2025-02-07 15:56:16,normal,Performance,4,30.0,2025-02-08 21:56:16
667767,481016,2025-08-16 10:06:49,low,Feature Request,4,130.6,2025-08-21 20:42:49
588508,742562,2025-10-14 10:15:25,normal,Bug Report,5,24.6,2025-10-15 10:51:25
88711,353111,2025-02-25 18:16:36,low,Integrations,4,76.2,2025-02-28 22:28:36
268445,961918,2025-05-13 10:57:30,high,Bug Report,5,3.6,2025-05-13 14:33:30
660902,714944,2025-01-26 07:41:24,low,Integrations,4,81.4,2025-01-29 17:05:24
84583,951176,2025-04-12 16:18:12,low,Bug Report,4,134.1,2025-04-18 06:24:12
388391,563394,2025-09-02 16:05:35,normal,Feature Request,3,29.6,2025-09-03 21:41:35
406854,768193,2025-09-20 10:31:23,normal,Integrations,5,59.3,2025-09-22 21:49:23
432515,427620,2025-12-21 10:57:21,low,Billing,4,57.0,2025-12-23 19:57:21
659939,182129,2025-05-08 13:13:37,normal,Performance,4,50.4,2025-05-10 15:37:37
103140,590704,2025-06-14 23:45:17,low,Performance,3,52.9,2025-06-17 04:39:17
829166,621112,2025-08-25 15:13:23,high,Bug Report,4,6.4,2025-08-25 21:37:23
567886,593883,2025-05-13 21:30:45,low,Integrations,2,64.6,2025-05-16 14:06:45
222350,629748,2025-06-12 08:17:43,normal,Onboarding,5,30.7,2025-06-13 14:59:43
497769,278870,2025-01-23 17:55:49,normal,Bug Report,5,70.0,2025-01-26 15:55:49
740611,557985,2025-03-18 04:20:06,normal,Integrations,5,24.1,2025-03-19 04:26:06
877873,909740,2025-03-04 09:01:15,normal,Performance,3,30.0,2025-03-05 15:01:15
895934,647876,2025-09-23 15:09:39,normal,Onboarding,4,17.0,2025-09-24 08:09:39
193640,619919,2025-12-22 15:55:49,normal,Onboarding,4,42.9,2025-12-24 10:49:49
506130,735377,2025-02-27 10:26:43,low,Feature Request,5,114.6,2025-03-04 05:02:43
337004,440806,2025-08-15 07:02:28,normal,Performance,3,12.9,2025-08-15 19:56:28
282309,798586,2025-08-19 14:56:16,high,Onboarding,5,11.8,2025-08-20 02:44:16
298589,323646,2025-01-05 20:59:27,high,Integrations,,,
746159,717660,2025-06-30 12:15:17,low,Integrations,3,84.6,2025-07-04 00:51:17
200667,704625,2025-12-12 19:07:20,low,Performance,3,147.0,2025-12-18 22:07:20
942265,724555,2025-11-29 11:02:44,low,Onboarding,5,27.5,2025-11-30 14:32:44
692934,873654,2025-10-13 07:41:18,normal,Integrations,5,27.9,2025-10-14 11:35:18
735002,660322,2025-02-08 09:00:14,high,Billing,4,9.4,2025-02-08 18:24:14
676665,942304,2025-05-30 18:42:54,low,Feature Request,5,17.2,2025-05-31 11:54:54
840417,691620,2025-03-31 14:54:09,low,Billing,5,75.4,2025-04-03 18:18:09
732259,225784,2025-07-24 12:46:36,high,Bug Report,4,18.4,2025-07-25 07:10:36
57683,747100,2025-07-16 16:56:10,low,Billing,4,35.3,2025-07-18 04:14:10
543181,296755,2025-05-29 17:50:53,low,Feature Request,1,19.6,2025-05-30 13:26:53
116736,118279,2025-11-12 12:25:56,low,Integrations,5,86.3,2025-11-16 02:43:56
43932,115359,2025-12-13 16:24:06,urgent,Integrations,3,5.7,2025-12-13 22:06:06
975719,154252,2025-07-24 11:23:20,normal,Integrations,5,18.3,2025-07-25 05:41:20
380394,278618,2025-03-05 15:22:22,urgent,Integrations,5,3.2,2025-03-05 18:34:22
422699,284692,2025-11-11 16:43:16,normal,Billing,4,16.5,2025-11-12 09:13:16
830544,246475,2025-04-11 13:38:21,normal,Onboarding,3,53.7,2025-04-13 19:20:21
556356,282693,2025-04-06 11:00:32,normal,Onboarding,4,25.1,2025-04-07 12:06:32
789796,143529,2025-04-29 17:49:49,normal,Bug Report,5,32.3,2025-05-01 02:07:49
259451,216864,2025-03-02 08:33:13,normal,Billing,4,15.2,2025-03-02 23:45:13
328255,661510,2025-08-30 00:20:18,low,Onboarding,5,117.5,2025-09-03 21:50:18
640041,744158,2025-12-05 12:40:49,normal,Bug Report,4,31.0,2025-12-06 19:40:49
243859,177341,2025-07-20 10:06:01,low,Feature Request,1,89.4,2025-07-24 03:30:01
192277,815996,2025-04-11 07:34:13,urgent,Bug Report,5,5.2,2025-04-11 12:46:13
562113,925203,2025-11-19 07:37:35,normal,Billing,3,12.5,2025-11-19 20:07:35
28385,599502,2025-04-07 09:30:22,low,Performance,5,14.5,2025-04-08 00:00:22
12075,302271,2025-07-13 09:57:14,normal,Integrations,4,13.3,2025-07-13 23:15:14
15864,798586,2025-04-30 10:40:34,high,Billing,,,
254144,918643,2025-10-04 12:17:48,normal,Bug Report,4,56.8,2025-10-06 21:05:48
30062,729073,2025-10-21 07:57:59,high,Performance,5,9.8,2025-10-21 17:45:59
635171,443384,2025-01-04 09:28:09,normal,Billing,5,16.3,2025-01-05 01:46:09
935283,827874,2025-01-20 14:01:51,normal,Integrations,5,37.8,2025-01-22 03:49:51
28444,216067,2025-07-24 15:15:21,high,Onboarding,3,20.3,2025-07-25 11:33:21
447599,143805,2025-05-05 16:45:44,normal,Performance,4,23.4,2025-05-06 16:09:44
990170,704101,2025-07-31 07:44:06,normal,Bug Report,,,
206959,535256,2025-11-03 02:33:13,normal,Onboarding,5,47.4,2025-11-05 01:57:13
186313,590704,2025-12-24 12:25:06,high,Onboarding,4,7.3,2025-12-24 19:43:06
350053,950959,2025-12-16 16:29:27,normal,Billing,4,41.4,2025-12-18 09:53:27
212618,861107,2025-10-01 19:35:44,urgent,Integrations,5,2.7,2025-10-01 22:17:44
151506,769943,2025-04-18 13:20:32,normal,Bug Report,5,63.9,2025-04-21 05:14:32
247618,223459,2025-06-27 13:10:52,normal,Feature Request,5,26.7,2025-06-28 15:52:52
151774,604137,2025-09-01 10:01:25,high,Feature Request,5,14.0,2025-09-02 00:01:25
822846,295167,2025-01-15 11:44:20,normal,Onboarding,5,8.5,2025-01-15 20:14:20
8864,310258,2025-08-06 08:17:27,normal,Performance,,,
40501,176590,2025-04-23 07:09:33,normal,Feature Request,5,37.6,2025-04-24 20:45:33
522856,149930,2025-10-17 23:30:47,normal,Onboarding,3,27.0,2025-10-19 02:30:47
603637,671372,2025-04-20 12:09:10,normal,Billing,1,34.0,2025-04-21 22:09:10
592832,828822,2025-11-15 09:04:01,low,Onboarding,4,51.7,2025-11-17 12:46:01
173611,689786,2025-01-08 10:29:58,normal,Billing,4,65.6,2025-01-11 04:05:58
639709,102220,2025-12-27 09:27:01,normal,Performance,5,43.7,2025-12-29 05:09:01
398231,739739,2025-02-11 12:50:26,high,Feature Request,,,
505670,537536,2025-04-17 10:25:12,high,Integrations,4,14.3,2025-04-18 00:43:12
85378,133440,2025-10-02 18:35:14,low,Bug Report,5,73.1,2025-10-05 19:41:14
622321,359105,2025-12-07 19:28:30,high,Onboarding,5,16.7,2025-12-08 12:10:30
962109,198781,2025-09-02 13:12:00,normal,Feature Request,1,26.8,2025-09-03 16:00:00
650239,716836,2025-06-17 13:41:36,high,Feature Request,,,
193347,381513,2025-06-26 07:44:35,low,Performance,5,69.0,2025-06-29 04:44:35
430790,895559,2025-03-01 13:19:09,low,Feature Request,4,70.5,2025-03-04 11:49:09
190437,575346,2025-08-21 22:03:09,low,Performance,4,44.2,2025-08-23 18:15:09
850360,339409,2025-09-21 06:37:23,high,Performance,1,14.7,2025-09-21 21:19:23
929112,775589,2025-05-29 14:06:22,normal,Integrations,2,53.4,2025-05-31 19:30:22
200807,321951,2025-03-13 12:23:38,normal,Feature Request,5,16.3,2025-03-14 04:41:38
816288,550912,2025-04-19 09:09:28,high,Integrations,3,6.9,2025-04-19 16:03:28
623009,909042,2025-04-21 14:20:40,high,Integrations,4,4.7,2025-04-21 19:02:40
970192,929449,2025-02-24 07:10:57,high,Billing,5,4.5,2025-02-24 11:40:57
303050,776288,2025-12-19 19:51:39,normal,Bug Report,5,58.5,2025-12-22 06:21:39
938315,537536,2025-06-01 13:50:50,normal,Billing,3,37.1,2025-06-03 02:56:50
238179,112840,2025-07-22 15:33:37,normal,Integrations,5,16.8,2025-07-23 08:21:37
787811,141134,2025-12-14 16:54:46,normal,Onboarding,5,34.7,2025-12-16 03:36:46
36079,909042,2025-08-08 11:01:31,normal,Bug Report,5,13.9,2025-08-09 00:55:31
615315,889010,2025-11-11 10:09:59,urgent,Bug Report,4,3.8,2025-11-11 13:57:59
475033,417896,2025-06-28 21:28:39,urgent,Integrations,5,3.6,2025-06-29 01:04:39
439572,823375,2025-08-04 18:56:49,low,Integrations,5,94.6,2025-08-08 17:32:49
365918,227254,2025-04-23 16:24:37,low,Performance,5,133.6,2025-04-29 06:00:37
945854,972041,2025-10-24 09:17:00,normal,Integrations,4,37.7,2025-10-25 22:59:00
535810,907406,2025-04-26 20:22:20,low,Billing,,,
953587,649261,2025-11-30 09:12:16,low,Performance,4,82.5,2025-12-03 19:42:16
502591,181128,2025-07-19 13:04:17,normal,Integrations,,,
714890,383347,2025-11-30 12:10:51,normal,Billing,5,24.0,2025-12-01 12:10:51
251217,607403,2025-05-27 15:57:35,low,Billing,4,105.8,2025-06-01 01:45:35
612342,646309,2025-07-13 15:43:35,normal,Integrations,3,17.3,2025-07-14 09:01:35
577275,704441,2025-11-06 06:08:02,low,Billing,1,26.3,2025-11-07 08:26:02
147149,757526,2025-12-18 10:58:31,normal,Bug Report,4,35.0,2025-12-19 21:58:31
235606,492564,2025-07-18 13:25:16,normal,Bug Report,3,55.8,2025-07-20 21:13:16
936761,894894,2025-10-20 12:46:28,low,Billing,2,110.4,2025-10-25 03:10:28
666462,253622,2025-03-24 12:22:38,urgent,Bug Report,3,3.2,2025-03-24 15:34:38
554831,919974,2025-08-09 15:51:30,urgent,Onboarding,5,3.8,2025-08-09 19:39:30
914041,119663,2025-03-07 02:55:35,normal,Integrations,1,23.9,2025-03-08 02:49:35
607048,139506,2025-08-22 15:57:37,low,Feature Request,2,54.8,2025-08-24 22:45:37
44667,975101,2025-06-09 08:29:49,normal,Bug Report,5,46.8,2025-06-11 07:17:49
61478,318147,2025-03-10 09:48:20,urgent,Bug Report,2,5.4,2025-03-10 15:12:20
851164,733368,2025-11-21 14:57:49,low,Integrations,5,78.1,2025-11-24 21:03:49
694368,667992,2025-09-02 13:55:17,normal,Integrations,3,36.9,2025-09-04 02:49:17
11159,908690,2025-01-29 13:25:30,normal,Onboarding,5,35.7,2025-01-31 01:07:30
205472,249013,2025-01-03 22:57:21,low,Performance,5,121.0,2025-01-08 23:57:21
411346,440025,2025-12-26 08:40:07,normal,Billing,,,
490127,980608,2025-05-05 16:31:26,low,Bug Report,4,115.4,2025-05-10 11:55:26
310027,380284,2025-09-12 19:27:32,normal,Integrations,4,41.7,2025-09-14 13:09:32
882933,436381,2025-02-11 11:54:08,normal,Onboarding,3,55.0,2025-02-13 18:54:08
181452,262660,2025-11-07 16:53:27,high,Bug Report,3,4.0,2025-11-07 20:53:27
442134,237570,2025-02-21 14:08:31,low,Integrations,4,88.9,2025-02-25 07:02:31
388463,165228,2025-09-21 04:06:43,normal,Bug Report,5,57.8,2025-09-23 13:54:43
269951,387432,2025-10-22 11:55:35,high,Performance,4,8.4,2025-10-22 20:19:35
818744,975101,2025-09-14 14:01:22,high,Feature Request,5,2.2,2025-09-14 16:13:22
142271,874496,2025-04-25 07:45:43,normal,Onboarding,4,29.9,2025-04-26 13:39:43
149453,811779,2025-01-09 11:43:46,normal,Integrations,,,
660934,839782,2025-12-04 08:49:27,normal,Feature Request,5,60.3,2025-12-06 21:07:27
998591,357563,2025-05-17 11:47:35,low,Billing,1,40.1,2025-05-19 03:53:35
182979,981433,2025-01-01 11:44:24,low,Billing,5,92.2,2025-01-05 07:56:24
566312,917868,2025-11-06 18:58:44,high,Bug Report,2,9.8,2025-11-07 04:46:44
541842,370589,2025-09-17 17:40:20,normal,Performance,5,22.4,2025-09-18 16:04:20
613465,331536,2025-02-23 09:48:43,low,Billing,5,68.0,2025-02-26 05:48:43
284094,511879,2025-08-07 09:00:43,low,Bug Report,3,43.0,2025-08-09 04:00:43
999321,549442,2025-02-19 08:32:03,normal,Integrations,5,32.6,2025-02-20 17:08:03
493060,854467,2025-04-18 15:36:06,normal,Performance,5,25.3,2025-04-19 16:54:06
419197,363409,2025-09-07 14:47:57,low,Billing,,,
646604,531456,2025-11-06 15:17:34,normal,Integrations,5,7.1,2025-11-06 22:23:34
108185,823375,2025-09-24 11:36:34,normal,Bug Report,4,50.8,2025-09-26 14:24:34
771894,887991,2025-04-13 11:42:37,low,Bug Report,3,95.1,2025-04-17 10:48:37
274590,158251,2025-03-09 07:00:06,low,Performance,3,56.2,2025-03-11 15:12:06
236108,116787,2025-08-16 20:46:43,high,Billing,3,6.1,2025-08-17 02:52:43
170848,462096,2025-03-17 07:15:25,normal,Billing,1,18.5,2025-03-18 01:45:25
757301,375756,2025-01-01 08:07:29,normal,Bug Report,4,64.9,2025-01-04 01:01:29
175730,379248,2025-09-13 09:28:09,normal,Performance,5,63.9,2025-09-16 01:22:09
118471,326211,2025-06-29 15:33:04,high,Performance,5,5.9,2025-06-29 21:27:04
356970,619995,2025-10-30 14:27:20,normal,Billing,3,25.1,2025-10-31 15:33:20
997269,843432,2025-08-11 19:37:52,normal,Bug Report,5,20.8,2025-08-12 16:25:52
760742,783281,2025-04-25 15:11:15,high,Feature Request,4,22.3,2025-04-26 13:29:15
801752,104172,2025-09-23 16:30:50,low,Billing,4,96.0,2025-09-27 16:30:50
756697,562219,2025-05-31 10:18:10,low,Integrations,3,28.9,2025-06-01 15:12:10
202263,364738,2025-06-04 05:47:21,high,Billing,4,17.8,2025-06-04 23:35:21
71036,414105,2025-11-13 17:46:43,low,Onboarding,5,135.9,2025-11-19 09:40:43
49671,980971,2025-04-30 11:36:14,normal,Feature Request,5,63.8,2025-05-03 03:24:14
292918,201572,2025-12-04 17:23:28,normal,Bug Report,5,29.7,2025-12-05 23:05:28
296548,236900,2025-08-29 10:03:04,normal,Integrations,1,43.0,2025-08-31 05:03:04
180276,669720,2025-05-02 11:18:26,urgent,Billing,5,2.1,2025-05-02 13:24:26
873344,261774,2025-12-20 16:56:49,normal,Feature Request,4,31.6,2025-12-22 00:32:49
846639,908690,2025-03-29 14:29:55,normal,Feature Request,4,24.8,2025-03-30 15:17:55
92729,515850,2025-11-04 09:17:35,high,Bug Report,4,7.8,2025-11-04 17:05:35
821922,705149,2025-04-12 07:35:30,low,Integrations,4,73.7,2025-04-15 09:17:30
365532,670699,2025-10-05 10:06:21,normal,Feature Request,4,52.8,2025-10-07 14:54:21
626768,822504,2025-03-04 15:32:16,normal,Bug Report,5,34.5,2025-03-06 02:02:16
15908,262565,2025-10-11 07:20:53,low,Billing,4,20.7,2025-10-12 04:02:53
854234,692089,2025-08-21 13:02:18,low,Billing,4,98.5,2025-08-25 15:32:18
257,835797,2025-06-27 09:25:34,normal,Performance,5,34.5,2025-06-28 19:55:34
90291,210309,2025-05-21 15:03:38,normal,Bug Report,2,60.5,2025-05-24 03:33:38
432335,827874,2025-04-14 09:42:36,normal,Billing,3,26.3,2025-04-15 12:00:36
699483,579749,2025-05-22 18:45:40,normal,Integrations,2,26.8,2025-05-23 21:33:40
222535,531456,2025-07-06 19:12:06,urgent,Performance,,,
301961,490866,2025-02-25 15:59:46,low,Bug Report,4,107.1,2025-03-02 03:05:46
841180,141893,2025-11-14 16:03:15,normal,Performance,5,28.0,2025-11-15 20:03:15
233018,271313,2025-03-08 01:26:14,high,Integrations,4,15.5,2025-03-08 16:56:14
344603,414766,2025-12-08 14:56:01,normal,Integrations,3,34.1,2025-12-10 01:02:01
982478,782825,2025-07-18 10:06:12,normal,Billing,5,12.9,2025-07-18 23:00:12
434735,443384,2025-10-15 18:04:49,low,Integrations,4,117.4,2025-10-20 15:28:49
717206,269555,2025-08-31 18:24:49,low,Integrations,5,156.2,2025-09-07 06:36:49
777655,749734,2025-07-09 11:48:34,normal,Integrations,4,29.0,2025-07-10 16:48:34
276718,256035,2025-04-05 20:08:40,high,Bug Report,4,6.4,2025-04-06 02:32:40
862154,874496,2025-06-30 15:40:40,low,Bug Report,4,43.2,2025-07-02 10:52:40
249025,208561,2025-06-03 21:50:12,normal,Feature Request,5,22.1,2025-06-04 19:56:12
219761,492337,2025-09-27 05:00:30,normal,Onboarding,4,53.1,2025-09-29 10:06:30
914172,914638,2025-11-02 16:09:47,normal,Billing,5,60.4,2025-11-05 04:33:47
664065,277459,2025-12-24 14:11:09,low,Billing,5,66.3,2025-12-27 08:29:09
882792,515718,2025-07-09 05:28:44,high,Feature Request,5,10.1,2025-07-09 15:34:44
285363,687763,2025-08-25 11:27:11,low,Onboarding,4,44.3,2025-08-27 07:45:11
495661,617646,2025-11-04 08:27:42,urgent,Integrations,3,4.7,2025-11-04 13:09:42
84619,561350,2025-09-30 12:28:44,normal,Billing,5,33.8,2025-10-01 22:16:44
674933,682864,2025-08-23 21:48:46,normal,Performance,5,24.7,2025-08-24 22:30:46
944531,676614,2025-07-16 19:35:18,high,Bug Report,3,16.7,2025-07-17 12:17:18
999284,678569,2025-10-22 11:01:11,low,Billing,4,96.8,2025-10-26 11:49:11
802735,270148,2025-01-22 14:06:29,normal,Performance,5,12.3,2025-01-23 02:24:29
98262,218565,2025-12-08 10:08:54,normal,Onboarding,4,47.5,2025-12-10 09:38:54
567625,156588,2025-04-19 06:43:31,low,Billing,3,38.6,2025-04-20 21:19:31
19060,228567,2025-02-19 05:49:39,normal,Onboarding,1,33.9,2025-02-20 15:43:39
557302,136409,2025-06-16 12:39:28,normal,Feature Request,4,22.8,2025-06-17 11:27:28
299228,316254,2025-01-03 17:12:41,normal,Integrations,5,41.1,2025-01-05 10:18:41
727073,209357,2025-09-09 20:13:40,normal,Feature Request,4,14.1,2025-09-10 10:19:40
494632,114026,2025-06-23 08:53:26,low,Performance,5,36.5,2025-06-24 21:23:26
403274,150144,2025-12-14 14:10:07,low,Onboarding,5,31.2,2025-12-15 21:22:07
449127,577783,2025-05-05 10:37:22,normal,Feature Request,5,48.9,2025-05-07 11:31:22
198702,662390,2025-05-22 09:11:48,high,Performance,5,12.4,2025-05-22 21:35:48
319506,662368,2025-11-25 09:31:09,high,Integrations,5,9.0,2025-11-25 18:31:09
574761,526700,2025-05-14 07:53:48,high,Onboarding,5,6.4,2025-05-14 14:17:48
115350,232421,2025-04-23 13:48:46,high,Billing,1,22.3,2025-04-24 12:06:46
679426,366471,2025-03-31 00:13:55,normal,Integrations,5,59.2,2025-04-02 11:25:55
300803,425690,2025-06-15 16:17:25,high,Billing,5,12.7,2025-06-16 04:59:25
903034,147538,2025-08-28 16:54:35,low,Bug Report,3,161.9,2025-09-04 10:48:35
261115,618509,2025-12-05 16:55:43,normal,Onboarding,5,22.4,2025-12-06 15:19:43
117695,686916,2025-05-28 18:51:53,urgent,Bug Report,5,2.0,2025-05-28 20:51:53
708989,794431,2025-07-20 14:43:22,normal,Integrations,5,19.1,2025-07-21 09:49:22
46462,852560,2025-07-18 15:51:55,high,Bug Report,5,9.8,2025-07-19 01:39:55
601979,379610,2025-04-19 13:46:59,normal,Bug Report,,,
735525,617749,2025-10-06 16:32:56,low,Integrations,4,92.7,2025-10-10 13:14:56
931151,333840,2025-03-17 23:11:17,urgent,Performance,5,3.5,2025-03-18 02:41:17
944551,490866,2025-04-17 13:03:57,high,Integrations,,,
313829,259726,2025-11-05 08:50:15,normal,Feature Request,4,19.8,2025-11-06 04:38:15
799518,815996,2025-08-27 15:46:51,normal,Bug Report,,,
558415,115359,2025-03-26 06:13:15,high,Feature Request,5,11.6,2025-03-26 17:49:15
396756,588070,2025-07-18 05:11:32,urgent,Feature Request,5,2.0,2025-07-18 07:11:32
464983,620446,2025-11-22 14:21:32,low,Billing,4,96.5,2025-11-26 14:51:32
245517,285164,2025-12-13 10:34:24,high,Integrations,4,6.3,2025-12-13 16:52:24
779113,412644,2025-07-02 07:43:19,urgent,Onboarding,4,6.9,2025-07-02 14:37:19
729051,731867,2025-05-07 05:44:20,low,Integrations,5,23.8,2025-05-08 05:32:20
851619,285164,2025-05-23 14:59:33,low,Integrations,4,101.4,2025-05-27 20:23:33
576688,967279,2025-11-28 15:38:45,normal,Performance,3,16.6,2025-11-29 08:14:45
462252,336143,2025-09-22 01:53:20,low,Integrations,5,59.8,2025-09-24 13:41:20
973634,339830,2025-09-23 17:02:26,high,Performance,3,18.3,2025-09-24 11:20:26
946993,907943,2025-01-24 20:02:26,low,Billing,,,
50728,540382,2025-06-02 17:10:04,normal,Bug Report,2,10.1,2025-06-03 03:16:04
128707,695703,2025-02-10 17:15:39,low,Integrations,,,
629721,877896,2025-02-20 09:51:49,normal,Billing,1,28.5,2025-02-21 14:21:49
184587,603307,2025-02-22 17:42:26,low,Performance,4,38.3,2025-02-24 08:00:26
337014,997844,2025-09-22 09:48:28,normal,Bug Report,3,31.8,2025-09-23 17:36:28
945005,911125,2025-05-16 10:19:11,normal,Feature Request,5,23.3,2025-05-17 09:37:11
561574,288393,2025-01-31 14:13:22,low,Feature Request,4,54.0,2025-02-02 20:13:22
782321,731506,2025-04-06 12:32:32,normal,Feature Request,5,18.4,2025-04-07 06:56:32
829589,810858,2025-08-23 14:36:24,normal,Feature Request,5,11.2,2025-08-24 01:48:24
62604,695829,2025-12-08 11:55:09,low,Feature Request,,,
547514,377902,2025-05-13 07:42:30,normal,Billing,5,7.9,2025-05-13 15:36:30
118187,611661,2025-05-26 08:59:23,low,Bug Report,5,113.2,2025-05-31 02:11:23
96758,676881,2025-01-14 16:59:51,urgent,Performance,5,5.6,2025-01-14 22:35:51
63881,572896,2025-08-24 10:35:06,normal,Integrations,5,44.9,2025-08-26 07:29:06
883857,811779,2025-07-06 08:21:47,low,Performance,4,79.7,2025-07-09 16:03:47
414276,182485,2025-01-15 14:00:52,urgent,Onboarding,5,5.0,2025-01-15 19:00:52
25634,555768,2025-02-10 12:53:17,low,Integrations,5,75.6,2025-02-13 16:29:17
255829,917801,2025-05-27 19:39:09,normal,Billing,5,15.3,2025-05-28 10:57:09
455587,704101,2025-02-22 07:17:50,low,Billing,5,99.1,2025-02-26 10:23:50
147252,620725,2025-11-18 08:42:58,normal,Bug Report,4,60.8,2025-11-20 21:30:58
644765,482349,2025-01-23 09:17:42,low,Onboarding,5,60.3,2025-01-25 21:35:42
657883,515850,2025-09-11 12:07:58,high,Bug Report,5,21.8,2025-09-12 09:55:58
101547,626850,2025-06-30 11:17:05,low,Billing,4,91.7,2025-07-04 06:59:05
19740,706802,2025-03-15 15:21:55,normal,Onboarding,5,37.1,2025-03-17 04:27:55
543210,288798,2025-08-04 16:45:08,normal,Feature Request,1,54.8,2025-08-06 23:33:08
740719,952954,2025-07-24 15:29:09,normal,Integrations,5,24.6,2025-07-25 16:05:09
199565,960588,2025-04-19 08:04:46,high,Onboarding,2,11.7,2025-04-19 19:46:46
366603,790364,2025-10-02 10:07:26,low,Integrations,5,63.6,2025-10-05 01:43:26
576402,692337,2025-07-17 17:22:50,normal,Integrations,3,22.9,2025-07-18 16:16:50
969578,820426,2025-12-08 08:19:05,high,Feature Request,5,16.5,2025-12-09 00:49:05
379792,837734,2025-11-07 05:23:03,low,Integrations,3,50.0,2025-11-09 07:23:03
587535,316254,2025-05-24 13:39:26,low,Billing,4,81.9,2025-05-27 23:33:26
435239,604137,2025-02-27 11:15:32,low,Performance,4,41.2,2025-03-01 04:27:32
896827,874496,2025-07-03 21:55:01,normal,Bug Report,5,62.1,2025-07-06 12:01:01
857120,283866,2025-01-12 08:30:35,high,Feature Request,5,17.9,2025-01-13 02:24:35
87183,122331,2025-08-13 00:04:12,high,Integrations,5,7.8,2025-08-13 07:52:12
21531,912127,2025-05-04 08:13:52,high,Feature Request,5,5.5,2025-05-04 13:43:52
909289,641547,2025-08-21 16:37:48,high,Feature Request,5,19.6,2025-08-22 12:13:48
845543,540749,2025-05-22 07:52:28,normal,Bug Report,5,28.0,2025-05-23 11:52:28
356656,466636,2025-08-26 11:52:35,low,Billing,3,38.7,2025-08-28 02:34:35
319100,143529,2025-11-15 13:45:21,high,Integrations,5,8.6,2025-11-15 22:21:21
774428,623050,2025-10-26 22:23:37,urgent,Performance,4,3.5,2025-10-27 01:53:37
731423,656283,2025-08-19 11:34:05,high,Bug Report,5,12.6,2025-08-20 00:10:05
607971,415716,2025-12-01 11:58:27,normal,Onboarding,5,18.6,2025-12-02 06:34:27
905469,985162,2025-11-30 13:36:42,high,Integrations,5,18.7,2025-12-01 08:18:42
439243,805099,2025-07-07 13:10:08,high,Billing,4,14.3,2025-07-08 03:28:08
507013,591371,2025-08-30 15:21:04,high,Integrations,4,20.3,2025-08-31 11:39:04
796953,952105,2025-08-02 11:18:23,normal,Bug Report,,,
265162,173985,2025-03-08 10:02:39,urgent,Integrations,5,4.2,2025-03-08 14:14:39
681804,600774,2025-10-20 07:02:42,low,Integrations,5,140.5,2025-10-26 03:32:42
680089,555768,2025-04-23 09:08:02,normal,Performance,5,17.0,2025-04-24 02:08:02
780315,967030,2025-09-28 11:49:37,urgent,Bug Report,4,3.6,2025-09-28 15:25:37
444396,407884,2025-02-08 15:06:44,low,Performance,4,66.7,2025-02-11 09:48:44
821616,591895,2025-11-12 14:01:57,normal,Onboarding,4,32.4,2025-11-13 22:25:57
606912,938205,2025-03-13 14:39:28,high,Billing,3,20.6,2025-03-14 11:15:28
742752,372607,2025-06-30 21:44:29,normal,Integrations,3,36.6,2025-07-02 10:20:29
383070,288393,2025-04-19 10:18:53,normal,Integrations,5,54.0,2025-04-21 16:18:53
575362,784693,2025-02-13 23:40:21,normal,Billing,5,29.2,2025-02-15 04:52:21
527818,380284,2025-04-14 06:30:43,low,Integrations,5,113.3,2025-04-18 23:48:43
97613,812313,2025-05-23 07:21:10,low,Bug Report,5,90.9,2025-05-27 02:15:10
491384,962615,2025-02-08 10:36:54,high,Feature Request,2,12.0,2025-02-08 22:36:54
592504,685576,2025-12-03 16:42:24,low,Performance,3,78.7,2025-12-06 23:24:24
372294,854467,2025-09-22 15:14:08,high,Bug Report,3,7.7,2025-09-22 22:56:08
288801,436439,2025-04-02 09:40:12,normal,Bug Report,,,
120571,646915,2025-08-21 14:13:44,normal,Integrations,4,68.5,2025-08-24 10:43:44
965653,103319,2025-03-12 13:53:04,normal,Performance,4,24.3,2025-03-13 14:11:04
506042,550331,2025-07-22 17:23:17,low,Feature Request,4,65.1,2025-07-25 10:29:17
633831,675863,2025-04-06 17:02:00,low,Performance,4,28.6,2025-04-07 21:38:00
304784,877896,2025-10-25 09:13:25,high,Integrations,4,16.5,2025-10-26 01:43:25
213140,629593,2025-12-09 17:29:47,normal,Feature Request,4,26.4,2025-12-10 19:53:47
883478,660322,2025-11-02 08:21:31,normal,Bug Report,5,22.8,2025-11-03 07:09:31
846216,823375,2025-08-04 20:14:53,normal,Bug Report,4,10.0,2025-08-05 06:14:53
320330,537536,2025-01-11 17:53:39,low,Performance,4,32.6,2025-01-13 02:29:39
352601,692735,2025-09-23 07:57:04,high,Onboarding,2,22.7,2025-09-24 06:39:04
373634,662390,2025-04-28 09:45:25,low,Billing,2,77.2,2025-05-01 14:57:25
640230,695044,2025-09-12 18:10:13,normal,Bug Report,4,8.9,2025-09-13 03:04:13
141678,656283,2025-06-01 09:33:01,normal,Integrations,5,26.5,2025-06-02 12:03:01
676862,286547,2025-06-14 14:27:54,normal,Bug Report,3,46.4,2025-06-16 12:51:54
721040,600507,2025-11-10 15:00:34,urgent,Performance,3,3.3,2025-11-10 18:18:34
338520,391164,2025-01-10 10:49:20,high,Integrations,5,8.3,2025-01-10 19:07:20
436538,537253,2025-08-27 16:01:09,low,Feature Request,4,52.2,2025-08-29 20:13:09
306603,993977,2025-09-25 17:35:39,normal,Integrations,5,36.7,2025-09-27 06:17:39
969037,158251,2025-11-01 09:20:41,normal,Bug Report,5,50.0,2025-11-03 11:20:41
211662,252591,2025-09-17 18:32:25,low,Performance,1,103.9,2025-09-22 02:26:25
720303,914638,2025-08-25 11:48:49,low,Integrations,4,49.6,2025-08-27 13:24:49
6364,785078,2025-06-24 17:25:08,normal,Integrations,2,23.5,2025-06-25 16:55:08
208715,139051,2025-02-15 09:00:34,low,Performance,4,78.7,2025-02-18 15:42:34
507623,182485,2025-05-19 15:50:14,normal,Integrations,5,12.3,2025-05-20 04:08:14
398831,967030,2025-07-25 07:22:09,normal,Integrations,5,21.9,2025-07-26 05:16:09
743258,952954,2025-03-14 15:58:53,normal,Onboarding,3,19.7,2025-03-15 11:40:53
194214,492337,2025-09-27 06:12:35,normal,Bug Report,,,
244376,961788,2025-07-18 17:48:06,normal,Integrations,4,18.3,2025-07-19 12:06:06
481789,201572,2025-09-23 05:24:46,normal,Performance,5,26.3,2025-09-24 07:42:46
631686,637831,2025-06-09 15:22:37,normal,Billing,2,26.0,2025-06-10 17:22:37
285140,791209,2025-08-03 17:17:52,high,Integrations,5,7.4,2025-08-04 00:41:52
269194,551362,2025-08-05 13:28:14,high,Billing,4,17.4,2025-08-06 06:52:14
523474,516809,2025-12-02 10:38:08,normal,Onboarding,5,34.0,2025-12-03 20:38:08
595258,790364,2025-07-18 16:47:59,normal,Billing,5,13.9,2025-07-19 06:41:59
109118,558269,2025-08-15 16:45:27,low,Integrations,4,42.9,2025-08-17 11:39:27
194984,888943,2025-12-05 13:17:47,low,Feature Request,1,55.4,2025-12-07 20:41:47
517530,441926,2025-07-03 09:20:47,low,Feature Request,4,52.5,2025-07-05 13:50:47
761460,919775,2025-09-02 11:54:52,normal,Feature Request,4,20.1,2025-09-03 08:00:52
132527,255136,2025-04-25 13:35:01,high,Integrations,4,8.2,2025-04-25 21:47:01
110250,505710,2025-02-20 14:56:28,low,Performance,5,52.8,2025-02-22 19:44:28
16924,918643,2025-03-17 11:37:55,normal,Integrations,4,33.0,2025-03-18 20:37:55
492650,124671,2025-07-18 13:31:59,low,Bug Report,4,36.3,2025-07-20 01:49:59
34242,278077,2025-02-09 19:06:36,high,Onboarding,1,15.9,2025-02-10 11:00:36
463405,579749,2025-05-22 20:12:29,normal,Billing,4,6.7,2025-05-23 02:54:29
703699,262678,2025-06-16 14:23:18,low,Billing,4,97.3,2025-06-20 15:41:18
711736,427620,2025-09-15 19:53:52,low,Bug Report,5,95.5,2025-09-19 19:23:52
912922,838808,2025-03-16 18:58:51,normal,Onboarding,3,31.6,2025-03-18 02:34:51
671551,852560,2025-12-09 10:33:31,high,Integrations,5,8.5,2025-12-09 19:03:31
773510,513477,2025-05-24 14:58:18,low,Onboarding,4,23.9,2025-05-25 14:52:18
147711,114026,2025-11-15 11:07:53,normal,Integrations,5,33.8,2025-11-16 20:55:53
963888,492337,2025-10-31 15:39:33,normal,Bug Report,1,68.0,2025-11-03 11:39:33
187536,451634,2025-11-12 09:09:31,high,Billing,5,20.0,2025-11-13 05:09:31
580423,487099,2025-12-24 14:46:17,normal,Billing,5,28.8,2025-12-25 19:34:17
891250,406504,2025-11-12 10:56:56,urgent,Onboarding,5,4.9,2025-11-12 15:50:56
22598,676614,2025-11-04 17:40:20,normal,Bug Report,5,63.3,2025-11-07 08:58:20
5952,676603,2025-05-31 04:13:58,high,Bug Report,5,21.5,2025-06-01 01:43:58
731333,393007,2025-07-05 10:20:05,normal,Feature Request,5,49.6,2025-07-07 11:56:05
811806,768193,2025-04-08 18:31:35,low,Bug Report,4,70.9,2025-04-11 17:25:35
777401,810858,2025-02-10 18:32:29,normal,Integrations,,,
195248,600507,2025-09-08 10:34:50,normal,Integrations,3,29.5,2025-09-09 16:04:50
852641,889010,2025-06-05 16:07:12,normal,Integrations,4,38.3,2025-06-07 06:25:12
225003,634053,2025-08-12 07:15:03,normal,Bug Report,2,42.0,2025-08-14 01:15:03
925975,393626,2025-01-19 14:13:41,high,Integrations,5,8.9,2025-01-19 23:07:41
731174,744444,2025-06-30 08:05:53,normal,Billing,1,37.7,2025-07-01 21:47:53
128084,364738,2025-05-05 10:50:50,normal,Integrations,5,9.2,2025-05-05 20:02:50
98432,910761,2025-02-06 08:31:08,low,Onboarding,5,72.3,2025-02-09 08:49:08
332304,310258,2025-08-06 10:25:01,normal,Feature Request,5,21.5,2025-08-07 07:55:01
773099,370589,2025-08-07 17:20:08,high,Onboarding,4,9.0,2025-08-08 02:20:08
877795,779884,2025-06-11 07:32:00,low,Integrations,3,65.6,2025-06-14 01:08:00
445275,113224,2025-04-24 11:00:12,high,Bug Report,5,15.7,2025-04-25 02:42:12
566741,622939,2025-02-15 11:54:35,high,Feature Request,5,8.9,2025-02-15 20:48:35
949292,206487,2025-01-16 10:56:03,low,Integrations,2,74.2,2025-01-19 13:08:03
782642,676881,2025-07-12 14:57:33,normal,Bug Report,4,34.6,2025-07-14 01:33:33
969396,686117,2025-02-08 19:58:09,normal,Bug Report,5,46.5,2025-02-10 18:28:09
673140,333795,2025-01-01 19:57:22,low,Performance,3,110.8,2025-01-06 10:45:22
281820,114128,2025-12-20 08:31:03,normal,Performance,4,51.7,2025-12-22 12:13:03
382292,141893,2025-10-21 09:12:16,high,Integrations,4,15.4,2025-10-22 00:36:16
113713,199248,2025-09-15 09:05:29,normal,Billing,5,19.9,2025-09-16 04:59:29
557278,145314,2025-05-06 16:04:36,low,Bug Report,5,82.6,2025-05-10 02:40:36
161369,811779,2025-04-07 09:52:47,normal,Performance,5,39.1,2025-04-09 00:58:47
454179,606408,2025-08-08 18:07:30,normal,Onboarding,2,47.0,2025-08-10 17:07:30
256209,921303,2025-08-05 14:42:11,low,Feature Request,5,91.1,2025-08-09 09:48:11
121430,975101,2025-09-07 12:26:27,urgent,Billing,5,4.3,2025-09-07 16:44:27
734916,339830,2025-10-09 08:50:53,low,Bug Report,5,35.9,2025-10-10 20:44:53
344678,194570,2025-12-06 09:19:48,normal,Bug Report,5,16.7,2025-12-07 02:01:48
160132,729073,2025-09-01 16:02:04,normal,Integrations,1,53.4,2025-09-03 21:26:04
990770,150144,2025-04-13 08:51:25,normal,Feature Request,5,11.5,2025-04-13 20:21:25
313676,380284,2025-11-24 14:36:27,low,Feature Request,,,
378186,563161,2025-01-06 20:02:49,normal,Onboarding,4,24.3,2025-01-07 20:20:49
10977,993977,2025-09-30 19:46:10,normal,Bug Report,5,49.0,2025-10-02 20:46:10
818307,761571,2025-10-05 14:18:13,normal,Integrations,4,25.0,2025-10-06 15:18:13
554285,301353,2025-07-20 17:18:29,normal,Bug Report,5,17.4,2025-07-21 10:42:29
154278,753247,2025-02-01 19:54:02,low,Integrations,4,71.1,2025-02-04 19:00:02
150974,686916,2025-06-02 22:47:56,high,Integrations,5,18.1,2025-06-03 16:53:56
149994,185683,2025-05-18 08:17:45,urgent,Onboarding,5,2.7,2025-05-18 10:59:45
435123,668250,2025-08-14 13:25:19,low,Onboarding,5,121.8,2025-08-19 15:13:19
72837,611661,2025-02-04 13:42:28,low,Performance,2,81.9,2025-02-07 23:36:28
18003,228567,2025-11-10 15:24:10,normal,Onboarding,5,25.7,2025-11-11 17:06:10
53460,359178,2025-10-04 16:42:58,urgent,Feature Request,1,4.5,2025-10-04 21:12:58
392140,640065,2025-06-22 09:38:01,low,Feature Request,5,52.2,2025-06-24 13:50:01
695401,301631,2025-02-16 14:56:17,low,Performance,2,19.3,2025-02-17 10:14:17
680892,908690,2025-11-21 08:55:31,high,Bug Report,5,5.2,2025-11-21 14:07:31
553467,723271,2025-10-12 07:45:30,high,Performance,2,8.3,2025-10-12 16:03:30
464005,225448,2025-05-07 13:10:16,normal,Bug Report,,,
809505,680171,2025-04-02 07:52:06,high,Bug Report,4,16.5,2025-04-03 00:22:06
794528,641276,2025-08-29 15:22:02,low,Integrations,5,49.6,2025-08-31 16:58:02
125875,445138,2025-07-29 07:36:12,normal,Bug Report,2,30.6,2025-07-30 14:12:12
438799,727732,2025-10-30 12:29:49,high,Bug Report,5,2.7,2025-10-30 15:11:49
825118,400614,2025-10-30 05:51:56,urgent,Performance,,,
106912,757526,2025-10-17 03:30:15,normal,Integrations,5,39.0,2025-10-18 18:30:15
257083,437273,2025-08-09 15:35:04,normal,Integrations,3,34.9,2025-08-11 02:29:04
168498,177341,2025-12-22 10:42:39,low,Billing,,,
747334,604126,2025-03-26 10:25:51,normal,Billing,5,33.2,2025-03-27 19:37:51
359332,381513,2025-02-24 14:21:58,normal,Feature Request,2,19.6,2025-02-25 09:57:58
852836,242844,2025-07-22 10:00:40,low,Onboarding,5,97.7,2025-07-26 11:42:40
251279,951176,2025-08-17 14:26:46,high,Feature Request,2,11.9,2025-08-18 02:20:46
511782,662390,2025-01-07 16:37:59,normal,Onboarding,4,6.6,2025-01-07 23:13:59
860967,488457,2025-05-02 13:37:53,high,Billing,4,5.9,2025-05-02 19:31:53
590825,942304,2025-03-01 17:22:30,normal,Integrations,,,
436707,419173,2025-10-14 08:24:53,high,Billing,5,10.9,2025-10-14 19:18:53
640189,196541,2025-06-25 13:01:57,high,Feature Request,5,16.8,2025-06-26 05:49:57
369630,111647,2025-06-23 14:41:16,high,Onboarding,5,13.2,2025-06-24 03:53:16
912967,558639,2025-11-08 15:20:05,normal,Bug Report,5,45.4,2025-11-10 12:44:05
89945,918643,2025-03-17 05:15:31,normal,Onboarding,3,28.2,2025-03-18 09:27:31
97142,603307,2025-01-07 13:32:42,normal,Bug Report,5,40.4,2025-01-09 05:56:42
523537,349634,2025-09-07 13:53:26,normal,Feature Request,4,48.0,2025-09-09 13:53:26
604845,911125,2025-01-02 14:46:41,urgent,Integrations,5,3.8,2025-01-02 18:34:41
423406,143805,2025-10-16 19:56:13,normal,Billing,4,27.6,2025-10-17 23:32:13
612147,551545,2025-11-12 11:05:42,normal,Billing,,,
424852,416221,2025-10-24 14:33:03,high,Bug Report,4,4.8,2025-10-24 19:21:03
585280,668059,2025-04-11 06:52:35,normal,Integrations,5,16.0,2025-04-11 22:52:35
668025,359105,2025-04-27 17:13:39,normal,Billing,5,42.4,2025-04-29 11:37:39
627103,850797,2025-04-04 15:00:41,normal,Integrations,,,
278784,670699,2025-11-02 11:15:15,high,Integrations,,,
887544,859443,2025-03-09 12:59:10,low,Integrations,5,44.7,2025-03-11 09:41:10
770244,668059,2025-06-05 17:15:48,normal,Onboarding,3,59.6,2025-06-08 04:51:48
162745,997844,2025-11-25 14:14:11,normal,Billing,4,54.0,2025-11-27 20:14:11
708240,629748,2025-12-23 16:20:19,urgent,Onboarding,4,2.8,2025-12-23 19:08:19
584353,516677,2025-08-24 22:19:06,low,Feature Request,5,102.4,2025-08-29 04:43:06
604085,537263,2025-10-03 11:32:51,low,Billing,,,
167482,591895,2025-02-03 09:28:04,normal,Billing,4,43.8,2025-02-05 05:16:04
921201,779156,2025-06-07 12:57:37,normal,Bug Report,5,17.7,2025-06-08 06:39:37
734292,302066,2025-06-13 18:18:39,high,Feature Request,3,21.4,2025-06-14 15:42:39
752159,304212,2025-03-02 08:59:39,normal,Billing,4,19.2,2025-03-03 04:11:39
217733,271695,2025-04-12 08:01:01,normal,Bug Report,1,55.3,2025-04-14 15:19:01
753797,351485,2025-03-12 07:17:24,low,Onboarding,4,43.1,2025-03-14 02:23:24
593762,605260,2025-03-22 06:18:42,normal,Feature Request,5,26.3,2025-03-23 08:36:42
723429,863793,2025-10-16 07:13:50,normal,Integrations,4,31.5,2025-10-17 14:43:50
493512,225448,2025-05-08 13:43:29,low,Feature Request,5,46.0,2025-05-10 11:43:29
797705,236797,2025-12-17 15:34:18,normal,Bug Report,5,23.2,2025-12-18 14:46:18
565713,318405,2025-07-25 07:18:54,low,Billing,4,86.3,2025-07-28 21:36:54
722315,509193,2025-11-28 16:07:12,urgent,Integrations,5,3.3,2025-11-28 19:25:12
466596,169880,2025-05-06 15:31:56,low,Onboarding,5,31.8,2025-05-07 23:19:56
537473,956011,2025-05-27 13:32:05,normal,Integrations,5,13.3,2025-05-28 02:50:05
661581,210309,2025-08-02 17:27:53,high,Performance,5,3.5,2025-08-02 20:57:53
883964,556479,2025-08-25 15:53:47,normal,Feature Request,5,38.6,2025-08-27 06:29:47
819284,490866,2025-06-11 16:04:11,normal,Feature Request,5,58.7,2025-06-14 02:46:11
882615,645195,2025-11-22 23:36:20,high,Onboarding,2,4.0,2025-11-23 03:36:20
233560,907943,2025-03-15 11:25:01,normal,Onboarding,5,5.7,2025-03-15 17:07:01
738309,817805,2025-10-21 08:04:56,urgent,Feature Request,5,5.2,2025-10-21 13:16:56
58608,806501,2025-09-20 09:17:19,high,Integrations,5,6.9,2025-09-20 16:11:19
106219,449827,2025-05-13 10:41:06,low,Feature Request,4,40.2,2025-05-15 02:53:06
749444,363319,2025-02-10 03:01:11,normal,Performance,5,34.0,2025-02-11 13:01:11
76894,228499,2025-09-15 07:04:52,normal,Integrations,5,67.4,2025-09-18 02:28:52
718805,441926,2025-03-20 19:41:42,normal,Onboarding,,,
551505,157478,2025-08-06 10:55:47,low,Billing,2,93.6,2025-08-10 08:31:47
907670,631096,2025-06-05 16:44:14,low,Bug Report,5,93.4,2025-06-09 14:08:14
965466,692089,2025-09-23 12:20:04,low,Bug Report,4,18.8,2025-09-24 07:08:04
195074,562219,2025-04-30 10:32:17,normal,Billing,5,21.1,2025-05-01 07:38:17
302097,739739,2025-06-06 08:04:31,urgent,Performance,3,2.2,2025-06-06 10:16:31
53759,210309,2025-07-23 10:53:01,normal,Integrations,2,30.2,2025-07-24 17:05:01
874427,988184,2025-07-11 21:40:20,normal,Integrations,5,35.3,2025-07-13 08:58:20
615088,102347,2025-03-02 19:57:38,normal,Feature Request,5,33.4,2025-03-04 05:21:38
368228,112840,2025-09-05 11:34:29,low,Feature Request,,,
14562,449270,2025-06-20 14:56:16,normal,Performance,4,46.3,2025-06-22 13:14:16
371254,938120,2025-08-28 14:59:58,high,Feature Request,5,5.1,2025-08-28 20:05:58
514559,493447,2025-12-21 10:14:58,normal,Bug Report,5,34.1,2025-12-22 20:20:58
194196,664752,2025-12-22 10:54:27,normal,Onboarding,4,20.7,2025-12-23 07:36:27
62817,147538,2025-06-28 17:57:19,normal,Performance,5,28.2,2025-06-29 22:09:19
714187,356856,2025-08-25 08:31:47,normal,Bug Report,5,45.5,2025-08-27 06:01:47
931315,467325,2025-10-14 11:54:46,normal,Performance,,,
77885,199248,2025-08-22 17:09:28,high,Integrations,2,10.6,2025-08-23 03:45:28
726832,176599,2025-09-18 09:11:36,normal,Integrations,5,47.4,2025-09-20 08:35:36
301315,531456,2025-07-25 11:16:51,normal,Billing,3,42.7,2025-07-27 05:58:51
422972,854467,2025-06-13 07:53:06,normal,Integrations,1,42.4,2025-06-15 02:17:06
541768,951550,2025-07-10 11:25:14,normal,Integrations,5,18.5,2025-07-11 05:55:14
852382,909740,2025-06-25 10:27:51,urgent,Onboarding,5,2.4,2025-06-25 12:51:51
868144,617646,2025-02-12 17:47:17,normal,Onboarding,5,19.6,2025-02-13 13:23:17
67841,825599,2025-01-04 13:54:14,high,Billing,3,12.3,2025-01-05 02:12:14
984219,335130,2025-08-29 12:12:27,high,Feature Request,5,21.6,2025-08-30 09:48:27
236738,163603,2025-10-10 10:13:56,low,Onboarding,2,51.4,2025-10-12 13:37:56
697135,644920,2025-02-20 11:49:41,normal,Feature Request,5,40.9,2025-02-22 04:43:41
972077,632926,2025-08-06 18:55:54,normal,Integrations,5,51.3,2025-08-08 22:13:54
400100,398864,2025-10-14 17:05:01,high,Integrations,1,4.7,2025-10-14 21:47:01
436368,841724,2025-07-23 14:47:43,low,Billing,4,15.4,2025-07-24 06:11:43
745981,967279,2025-01-22 08:36:13,normal,Billing,4,69.5,2025-01-25 06:06:13
89147,170008,2025-11-26 07:03:24,high,Onboarding,5,10.6,2025-11-26 17:39:24
353974,513477,2025-07-09 16:58:05,normal,Onboarding,1,40.7,2025-07-11 09:40:05
545808,640065,2025-01-08 09:45:51,high,Integrations,4,8.5,2025-01-08 18:15:51
54978,624539,2025-12-11 15:54:25,high,Onboarding,3,21.1,2025-12-12 13:00:25
603830,806120,2025-01-31 13:19:21,low,Integrations,3,8.8,2025-01-31 22:07:21
443633,995934,2025-05-20 16:47:12,urgent,Bug Report,2,2.7,2025-05-20 19:29:12
637594,234922,2025-09-25 19:39:04,high,Integrations,4,20.1,2025-09-26 15:45:04
545021,262644,2025-01-13 11:23:03,normal,Feature Request,5,66.6,2025-01-16 05:59:03
417479,512181,2025-03-04 14:39:40,normal,Performance,3,32.8,2025-03-05 23:27:40
731601,260118,2025-02-04 11:35:35,normal,Integrations,4,36.5,2025-02-06 00:05:35
776779,529391,2025-11-29 15:09:07,high,Bug Report,4,9.8,2025-11-30 00:57:07
257013,377902,2025-08-26 13:35:34,low,Bug Report,4,29.2,2025-08-27 18:47:34
453088,427620,2025-01-30 08:22:08,low,Integrations,4,61.1,2025-02-01 21:28:08
439579,473143,2025-05-10 13:21:55,normal,Bug Report,4,19.8,2025-05-11 09:09:55
498758,847537,2025-12-05 10:32:52,low,Onboarding,5,139.0,2025-12-11 05:32:52
235872,139506,2025-05-06 20:48:24,normal,Feature Request,5,22.0,2025-05-07 18:48:24
712883,731867,2025-05-02 04:59:08,normal,Performance,,,
380146,228567,2025-10-09 20:49:34,high,Billing,5,15.0,2025-10-10 11:49:34
91063,596031,2025-10-15 22:01:10,low,Bug Report,,,
388325,540115,2025-06-26 10:14:04,low,Onboarding,4,69.7,2025-06-29 07:56:04
579958,805850,2025-09-27 11:20:36,urgent,Integrations,5,3.8,2025-09-27 15:08:36
429781,401402,2025-10-04 09:23:19,normal,Onboarding,3,30.6,2025-10-05 15:59:19
842624,358468,2025-12-24 08:09:15,low,Billing,5,135.7,2025-12-29 23:51:15
449135,650852,2025-03-07 11:44:31,normal,Onboarding,1,19.3,2025-03-08 07:02:31
731152,856439,2025-07-06 13:37:45,normal,Onboarding,3,32.1,2025-07-07 21:43:45
472667,754948,2025-03-20 13:54:30,low,Onboarding,4,41.1,2025-03-22 07:00:30
64917,912127,2025-05-04 05:43:23,normal,Bug Report,4,50.1,2025-05-06 07:49:23
669957,888943,2025-09-12 19:39:56,low,Integrations,5,125.0,2025-09-18 00:39:56
779744,219926,2025-05-08 15:20:33,high,Bug Report,4,16.0,2025-05-09 07:20:33
798529,796619,2025-02-20 18:39:32,high,Integrations,3,3.4,2025-02-20 22:03:32
949737,157411,2025-04-27 12:15:53,high,Billing,4,11.1,2025-04-27 23:21:53
123118,549976,2025-04-01 15:35:30,normal,Integrations,3,35.9,2025-04-03 03:29:30
70144,320794,2025-09-10 03:21:58,normal,Feature Request,4,54.5,2025-09-12 09:51:58
880595,335302,2025-03-07 12:20:34,normal,Integrations,5,35.7,2025-03-09 00:02:34
569059,779884,2025-10-06 12:22:59,low,Billing,5,94.2,2025-10-10 10:34:59
355231,574470,2025-09-10 06:08:18,high,Integrations,5,18.2,2025-09-11 00:20:18
374328,136968,2025-08-10 16:53:24,normal,Bug Report,4,17.9,2025-08-11 10:47:24
541510,968217,2025-02-18 11:42:24,high,Bug Report,4,19.0,2025-02-19 06:42:24
943689,911125,2025-04-18 10:49:36,high,Integrations,1,11.1,2025-04-18 21:55:36
191025,579749,2025-05-23 04:47:40,normal,Integrations,3,61.0,2025-05-25 17:47:40
797017,558918,2025-01-18 10:02:15,high,Integrations,2,9.7,2025-01-18 19:44:15
136379,692337,2025-09-24 07:56:15,low,Integrations,5,50.1,2025-09-26 10:02:15
641283,428057,2025-09-05 09:43:23,normal,Integrations,1,24.3,2025-09-06 10:01:23
13265,362499,2025-12-10 08:23:17,high,Performance,4,17.2,2025-12-11 01:35:17
825757,115359,2025-02-25 09:45:35,normal,Bug Report,4,45.6,2025-02-27 07:21:35
210353,837734,2025-12-23 16:57:54,normal,Billing,5,13.4,2025-12-24 06:21:54
314221,142978,2025-06-06 14:57:58,normal,Integrations,4,32.0,2025-06-07 22:57:58
911699,103319,2025-04-02 10:41:00,low,Billing,5,111.6,2025-04-07 02:17:00
88628,165228,2025-01-20 22:36:59,high,Feature Request,3,8.6,2025-01-21 07:12:59
209275,228499,2025-03-29 13:36:07,normal,Bug Report,,,
341070,747100,2025-09-12 13:41:39,normal,Performance,5,32.1,2025-09-13 21:47:39
231957,201572,2025-10-23 06:06:52,high,Billing,4,8.8,2025-10-23 14:54:52
370629,704625,2025-03-16 16:33:26,low,Billing,4,76.3,2025-03-19 20:51:26
597965,588070,2025-09-09 09:18:30,urgent,Billing,4,4.1,2025-09-09 13:24:30
189614,921303,2025-11-07 12:45:08,normal,Bug Report,3,33.9,2025-11-08 22:39:08
645655,200323,2025-11-16 08:25:40,high,Integrations,5,8.6,2025-11-16 17:01:40
214188,547854,2025-10-13 14:48:26,normal,Integrations,5,23.7,2025-10-14 14:30:26
529610,277459,2025-05-06 15:24:59,low,Onboarding,3,33.4,2025-05-08 00:48:59
476794,539755,2025-05-09 17:06:29,high,Integrations,5,19.4,2025-05-10 12:30:29
294552,505710,2025-03-04 11:41:17,urgent,Billing,1,5.2,2025-03-04 16:53:17
848576,741646,2025-05-24 15:57:10,low,Integrations,3,123.5,2025-05-29 19:27:10
543280,425690,2025-04-03 07:01:13,high,Billing,,,
11417,537536,2025-05-26 19:03:53,normal,Bug Report,5,55.4,2025-05-29 02:27:53
294111,213004,2025-08-29 00:02:37,high,Billing,5,10.5,2025-08-29 10:32:37
42291,487420,2025-10-26 13:00:37,low,Integrations,5,73.3,2025-10-29 14:18:37
901756,345955,2025-06-09 09:25:02,high,Feature Request,4,7.8,2025-06-09 17:13:02
754799,540382,2025-06-03 01:36:33,high,Bug Report,4,16.6,2025-06-03 18:12:33
968584,140321,2025-06-14 08:05:47,low,Billing,2,41.3,2025-06-16 01:23:47
752833,224336,2025-09-19 10:17:16,low,Integrations,4,24.4,2025-09-20 10:41:16
37552,705867,2025-03-31 20:14:43,high,Integrations,5,9.3,2025-04-01 05:32:43
857183,170254,2025-10-23 15:19:39,high,Onboarding,,,
262960,899024,2025-03-31 08:02:26,low,Bug Report,5,147.6,2025-04-06 11:38:26
473953,769395,2025-11-03 11:27:37,high,Billing,5,11.7,2025-11-03 23:09:37
705453,192010,2025-10-01 15:38:38,high,Performance,,,
353014,912387,2025-03-29 11:49:57,normal,Onboarding,,,
401962,714944,2025-07-24 10:09:28,low,Bug Report,5,72.1,2025-07-27 10:15:28
867098,380284,2025-05-19 17:59:03,low,Performance,3,128.4,2025-05-25 02:23:03
820296,820834,2025-09-25 02:04:33,normal,Billing,,,
311650,535256,2025-01-19 12:06:34,normal,Bug Report,3,29.8,2025-01-20 17:54:34
507658,678569,2025-10-18 08:19:41,normal,Billing,5,36.7,2025-10-19 21:01:41
184584,244208,2025-10-13 09:10:21,normal,Bug Report,4,42.2,2025-10-15 03:22:21
455303,893855,2025-10-19 15:01:07,high,Integrations,4,13.4,2025-10-20 04:25:07
622224,537263,2025-09-26 15:06:44,normal,Performance,5,36.0,2025-09-28 03:06:44
560057,445354,2025-04-18 13:44:41,low,Integrations,3,51.5,2025-04-20 17:14:41
485201,139506,2025-05-31 14:31:29,normal,Billing,4,42.9,2025-06-02 09:25:29
207583,938205,2025-10-05 09:14:13,normal,Feature Request,3,50.7,2025-10-07 11:56:13
129125,726509,2025-07-15 18:08:15,high,Bug Report,1,10.0,2025-07-16 04:08:15
466683,475777,2025-08-09 17:33:34,normal,Integrations,4,27.3,2025-08-10 20:51:34
153178,310258,2025-05-09 07:40:09,low,Billing,4,56.0,2025-05-11 15:40:09
679036,454905,2025-11-30 10:56:01,low,Integrations,5,133.6,2025-12-06 00:32:01
748896,207018,2025-05-28 11:15:23,normal,Onboarding,5,10.4,2025-05-28 21:39:23
437452,196541,2025-05-21 08:50:52,high,Integrations,4,10.7,2025-05-21 19:32:52
745007,641328,2025-02-06 09:28:34,high,Performance,5,18.4,2025-02-07 03:52:34
313434,282947,2025-02-25 13:56:39,normal,Bug Report,,,
221894,691555,2025-05-07 12:33:16,normal,Integrations,4,10.7,2025-05-07 23:15:16
239901,706802,2025-04-06 07:21:30,normal,Integrations,5,31.9,2025-04-07 15:15:30
234915,269785,2025-02-02 04:21:37,normal,Feature Request,2,44.8,2025-02-04 01:09:37
45466,149930,2025-01-29 12:03:39,normal,Billing,4,21.2,2025-01-30 09:15:39
74260,358368,2025-11-02 05:52:44,low,Performance,4,37.3,2025-11-03 19:10:44
348964,397763,2025-11-14 20:31:59,normal,Onboarding,5,48.8,2025-11-16 21:19:59
478848,997844,2025-06-26 16:00:25,low,Bug Report,5,107.5,2025-07-01 03:30:25
597921,863338,2025-06-14 18:19:13,high,Onboarding,5,9.6,2025-06-15 03:55:13
955429,852560,2025-08-07 08:42:14,normal,Billing,5,46.2,2025-08-09 06:54:14
182195,606858,2025-05-25 04:29:23,normal,Performance,3,46.3,2025-05-27 02:47:23
2155,656283,2025-04-22 08:05:08,low,Integrations,,,
253389,606408,2025-11-01 16:25:24,low,Feature Request,5,64.7,2025-11-04 09:07:24
886310,687117,2025-09-30 09:58:12,low,Bug Report,3,62.7,2025-10-03 00:40:12
276398,252079,2025-01-12 14:08:30,low,Feature Request,5,99.7,2025-01-16 17:50:30
430488,235164,2025-08-30 14:09:42,high,Performance,,,
286838,742518,2025-06-01 07:10:11,urgent,Integrations,5,5.4,2025-06-01 12:34:11
592579,211963,2025-08-16 12:01:48,low,Billing,,,
192360,687117,2025-04-26 09:22:28,normal,Billing,3,42.6,2025-04-28 03:58:28
439241,359909,2025-03-15 07:03:33,low,Billing,1,79.9,2025-03-18 14:57:33
739288,451700,2025-06-03 11:53:14,low,Performance,5,150.9,2025-06-09 18:47:14
905368,925203,2025-05-11 13:40:18,normal,Integrations,5,59.8,2025-05-14 01:28:18
206843,203860,2025-12-25 12:41:06,normal,Performance,,,
533244,806120,2025-09-09 15:32:34,normal,Performance,3,26.9,2025-09-10 18:26:34
639131,875061,2025-08-11 15:54:42,urgent,Bug Report,5,4.9,2025-08-11 20:48:42
644723,179049,2025-04-22 18:58:29,normal,Bug Report,4,22.0,2025-04-23 16:58:29
247940,170902,2025-01-20 10:03:03,low,Onboarding,,,
284116,208743,2025-09-30 11:45:22,urgent,Onboarding,3,5.6,2025-09-30 17:21:22
755784,122331,2025-12-20 11:00:28,normal,Feature Request,4,32.0,2025-12-21 19:00:28
174968,203951,2025-12-01 11:39:38,urgent,Performance,4,3.2,2025-12-01 14:51:38
55091,124942,2025-10-26 08:35:47,low,Integrations,5,137.7,2025-11-01 02:17:47
274020,919974,2025-07-03 18:31:13,high,Feature Request,5,17.7,2025-07-04 12:13:13
16214,514217,2025-09-11 09:03:20,low,Performance,4,24.4,2025-09-12 09:27:20
554409,732615,2025-07-21 10:18:40,normal,Onboarding,5,28.1,2025-07-22 14:24:40
753577,318147,2025-05-22 16:23:21,low,Billing,4,79.5,2025-05-25 23:53:21
573567,627910,2025-04-01 07:26:51,urgent,Bug Report,4,5.6,2025-04-01 13:02:51
336326,836465,2025-06-14 09:32:03,high,Onboarding,4,13.3,2025-06-14 22:50:03
682524,757684,2025-05-10 15:05:49,normal,Bug Report,4,44.7,2025-05-12 11:47:49
458504,444888,2025-03-26 07:58:07,low,Feature Request,5,84.8,2025-03-29 20:46:07
480336,654271,2025-02-24 07:12:02,high,Bug Report,2,8.2,2025-02-24 15:24:02
959732,834134,2025-02-25 10:11:45,low,Onboarding,,,
139418,395744,2025-09-04 16:27:02,normal,Integrations,5,9.4,2025-09-05 01:51:02
109385,263552,2025-06-02 09:11:22,low,Bug Report,4,19.5,2025-06-03 04:41:22
619823,662747,2025-06-22 15:19:18,normal,Integrations,3,35.1,2025-06-24 02:25:18
382033,250471,2025-10-24 11:58:13,normal,Integrations,4,13.1,2025-10-25 01:04:13
294199,471767,2025-11-09 12:09:25,normal,Integrations,3,35.3,2025-11-10 23:27:25
426755,206528,2025-09-12 04:44:09,normal,Integrations,5,21.5,2025-09-13 02:14:09
349361,210309,2025-03-11 07:31:21,normal,Integrations,4,27.7,2025-03-12 11:13:21
423243,901636,2025-11-10 13:16:04,high,Integrations,3,5.0,2025-11-10 18:16:04
782302,299619,2025-08-26 15:05:48,low,Onboarding,5,58.6,2025-08-29 01:41:48
960310,216530,2025-11-25 11:29:57,low,Billing,4,37.1,2025-11-27 00:35:57
819196,896132,2025-04-18 16:26:56,low,Integrations,4,48.4,2025-04-20 16:50:56
298392,563161,2025-05-07 14:48:56,high,Billing,3,9.2,2025-05-08 00:00:56
922930,742562,2025-12-24 15:27:28,high,Feature Request,5,5.9,2025-12-24 21:21:28
42315,359578,2025-01-09 08:48:26,normal,Bug Report,3,44.4,2025-01-11 05:12:26
715339,353158,2025-05-24 15:20:29,urgent,Integrations,3,2.0,2025-05-24 17:20:29
201135,751178,2025-03-26 15:43:13,normal,Integrations,3,52.9,2025-03-28 20:37:13
880940,549442,2025-04-05 09:28:51,low,Onboarding,5,108.8,2025-04-09 22:16:51
836559,847561,2025-03-09 15:48:42,low,Onboarding,5,120.6,2025-03-14 16:24:42
468119,591806,2025-04-26 13:33:21,high,Billing,4,11.3,2025-04-27 00:51:21
642603,692089,2025-07-11 19:23:30,low,Bug Report,,,
377618,174010,2025-01-27 16:47:59,high,Onboarding,5,21.6,2025-01-28 14:23:59
449680,203708,2025-09-22 10:25:45,low,Feature Request,4,59.2,2025-09-24 21:37:45
164909,393626,2025-02-17 17:12:02,high,Bug Report,,,
545739,861107,2025-01-25 17:04:44,low,Integrations,,,
581997,991768,2025-12-05 08:17:54,normal,Bug Report,4,25.5,2025-12-06 09:47:54
507099,114026,2025-12-10 08:22:01,high,Billing,5,6.7,2025-12-10 15:04:01
885459,201572,2025-11-13 08:19:21,normal,Feature Request,5,16.3,2025-11-14 00:37:21
192862,618152,2025-08-30 03:23:00,normal,Bug Report,3,26.5,2025-08-31 05:53:00
257722,991768,2025-11-18 11:41:14,normal,Onboarding,5,11.4,2025-11-18 23:05:14
180874,956011,2025-03-30 01:06:16,high,Performance,4,14.2,2025-03-30 15:18:16
916253,129145,2025-05-16 09:38:15,normal,Bug Report,4,29.2,2025-05-17 14:50:15
933214,668059,2025-04-17 08:30:38,low,Feature Request,5,108.6,2025-04-21 21:06:38
843444,401402,2025-12-17 12:24:29,low,Feature Request,4,71.1,2025-12-20 11:30:29
636140,221718,2025-10-24 04:46:35,low,Performance,1,76.1,2025-10-27 08:52:35
370006,561696,2025-08-27 15:50:46,normal,Feature Request,5,57.8,2025-08-30 01:38:46
189890,133896,2025-05-15 13:44:22,low,Integrations,5,126.6,2025-05-20 20:20:22
704274,600774,2025-03-20 07:12:54,high,Integrations,5,18.1,2025-03-21 01:18:54
496185,342116,2025-11-09 11:31:01,high,Bug Report,5,12.2,2025-11-09 23:43:01
217341,526874,2025-07-22 11:33:33,normal,Bug Report,5,55.4,2025-07-24 18:57:33
144541,245270,2025-12-10 07:23:15,high,Integrations,4,10.3,2025-12-10 17:41:15
779908,106212,2025-04-07 18:10:17,low,Feature Request,5,36.7,2025-04-09 06:52:17
241878,769395,2025-07-19 10:23:22,high,Integrations,5,8.1,2025-07-19 18:29:22
514410,431648,2025-07-06 21:56:53,normal,Feature Request,5,51.7,2025-07-09 01:38:53
268691,232159,2025-07-12 03:05:05,low,Feature Request,2,58.2,2025-07-14 13:17:05
696626,228567,2025-07-08 09:11:52,low,Billing,2,134.6,2025-07-13 23:47:52
882636,802565,2025-08-17 16:29:04,high,Onboarding,5,4.2,2025-08-17 20:41:04
89000,216067,2025-03-22 21:39:39,normal,Onboarding,1,60.8,2025-03-25 10:27:39
652937,663857,2025-02-03 14:22:56,normal,Feature Request,,,
391571,209357,2025-09-10 05:11:46,high,Integrations,5,6.1,2025-09-10 11:17:46
23547,740262,2025-11-06 12:29:14,normal,Integrations,3,18.0,2025-11-07 06:29:14
18072,725693,2025-07-10 07:54:55,normal,Billing,5,26.5,2025-07-11 10:24:55
534600,757349,2025-03-15 13:51:26,low,Performance,5,114.2,2025-03-20 08:03:26
404618,912127,2025-07-17 07:57:48,low,Billing,5,114.4,2025-07-22 02:21:48
292231,668059,2025-03-26 21:25:56,low,Integrations,5,95.1,2025-03-30 20:31:56
614006,237614,2025-04-02 18:29:09,urgent,Integrations,4,5.3,2025-04-02 23:47:09
189548,557985,2025-01-18 09:00:03,normal,Bug Report,5,40.6,2025-01-20 01:36:03
858085,511107,2025-03-25 18:13:04,normal,Billing,5,47.0,2025-03-27 17:13:04
209960,914996,2025-04-11 11:37:42,urgent,Feature Request,5,5.0,2025-04-11 16:37:42
713995,355983,2025-03-31 20:32:10,normal,Bug Report,5,64.9,2025-04-03 13:26:10
676160,358368,2025-07-15 15:52:17,urgent,Onboarding,3,1.6,2025-07-15 17:28:17
641045,312337,2025-03-18 18:51:09,urgent,Bug Report,5,5.7,2025-03-19 00:33:09
309549,383348,2025-11-26 14:00:35,low,Billing,4,70.6,2025-11-29 12:36:35
450276,930786,2025-10-18 00:50:26,low,Billing,5,134.3,2025-10-23 15:08:26
214823,104172,2025-07-31 01:58:49,normal,Bug Report,4,35.3,2025-08-01 13:16:49
669744,411362,2025-11-29 14:18:22,normal,Billing,4,49.1,2025-12-01 15:24:22
501888,174010,2025-09-25 17:46:43,low,Integrations,5,66.1,2025-09-28 11:52:43
270051,899024,2025-05-06 12:57:08,low,Billing,5,29.0,2025-05-07 17:57:08
581202,404963,2025-12-23 19:42:46,high,Integrations,5,15.4,2025-12-24 11:06:46
145346,679825,2025-02-08 18:13:43,low,Bug Report,5,143.7,2025-02-14 17:55:43
732327,620640,2025-12-27 14:32:21,high,Onboarding,5,6.7,2025-12-27 21:14:21
166432,480190,2025-07-20 08:47:41,high,Billing,4,15.5,2025-07-21 00:17:41
208363,153122,2025-09-27 15:45:27,normal,Billing,5,37.6,2025-09-29 05:21:27
297899,457960,2025-07-14 14:24:15,low,Onboarding,,,
708630,102220,2025-12-04 08:54:39,low,Integrations,3,127.0,2025-12-09 15:54:39
625248,198781,2025-05-03 16:02:40,low,Bug Report,4,89.5,2025-05-07 09:32:40
524786,887991,2025-04-01 07:56:44,low,Feature Request,5,107.3,2025-04-05 19:14:44
24937,253221,2025-08-02 08:55:53,low,Bug Report,,,
537874,854467,2025-05-23 13:39:02,normal,Bug Report,1,27.8,2025-05-24 17:27:02
554582,104172,2025-08-18 15:57:31,normal,Bug Report,5,23.1,2025-08-19 15:03:31
906685,837734,2025-09-23 13:48:57,normal,Onboarding,1,21.8,2025-09-24 11:36:57
127268,209127,2025-06-11 08:53:26,urgent,Feature Request,4,6.5,2025-06-11 15:23:26
377403,419173,2025-08-19 20:52:04,low,Bug Report,,,
969215,813618,2025-08-26 04:00:18,normal,Bug Report,3,52.5,2025-08-28 08:30:18
533885,535256,2025-02-16 08:20:26,urgent,Onboarding,5,7.1,2025-02-16 15:26:26
939189,245051,2025-07-17 00:29:23,high,Bug Report,5,16.3,2025-07-17 16:47:23
567509,580725,2025-06-27 22:52:01,high,Billing,4,16.8,2025-06-28 15:40:01
807856,505397,2025-11-19 01:53:31,normal,Bug Report,3,34.9,2025-11-20 12:47:31
945698,689717,2025-05-20 12:40:31,urgent,Bug Report,4,6.8,2025-05-20 19:28:31
524917,790366,2025-04-15 09:39:42,low,Bug Report,5,131.6,2025-04-20 21:15:42
520245,962759,2025-10-14 09:22:05,normal,Billing,4,37.5,2025-10-15 22:52:05
827463,232421,2025-09-17 12:52:30,urgent,Integrations,5,1.7,2025-09-17 14:34:30
364520,535256,2025-12-08 13:01:54,normal,Bug Report,3,65.5,2025-12-11 06:31:54
460945,245051,2025-06-06 00:44:59,high,Integrations,5,17.3,2025-06-06 18:02:59
252369,288393,2025-01-02 15:58:41,low,Onboarding,4,24.3,2025-01-03 16:16:41
306539,376354,2025-01-24 15:11:35,low,Onboarding,,,
314274,186866,2025-04-04 16:22:47,normal,Billing,3,42.6,2025-04-06 10:58:47
8714,708315,2025-01-27 09:20:32,normal,Feature Request,4,32.4,2025-01-28 17:44:32
130317,822666,2025-07-03 22:59:10,normal,Performance,3,42.4,2025-07-05 17:23:10
152901,261774,2025-06-14 21:33:01,normal,Feature Request,5,40.6,2025-06-16 14:09:01
566668,175483,2025-12-20 10:01:38,normal,Performance,3,12.2,2025-12-20 22:13:38
489755,836507,2025-03-26 16:02:24,normal,Feature Request,4,38.6,2025-03-28 06:38:24
304587,951550,2025-06-07 16:21:28,high,Billing,,,
430153,200631,2025-06-02 15:42:08,normal,Performance,4,35.3,2025-06-04 03:00:08
226660,700790,2025-04-09 09:47:06,normal,Billing,5,39.0,2025-04-11 00:47:06
791998,414105,2025-04-27 11:50:38,normal,Feature Request,5,52.7,2025-04-29 16:32:38
274094,485273,2025-11-07 15:46:47,low,Performance,5,79.5,2025-11-10 23:16:47
592887,177009,2025-07-09 10:57:49,normal,Bug Report,4,41.9,2025-07-11 04:51:49
755196,351485,2025-02-21 10:09:26,normal,Performance,,,
616556,454905,2025-01-16 00:27:19,normal,Bug Report,2,42.2,2025-01-17 18:39:19
944126,235164,2025-04-09 08:38:07,normal,Performance,5,12.0,2025-04-09 20:38:07
505612,996360,2025-11-13 08:41:16,high,Performance,5,8.5,2025-11-13 17:11:16
289604,973987,2025-08-04 14:29:59,low,Integrations,,,
454225,996819,2025-07-03 07:45:47,normal,Billing,5,29.2,2025-07-04 12:57:47
588616,301920,2025-09-04 15:41:57,normal,Feature Request,5,27.8,2025-09-05 19:29:57
498785,375756,2025-09-22 15:49:45,normal,Bug Report,5,39.7,2025-09-24 07:31:45
257408,509193,2025-04-11 22:04:59,high,Billing,4,11.3,2025-04-12 09:22:59
580015,392724,2025-05-16 16:32:32,normal,Performance,4,29.1,2025-05-17 21:38:32
312924,734926,2025-08-19 10:15:57,normal,Performance,4,50.7,2025-08-21 12:57:57
773011,228280,2025-05-13 20:10:20,normal,Performance,5,41.3,2025-05-15 13:28:20
59608,141893,2025-06-12 15:39:59,low,Integrations,3,95.8,2025-06-16 15:27:59
625263,621112,2025-10-11 20:03:32,normal,Performance,5,13.9,2025-10-12 09:57:32
311488,346678,2025-07-07 10:15:39,normal,Feature Request,4,39.4,2025-07-09 01:39:39
4798,827874,2025-12-17 08:10:04,normal,Integrations,5,39.2,2025-12-18 23:22:04
482781,558639,2025-06-18 02:52:08,urgent,Integrations,,,
363451,400614,2025-09-21 11:26:12,urgent,Integrations,3,3.8,2025-09-21 15:14:12
287721,173985,2025-07-16 08:03:39,high,Feature Request,3,4.4,2025-07-16 12:27:39
97909,789095,2025-05-24 06:46:04,normal,Bug Report,5,33.8,2025-05-25 16:34:04
697226,370589,2025-07-21 13:52:11,normal,Onboarding,5,43.7,2025-07-23 09:34:11
890032,554336,2025-07-14 21:29:06,high,Onboarding,5,5.0,2025-07-15 02:29:06
585766,958517,2025-12-08 14:24:50,normal,Billing,4,24.9,2025-12-09 15:18:50
40526,697547,2025-10-04 15:54:41,high,Integrations,5,9.7,2025-10-05 01:36:41
52416,150144,2025-12-20 07:13:48,high,Performance,5,16.0,2025-12-20 23:13:48
498340,520785,2025-11-18 13:33:00,normal,Feature Request,,,
593225,580435,2025-08-24 17:44:59,high,Feature Request,5,11.9,2025-08-25 05:38:59
510168,562219,2025-07-18 09:53:29,normal,Integrations,3,48.4,2025-07-20 10:17:29
94548,590704,2025-06-09 12:18:47,normal,Feature Request,3,47.8,2025-06-11 12:06:47
667270,453260,2025-12-13 09:01:48,normal,Billing,5,26.1,2025-12-14 11:07:48
585187,457960,2025-09-15 14:27:24,normal,Integrations,5,16.8,2025-09-16 07:15:24
660044,140321,2025-04-05 08:16:55,low,Bug Report,5,64.3,2025-04-08 00:34:55
33583,876153,2025-10-10 11:31:18,normal,Bug Report,3,36.5,2025-10-12 00:01:18
951402,253221,2025-10-03 10:54:38,urgent,Bug Report,4,1.5,2025-10-03 12:24:38
787295,301453,2025-11-01 10:18:05,normal,Integrations,,,
531153,704625,2025-03-22 08:43:48,normal,Performance,5,40.7,2025-03-24 01:25:48
157466,312337,2025-08-16 13:24:31,urgent,Bug Report,5,3.1,2025-08-16 16:30:31
777632,839782,2025-07-07 05:58:09,normal,Bug Report,1,68.9,2025-07-10 02:52:09
558961,310019,2025-10-30 09:39:53,low,Feature Request,5,19.2,2025-10-31 04:51:53
406505,219926,2025-10-21 08:43:09,normal,Integrations,5,34.0,2025-10-22 18:43:09
323530,514217,2025-07-27 21:31:03,normal,Billing,5,19.3,2025-07-28 16:49:03
193617,441844,2025-07-07 07:08:45,normal,Integrations,5,35.2,2025-07-08 18:20:45
77519,547854,2025-08-19 10:05:37,high,Performance,3,11.4,2025-08-19 21:29:37
530398,727732,2025-05-23 12:51:50,low,Integrations,5,83.6,2025-05-27 00:27:50
585006,925364,2025-06-17 15:39:33,normal,Bug Report,5,40.2,2025-06-19 07:51:33
462656,412644,2025-11-11 14:14:35,low,Billing,5,78.6,2025-11-14 20:50:35
304475,946742,2025-08-31 12:36:41,normal,Onboarding,5,20.7,2025-09-01 09:18:41
36622,818654,2025-04-17 11:54:17,high,Feature Request,4,6.5,2025-04-17 18:24:17
700351,854166,2025-12-09 22:08:53,low,Billing,3,107.1,2025-12-14 09:14:53
637853,599218,2025-03-13 10:11:33,low,Billing,4,52.9,2025-03-15 15:05:33
745421,574882,2025-12-09 11:53:02,low,Billing,,,
848134,140321,2025-03-05 17:58:28,normal,Bug Report,4,35.7,2025-03-07 05:40:28
212265,449270,2025-02-15 14:54:09,high,Billing,3,11.0,2025-02-16 01:54:09
487000,952233,2025-09-23 13:04:30,normal,Performance,4,36.8,2025-09-25 01:52:30
437338,780194,2025-04-26 08:54:37,urgent,Billing,5,3.4,2025-04-26 12:18:37
970881,651612,2025-09-04 17:28:42,high,Feature Request,4,19.3,2025-09-05 12:46:42
579407,376354,2025-09-17 23:14:33,normal,Feature Request,5,61.8,2025-09-20 13:02:33
547249,806120,2025-02-07 09:05:06,low,Integrations,4,85.0,2025-02-10 22:05:06
800758,828822,2025-08-18 09:36:25,high,Integrations,5,15.7,2025-08-19 01:18:25
699350,174373,2025-04-17 11:25:12,normal,Billing,3,43.0,2025-04-19 06:25:12
670631,315012,2025-07-26 14:58:59,normal,Billing,3,53.4,2025-07-28 20:22:59
866269,723271,2025-11-13 09:48:38,normal,Performance,4,22.0,2025-11-14 07:48:38
994031,435506,2025-07-23 14:46:19,low,Billing,3,25.6,2025-07-24 16:22:19
596438,791336,2025-06-02 16:35:45,low,Integrations,5,34.2,2025-06-04 02:47:45
634645,368540,2025-01-06 15:52:20,normal,Billing,4,33.0,2025-01-08 00:52:20
788181,378343,2025-12-12 14:48:47,high,Integrations,4,11.8,2025-12-13 02:36:47
912842,940445,2025-12-03 16:24:19,low,Onboarding,3,46.9,2025-12-05 15:18:19
247553,397763,2025-07-02 15:49:45,normal,Integrations,5,40.2,2025-07-04 08:01:45
717776,298652,2025-07-06 17:35:55,normal,Bug Report,5,36.2,2025-07-08 05:47:55
916367,201370,2025-06-27 07:49:18,normal,Performance,5,25.2,2025-06-28 09:01:18
498298,119727,2025-11-18 18:11:51,normal,Integrations,5,63.8,2025-11-21 09:59:51
369586,729073,2025-09-01 15:09:41,normal,Integrations,3,42.5,2025-09-03 09:39:41
134658,454905,2025-04-07 17:43:16,low,Performance,4,123.7,2025-04-12 21:25:16
9624,353738,2025-05-31 17:53:10,low,Integrations,4,47.3,2025-06-02 17:11:10
793461,899024,2025-12-25 10:39:23,normal,Integrations,2,54.1,2025-12-27 16:45:23
884058,174010,2025-03-07 15:57:45,high,Bug Report,5,13.3,2025-03-08 05:15:45
119182,152728,2025-08-08 11:52:26,normal,Onboarding,3,36.5,2025-08-10 00:22:26
90657,124161,2025-12-20 09:54:36,low,Performance,4,130.9,2025-12-25 20:48:36
159327,166599,2025-06-24 13:16:34,normal,Feature Request,3,49.5,2025-06-26 14:46:34
59335,286547,2025-06-16 09:46:27,normal,Onboarding,4,18.8,2025-06-17 04:34:27
797586,513019,2025-05-17 16:07:20,normal,Billing,5,49.7,2025-05-19 17:49:20
944655,244208,2025-08-13 07:38:06,normal,Integrations,4,31.2,2025-08-14 14:50:06
197997,504637,2025-02-10 13:13:30,low,Integrations,5,75.0,2025-02-13 16:13:30
292590,345589,2025-10-22 13:08:06,high,Onboarding,5,9.4,2025-10-22 22:32:06
695254,445138,2025-04-19 09:56:55,high,Feature Request,5,9.3,2025-04-19 19:14:55
507017,339409,2025-09-20 21:41:05,urgent,Onboarding,3,5.6,2025-09-21 03:17:05
941034,647116,2025-12-06 07:22:03,normal,Integrations,5,52.2,2025-12-08 11:34:03
923943,865183,2025-09-05 07:59:58,normal,Bug Report,3,30.4,2025-09-06 14:23:58
539072,316635,2025-11-18 07:12:39,urgent,Integrations,1,2.1,2025-11-18 09:18:39
229731,333795,2025-09-28 09:40:36,normal,Performance,3,65.1,2025-10-01 02:46:36
737190,200865,2025-11-03 05:05:40,normal,Integrations,4,20.1,2025-11-04 01:11:40
902834,775527,2025-05-24 06:16:02,normal,Feature Request,4,32.5,2025-05-25 14:46:02
706763,105266,2025-01-26 15:31:06,urgent,Onboarding,4,3.2,2025-01-26 18:43:06
954066,800274,2025-08-18 06:56:52,low,Performance,4,108.2,2025-08-22 19:08:52
47314,819790,2025-11-06 15:38:48,normal,Performance,5,44.3,2025-11-08 11:56:48
750448,805943,2025-11-30 09:51:56,urgent,Integrations,5,7.3,2025-11-30 17:09:56
152198,290620,2025-09-30 17:58:21,high,Integrations,4,8.7,2025-10-01 02:40:21
391750,256035,2025-02-26 08:14:02,low,Performance,4,67.7,2025-03-01 03:56:02
913941,597040,2025-10-30 15:45:10,normal,Integrations,5,39.4,2025-11-01 07:09:10
476298,592265,2025-09-28 14:04:09,normal,Integrations,5,18.1,2025-09-29 08:10:09
265055,661510,2025-08-30 05:27:19,normal,Performance,5,48.0,2025-09-01 05:27:19
99677,881378,2025-08-09 14:00:59,normal,Billing,5,45.8,2025-08-11 11:48:59
252157,662368,2025-05-09 13:36:32,high,Performance,4,11.9,2025-05-10 01:30:32
222709,280961,2025-04-14 18:40:40,normal,Integrations,5,33.7,2025-04-16 04:22:40
137150,382519,2025-06-03 12:24:04,normal,Performance,5,38.8,2025-06-05 03:12:04
981239,819946,2025-02-25 15:12:57,high,Bug Report,5,15.6,2025-02-26 06:48:57
192177,727242,2025-06-01 08:16:10,high,Performance,5,6.3,2025-06-01 14:34:10
103220,282217,2025-06-20 07:04:05,normal,Performance,5,42.4,2025-06-22 01:28:05
784987,179746,2025-08-07 10:55:41,high,Billing,5,9.6,2025-08-07 20:31:41
986935,600774,2025-11-09 15:06:22,high,Integrations,4,8.7,2025-11-09 23:48:22
263498,249442,2025-02-14 19:31:37,normal,Integrations,3,37.2,2025-02-16 08:43:37
133256,921303,2025-09-17 11:06:46,low,Integrations,4,100.1,2025-09-21 15:12:46
505583,301501,2025-03-27 09:40:53,low,Integrations,5,151.6,2025-04-02 17:16:53
717352,669720,2025-06-28 10:32:44,high,Bug Report,5,11.5,2025-06-28 22:02:44
320589,171084,2025-05-05 16:46:34,normal,Onboarding,5,48.2,2025-05-07 16:58:34
557179,661510,2025-08-30 08:15:03,normal,Onboarding,3,19.5,2025-08-31 03:45:03
249565,301631,2025-10-12 06:12:17,normal,Billing,5,48.1,2025-10-14 06:18:17
682400,176018,2025-03-14 07:15:55,high,Bug Report,4,17.8,2025-03-15 01:03:55
842791,400628,2025-06-28 08:26:50,normal,Performance,,,
137371,395744,2025-11-25 13:21:10,low,Onboarding,4,113.1,2025-11-30 06:27:10
263264,451634,2025-07-19 01:20:50,low,Integrations,3,101.2,2025-07-23 06:32:50
491690,597040,2025-09-01 13:32:29,normal,Performance,4,52.1,2025-09-03 17:38:29
445926,449827,2025-05-13 11:55:12,low,Bug Report,,,
94234,177009,2025-02-26 14:05:07,urgent,Performance,4,2.9,2025-02-26 16:59:07
142751,153452,2025-08-30 08:42:10,normal,Integrations,3,40.2,2025-09-01 00:54:10
440376,519899,2025-11-01 15:57:07,normal,Onboarding,4,25.5,2025-11-02 17:27:07
372168,163603,2025-08-31 07:44:36,high,Integrations,3,7.1,2025-08-31 14:50:36
696776,852560,2025-03-13 10:09:25,low,Onboarding,4,92.1,2025-03-17 06:15:25
779173,465105,2025-05-06 06:22:00,high,Bug Report,4,9.1,2025-05-06 15:28:00
296192,393542,2025-04-07 18:51:42,low,Feature Request,4,117.7,2025-04-12 16:33:42
432413,954668,2025-02-22 01:28:28,high,Bug Report,5,8.4,2025-02-22 09:52:28
604272,734926,2025-07-01 10:47:55,normal,Integrations,5,24.3,2025-07-02 11:05:55
503816,705867,2025-06-18 17:07:29,low,Onboarding,1,58.4,2025-06-21 03:31:29
671820,203951,2025-04-01 14:44:41,normal,Integrations,5,51.7,2025-04-03 18:26:41
865295,103319,2025-11-28 12:41:17,normal,Bug Report,4,40.4,2025-11-30 05:05:17
983584,424994,2025-08-27 21:04:43,urgent,Bug Report,1,5.1,2025-08-28 02:10:43
514329,603274,2025-12-27 07:14:49,normal,Billing,5,45.3,2025-12-29 04:32:49
19633,336143,2025-07-22 10:35:38,low,Billing,5,142.7,2025-07-28 09:17:38
526022,682864,2025-09-18 12:20:30,normal,Feature Request,4,35.9,2025-09-20 00:14:30
306105,288393,2025-03-19 13:07:12,high,Billing,3,14.0,2025-03-20 03:07:12
387,992229,2025-12-07 15:49:31,low,Bug Report,3,74.0,2025-12-10 17:49:31
701707,452461,2025-04-28 14:50:42,normal,Performance,,,
986523,504637,2025-09-19 14:23:59,high,Billing,2,21.3,2025-09-20 11:41:59
315339,891033,2025-05-20 14:25:26,high,Feature Request,4,8.2,2025-05-20 22:37:26
247676,952114,2025-07-09 15:38:56,normal,Bug Report,5,29.3,2025-07-10 20:56:56
548694,602857,2025-03-25 18:46:44,low,Bug Report,5,123.3,2025-03-30 22:04:44
369727,241202,2025-11-10 20:42:34,high,Onboarding,5,8.3,2025-11-11 05:00:34
891553,511879,2025-06-02 16:42:50,urgent,Billing,2,5.0,2025-06-02 21:42:50
716017,713583,2025-12-24 00:26:15,normal,Billing,4,35.8,2025-12-25 12:14:15
405672,254108,2025-10-25 08:28:02,low,Integrations,5,17.9,2025-10-26 02:22:02
819311,414766,2025-03-18 13:22:06,urgent,Integrations,5,3.9,2025-03-18 17:16:06
720745,845929,2025-02-16 13:37:28,normal,Bug Report,3,54.4,2025-02-18 20:01:28
553605,310019,2025-10-21 15:30:31,normal,Bug Report,1,10.7,2025-10-22 02:12:31
985979,619995,2025-09-18 07:17:23,normal,Billing,4,25.3,2025-09-19 08:35:23
519749,188341,2025-03-19 13:53:07,normal,Billing,5,50.0,2025-03-21 15:53:07
846445,579749,2025-05-23 04:06:52,normal,Billing,5,29.2,2025-05-24 09:18:52
16659,819790,2025-02-28 17:58:32,low,Feature Request,2,86.0,2025-03-04 07:58:32
209259,729073,2025-09-02 00:21:51,low,Feature Request,5,71.1,2025-09-04 23:27:51
852951,471767,2025-01-23 14:13:07,normal,Integrations,2,34.4,2025-01-25 00:37:07
6479,149920,2025-08-28 12:28:51,normal,Performance,5,63.0,2025-08-31 03:28:51
495705,365756,2025-09-24 07:46:49,low,Billing,4,23.3,2025-09-25 07:04:49
749170,591371,2025-11-14 12:05:28,high,Billing,5,10.7,2025-11-14 22:47:28
782781,236391,2025-05-12 07:58:14,high,Onboarding,3,6.9,2025-05-12 14:52:14
406996,673856,2025-01-06 00:56:58,normal,Integrations,5,18.9,2025-01-06 19:50:58
777688,436439,2025-08-02 10:56:36,low,Billing,5,135.0,2025-08-08 01:56:36
765008,861024,2025-12-06 16:49:01,normal,Performance,5,11.0,2025-12-07 03:49:01
549345,979522,2025-01-19 05:57:16,low,Billing,4,128.5,2025-01-24 14:27:16
514163,196541,2025-07-23 15:29:46,normal,Integrations,,,
708683,310258,2025-02-26 10:29:23,normal,Feature Request,3,60.7,2025-02-28 23:11:23
642757,865573,2025-12-11 09:46:57,low,Feature Request,3,80.5,2025-12-14 18:16:57
381778,692089,2025-07-19 01:41:34,normal,Integrations,,,
798432,189580,2025-10-18 03:46:13,low,Onboarding,1,31.5,2025-10-19 11:16:13
328943,320794,2025-01-06 15:09:11,low,Feature Request,5,156.6,2025-01-13 03:45:11
386642,863338,2025-06-15 03:21:24,normal,Feature Request,1,29.8,2025-06-16 09:09:24
16019,344893,2025-05-12 12:18:19,normal,Billing,4,31.0,2025-05-13 19:18:19
878418,662010,2025-01-24 07:52:16,urgent,Integrations,5,5.8,2025-01-24 13:40:16
526837,353111,2025-09-21 15:24:28,high,Bug Report,4,9.1,2025-09-22 00:30:28
357034,992844,2025-01-18 19:37:08,normal,Performance,5,22.9,2025-01-19 18:31:08
349765,203951,2025-01-08 15:54:08,low,Integrations,5,63.6,2025-01-11 07:30:08
540067,117687,2025-01-01 16:20:35,low,Bug Report,5,53.7,2025-01-03 22:02:35
383757,876549,2025-02-16 15:27:59,normal,Onboarding,,,
112239,435261,2025-04-20 11:35:23,normal,Integrations,4,47.3,2025-04-22 10:53:23
520261,260444,2025-10-07 09:22:55,urgent,Performance,5,4.0,2025-10-07 13:22:55
974589,794431,2025-04-04 19:14:34,low,Integrations,5,95.4,2025-04-08 18:38:34
591334,175177,2025-04-25 18:55:33,high,Bug Report,4,15.8,2025-04-26 10:43:33
549076,621013,2025-11-20 07:34:55,normal,Onboarding,5,53.5,2025-11-22 13:04:55
673205,491474,2025-10-11 09:28:49,low,Performance,4,46.5,2025-10-13 07:58:49
626947,951176,2025-02-27 10:12:25,low,Bug Report,5,159.4,2025-03-06 01:36:25
995371,449827,2025-08-01 12:24:52,low,Billing,5,49.8,2025-08-03 14:12:52
929389,862228,2025-07-29 17:30:07,high,Bug Report,5,20.2,2025-07-30 13:42:07
659249,205373,2025-03-29 10:34:23,low,Billing,2,141.8,2025-04-04 08:22:23
280681,768193,2025-09-08 14:53:46,low,Integrations,3,105.8,2025-09-13 00:41:46
902927,269978,2025-03-17 18:41:47,normal,Performance,5,26.1,2025-03-18 20:47:47
401394,395744,2025-02-20 16:27:42,normal,Performance,3,42.4,2025-02-22 10:51:42
209717,440806,2025-11-13 11:56:56,normal,Bug Report,,,
829826,451238,2025-06-11 10:26:39,high,Integrations,3,22.2,2025-06-12 08:38:39
665385,515718,2025-10-16 09:08:33,normal,Onboarding,5,33.0,2025-10-17 18:08:33
776828,557608,2025-11-22 09:44:12,low,Onboarding,5,41.0,2025-11-24 02:44:12
638879,674609,2025-09-25 09:43:54,normal,Feature Request,4,43.2,2025-09-27 04:55:54
922402,919775,2025-09-14 08:18:10,normal,Bug Report,4,20.3,2025-09-15 04:36:10
804574,791336,2025-04-16 08:36:56,high,Integrations,5,12.6,2025-04-16 21:12:56
29871,415716,2025-10-23 09:15:00,high,Performance,4,8.3,2025-10-23 17:33:00
553805,110840,2025-06-25 09:39:54,normal,Onboarding,5,37.7,2025-06-26 23:21:54
967268,211963,2025-09-28 20:40:26,normal,Performance,5,33.1,2025-09-30 05:46:26
106438,260885,2025-04-27 09:06:10,low,Onboarding,4,64.5,2025-04-30 01:36:10
381123,579749,2025-05-22 14:21:41,normal,Billing,1,56.1,2025-05-24 22:27:41
569395,302066,2025-01-21 14:13:02,normal,Onboarding,5,26.8,2025-01-22 17:01:02
26862,267533,2025-05-03 10:02:57,normal,Performance,4,39.5,2025-05-05 01:32:57
225211,291773,2025-03-31 15:31:10,low,Billing,4,62.6,2025-04-03 06:07:10
882968,577783,2025-12-20 06:44:05,urgent,Bug Report,4,5.0,2025-12-20 11:44:05
368820,240194,2025-03-22 11:14:08,normal,Integrations,3,31.5,2025-03-23 18:44:08
719168,893855,2025-09-27 10:24:02,high,Onboarding,5,19.7,2025-09-28 06:06:02
184828,292435,2025-02-14 15:43:10,normal,Billing,3,44.8,2025-02-16 12:31:10
140621,216067,2025-12-03 15:30:45,normal,Billing,3,46.8,2025-12-05 14:18:45
852664,450199,2025-05-09 14:40:10,normal,Integrations,1,31.4,2025-05-10 22:04:10
482286,228280,2025-09-24 06:21:36,high,Bug Report,5,17.2,2025-09-24 23:33:36
459781,271695,2025-10-25 15:19:09,high,Bug Report,3,16.1,2025-10-26 07:25:09
43101,863793,2025-06-14 19:16:33,high,Feature Request,5,5.7,2025-06-15 00:58:33
678042,779156,2025-03-22 14:09:27,low,Feature Request,4,88.1,2025-03-26 06:15:27
708618,465105,2025-04-04 08:30:59,normal,Feature Request,5,7.9,2025-04-04 16:24:59
359638,289564,2025-02-05 09:00:55,normal,Feature Request,5,11.9,2025-02-05 20:54:55
710512,304962,2025-08-05 16:56:41,high,Onboarding,2,12.7,2025-08-06 05:38:41
261841,317879,2025-09-20 12:36:53,low,Onboarding,4,150.3,2025-09-26 18:54:53
695382,147538,2025-07-16 05:44:15,normal,Integrations,3,25.2,2025-07-17 06:56:15
86090,263552,2025-10-06 08:59:09,low,Feature Request,5,74.4,2025-10-09 11:23:09
533984,544215,2025-03-29 18:24:15,low,Feature Request,5,110.4,2025-04-03 08:48:15
21255,959623,2025-09-15 13:50:17,normal,Bug Report,1,25.0,2025-09-16 14:50:17
767908,744158,2025-01-11 17:18:15,normal,Integrations,2,51.7,2025-01-13 21:00:15
618784,248542,2025-04-20 09:11:13,low,Bug Report,3,128.4,2025-04-25 17:35:13
682619,930786,2025-05-31 16:21:25,high,Integrations,4,14.6,2025-06-01 06:57:25
26792,544215,2025-04-19 14:12:57,low,Billing,4,65.4,2025-04-22 07:36:57
771316,407884,2025-12-10 11:38:11,normal,Performance,,,
817192,258458,2025-05-06 17:30:59,low,Billing,,,
505750,512181,2025-01-15 17:58:45,low,Billing,1,35.5,2025-01-17 05:28:45
965378,170008,2025-04-19 12:42:57,normal,Performance,5,57.5,2025-04-21 22:12:57
88983,713834,2025-08-25 10:17:38,low,Billing,4,77.1,2025-08-28 15:23:38
735566,670699,2025-07-27 17:28:44,high,Integrations,5,8.4,2025-07-28 01:52:44
234741,244780,2025-02-18 19:17:03,low,Onboarding,5,79.8,2025-02-22 03:05:03
503621,380358,2025-09-19 14:04:33,urgent,Bug Report,5,5.6,2025-09-19 19:40:33
901013,216490,2025-12-18 11:39:34,high,Performance,2,16.4,2025-12-19 04:03:34
170565,550331,2025-10-13 21:18:24,normal,Bug Report,,,
455722,487420,2025-09-05 11:29:32,low,Onboarding,5,85.0,2025-09-09 00:29:32
204886,952954,2025-08-14 09:01:17,low,Onboarding,1,49.5,2025-08-16 10:31:17
765165,232216,2025-01-16 09:12:15,normal,Feature Request,5,40.6,2025-01-18 01:48:15
355607,449827,2025-12-26 09:33:41,high,Bug Report,5,13.7,2025-12-26 23:15:41
678266,391164,2025-04-27 12:11:56,low,Bug Report,1,92.5,2025-05-01 08:41:56
992988,859443,2025-01-19 07:39:23,normal,Bug Report,4,62.2,2025-01-21 21:51:23
649910,254108,2025-05-04 15:19:00,high,Billing,1,18.0,2025-05-05 09:19:00
58504,995934,2025-11-18 11:26:18,high,Bug Report,5,7.8,2025-11-18 19:14:18
815145,943223,2025-06-24 14:22:28,normal,Feature Request,,,
968707,661655,2025-08-26 03:21:41,high,Bug Report,5,8.3,2025-08-26 11:39:41
719664,759736,2025-04-02 13:15:46,high,Integrations,4,8.5,2025-04-02 21:45:46
389082,751178,2025-01-09 09:08:10,normal,Performance,5,26.6,2025-01-10 11:44:10
609376,318405,2025-12-15 22:00:29,low,Performance,5,125.9,2025-12-21 03:54:29
223574,759736,2025-11-03 23:47:14,normal,Onboarding,1,22.8,2025-11-04 22:35:14
447882,141134,2025-03-07 10:25:11,normal,Bug Report,5,13.3,2025-03-07 23:43:11
405278,870010,2025-05-26 12:45:31,normal,Integrations,5,19.8,2025-05-27 08:33:31
578740,704625,2025-03-02 09:21:26,low,Performance,5,85.4,2025-03-05 22:45:26
897101,512181,2025-03-09 10:19:49,low,Onboarding,5,103.1,2025-03-13 17:25:49
611593,259726,2025-06-13 09:43:15,normal,Bug Report,3,16.8,2025-06-14 02:31:15
144136,207018,2025-11-25 09:49:54,low,Performance,4,74.4,2025-11-28 12:13:54
380287,890103,2025-02-15 07:30:15,normal,Integrations,5,9.4,2025-02-15 16:54:15
735146,836507,2025-06-28 12:17:24,high,Billing,3,4.0,2025-06-28 16:17:24
419606,157478,2025-12-21 06:32:25,normal,Billing,5,30.1,2025-12-22 12:38:25
386140,862228,2025-05-25 13:58:35,high,Billing,4,14.6,2025-05-26 04:34:35
425403,179049,2025-04-22 18:00:39,urgent,Bug Report,5,4.2,2025-04-22 22:12:39
8651,993977,2025-03-23 08:09:28,normal,Performance,5,11.5,2025-03-23 19:39:28
250230,549691,2025-01-08 12:39:29,normal,Performance,5,19.6,2025-01-09 08:15:29
655598,212090,2025-02-18 15:13:16,high,Onboarding,4,11.6,2025-02-19 02:49:16
992918,985138,2025-02-15 13:09:49,low,Billing,5,17.3,2025-02-16 06:27:49
545108,567592,2025-01-01 14:14:08,low,Performance,5,74.5,2025-01-04 16:44:08
172655,989410,2025-09-27 18:14:05,low,Billing,4,63.9,2025-09-30 10:08:05
21181,119663,2025-09-27 18:55:04,low,Integrations,5,75.4,2025-09-30 22:19:04
456487,845929,2025-02-16 16:41:22,normal,Performance,4,29.7,2025-02-17 22:23:22
21055,692089,2025-07-11 15:17:33,low,Billing,,,
878104,443866,2025-03-27 15:30:09,normal,Billing,5,17.7,2025-03-28 09:12:09
405123,445354,2025-03-04 11:35:02,high,Feature Request,3,12.6,2025-03-05 00:11:02
935251,583252,2025-10-04 10:49:11,normal,Bug Report,4,22.5,2025-10-05 09:19:11
542439,749734,2025-06-02 10:12:04,normal,Feature Request,2,39.1,2025-06-04 01:18:04
224142,310019,2025-09-16 15:02:28,urgent,Integrations,4,2.8,2025-09-16 17:50:28
422983,142057,2025-08-25 17:57:53,low,Bug Report,4,120.5,2025-08-30 18:27:53
515782,815996,2025-04-04 18:37:28,normal,Billing,4,59.4,2025-04-07 06:01:28
804529,696918,2025-06-24 15:49:20,normal,Feature Request,4,45.0,2025-06-26 12:49:20
615384,393197,2025-10-30 17:14:29,low,Performance,5,21.3,2025-10-31 14:32:29
353484,142260,2025-09-02 15:04:41,low,Billing,5,107.9,2025-09-07 02:58:41
194548,550131,2025-02-24 17:14:35,high,Integrations,4,23.3,2025-02-25 16:32:35
260604,996819,2025-02-12 13:34:30,normal,Feature Request,5,6.0,2025-02-12 19:34:30
392176,900536,2025-03-11 08:45:28,normal,Onboarding,5,51.1,2025-03-13 11:51:28
421071,441926,2025-07-05 09:09:26,normal,Billing,5,20.3,2025-07-06 05:27:26
272321,976274,2025-09-29 20:01:43,low,Onboarding,1,115.6,2025-10-04 15:37:43
713013,794431,2025-03-18 15:11:31,normal,Feature Request,,,
521036,861024,2025-10-21 12:40:17,normal,Onboarding,,,
317154,284686,2025-05-07 18:21:16,normal,Integrations,4,30.3,2025-05-09 00:39:16
218826,262644,2025-09-25 15:01:44,normal,Onboarding,4,16.9,2025-09-26 07:55:44
23680,950959,2025-05-25 18:02:50,normal,Billing,5,33.3,2025-05-27 03:20:50
138891,175483,2025-05-25 07:47:14,normal,Onboarding,,,
1630,662010,2025-12-12 02:42:41,low,Onboarding,4,92.3,2025-12-15 23:00:41
921136,164080,2025-05-12 11:13:35,high,Performance,5,12.0,2025-05-12 23:13:35
60760,409157,2025-02-17 16:17:46,normal,Feature Request,4,41.5,2025-02-19 09:47:46
654750,286547,2025-08-15 11:11:17,high,Performance,4,21.6,2025-08-16 08:47:17
17257,412468,2025-04-11 03:00:36,normal,Integrations,5,9.2,2025-04-11 12:12:36
854317,902662,2025-11-10 05:03:11,low,Bug Report,4,18.4,2025-11-10 23:27:11
593263,379248,2025-11-17 08:58:59,urgent,Onboarding,4,4.0,2025-11-17 12:58:59
439122,619919,2025-03-20 17:39:00,low,Billing,4,67.8,2025-03-23 13:27:00
118751,680171,2025-04-08 15:46:03,low,Bug Report,5,88.7,2025-04-12 08:28:03
241472,179746,2025-04-15 06:19:09,normal,Feature Request,3,26.6,2025-04-16 08:55:09
257547,556479,2025-10-24 15:21:44,high,Billing,4,13.2,2025-10-25 04:33:44
548907,218565,2025-01-23 14:39:34,normal,Bug Report,5,30.2,2025-01-24 20:51:34
214007,170008,2025-08-15 09:10:51,normal,Billing,5,67.5,2025-08-18 04:40:51
175853,870377,2025-09-23 01:45:21,urgent,Bug Report,5,5.5,2025-09-23 07:15:21
130223,353158,2025-04-27 12:07:39,high,Bug Report,5,5.4,2025-04-27 17:31:39
147532,964514,2025-12-09 07:15:02,low,Integrations,5,39.1,2025-12-10 22:21:02
762303,216067,2025-12-03 16:42:53,high,Bug Report,5,2.8,2025-12-03 19:30:53
566706,409157,2025-09-06 14:17:39,low,Integrations,5,52.6,2025-09-08 18:53:39
737406,228280,2025-08-18 10:51:04,low,Integrations,5,27.4,2025-08-19 14:15:04
114926,604851,2025-08-20 23:30:25,high,Onboarding,5,10.1,2025-08-21 09:36:25
266707,474120,2025-03-16 16:27:51,high,Billing,5,12.1,2025-03-17 04:33:51
633657,301501,2025-01-28 19:01:07,high,Onboarding,3,19.7,2025-01-29 14:43:07
61459,704625,2025-05-29 08:21:30,low,Billing,4,22.6,2025-05-30 06:57:30
868084,896894,2025-07-07 16:52:31,urgent,Integrations,2,1.9,2025-07-07 18:46:31
559023,631393,2025-01-27 14:01:01,high,Integrations,5,8.7,2025-01-27 22:43:01
14576,555768,2025-01-12 15:59:46,low,Bug Report,5,41.4,2025-01-14 09:23:46
482350,196331,2025-04-30 12:25:57,high,Performance,3,7.6,2025-04-30 20:01:57
110842,727732,2025-10-04 17:06:28,normal,Onboarding,2,18.3,2025-10-05 11:24:28
697255,989410,2025-05-22 17:38:34,high,Billing,5,4.6,2025-05-22 22:14:34
536839,452579,2025-10-10 12:12:31,normal,Billing,5,52.0,2025-10-12 16:12:31
307829,210309,2025-11-23 09:30:44,normal,Billing,4,27.1,2025-11-24 12:36:44
753662,833504,2025-07-20 10:16:34,normal,Performance,5,38.6,2025-07-22 00:52:34
167560,679825,2025-11-16 19:41:04,low,Bug Report,,,
82979,227569,2025-08-07 18:45:48,normal,Feature Request,4,28.5,2025-08-08 23:15:48
723653,267533,2025-08-05 09:26:47,high,Feature Request,4,9.7,2025-08-05 19:08:47
582552,142978,2025-05-20 12:51:17,normal,Integrations,4,39.4,2025-05-22 04:15:17
147950,437273,2025-07-01 14:56:26,normal,Onboarding,,,
119533,605260,2025-09-03 07:29:14,low,Integrations,,,
290267,263552,2025-04-23 09:36:15,high,Billing,4,16.0,2025-04-24 01:36:15
636746,457960,2025-07-11 22:24:05,high,Integrations,5,11.2,2025-07-12 09:36:05
919680,210309,2025-12-13 17:48:06,high,Onboarding,5,13.3,2025-12-14 07:06:06
416869,516432,2025-05-22 11:31:08,normal,Performance,4,18.6,2025-05-23 06:07:08
602104,200631,2025-05-26 08:42:37,normal,Bug Report,4,20.9,2025-05-27 05:36:37
192351,181128,2025-04-10 06:27:56,normal,Performance,4,29.9,2025-04-11 12:21:56
17489,634053,2025-06-24 18:06:17,low,Billing,5,163.0,2025-07-01 13:06:17
854202,227254,2025-09-18 07:09:35,low,Feature Request,2,45.5,2025-09-20 04:39:35
902744,662368,2025-10-18 10:22:32,normal,Performance,5,56.4,2025-10-20 18:46:32
212562,301920,2025-03-04 07:48:15,normal,Integrations,5,29.2,2025-03-05 13:00:15
318544,380358,2025-07-21 19:20:48,normal,Billing,5,40.8,2025-07-23 12:08:48
631099,481016,2025-03-23 18:53:59,normal,Feature Request,4,33.4,2025-03-25 04:17:59
911786,902628,2025-05-23 20:24:20,normal,Integrations,4,44.6,2025-05-25 17:00:20
350838,679810,2025-09-29 14:45:49,normal,Billing,5,30.0,2025-09-30 20:45:49
904000,200830,2025-01-31 09:27:19,normal,Bug Report,1,29.9,2025-02-01 15:21:19
896666,379248,2025-02-15 13:47:13,low,Onboarding,5,55.8,2025-02-17 21:35:13
21384,439406,2025-03-07 10:43:57,low,Performance,5,62.6,2025-03-10 01:19:57
588795,600525,2025-08-22 19:21:34,low,Bug Report,4,50.1,2025-08-24 21:27:34
512588,917801,2025-06-20 10:14:47,normal,Performance,5,30.2,2025-06-21 16:26:47
9639,713834,2025-10-05 07:18:31,normal,Integrations,1,36.7,2025-10-06 20:00:31
763026,467325,2025-03-03 13:35:12,high,Integrations,5,6.1,2025-03-03 19:41:12
639358,470193,2025-11-15 13:14:31,low,Onboarding,5,56.6,2025-11-17 21:50:31
182622,349634,2025-09-06 13:54:35,normal,Feature Request,4,25.5,2025-09-07 15:24:35
892308,289564,2025-04-30 11:20:52,high,Billing,5,6.4,2025-04-30 17:44:52
771373,650852,2025-07-03 11:41:11,low,Integrations,4,27.3,2025-07-04 14:59:11
647928,465105,2025-04-03 11:53:05,high,Onboarding,4,13.9,2025-04-04 01:47:05
521894,975237,2025-08-18 14:34:47,high,Billing,3,13.7,2025-08-19 04:16:47
557833,660322,2025-09-08 08:27:19,normal,Performance,5,26.7,2025-09-09 11:09:19
669305,136409,2025-06-10 12:30:04,high,Feature Request,4,18.2,2025-06-11 06:42:04
188245,491474,2025-07-11 16:27:31,normal,Billing,4,32.0,2025-07-13 00:27:31
51339,140197,2025-03-15 11:02:20,normal,Feature Request,4,34.4,2025-03-16 21:26:20
250571,435261,2025-04-19 07:18:22,normal,Onboarding,1,62.1,2025-04-21 21:24:22
499956,722460,2025-02-09 12:51:00,normal,Billing,4,47.1,2025-02-11 11:57:00
734754,511241,2025-12-07 07:19:29,high,Integrations,4,13.5,2025-12-07 20:49:29
318485,200865,2025-07-03 09:31:39,low,Integrations,3,38.3,2025-07-04 23:49:39
774914,453260,2025-04-07 14:25:34,high,Integrations,5,8.3,2025-04-07 22:43:34
533655,634412,2025-10-26 14:47:58,low,Billing,2,147.0,2025-11-01 17:47:58
785309,491257,2025-11-18 14:00:11,normal,Performance,5,30.0,2025-11-19 20:00:11
893848,757620,2025-03-28 15:49:21,normal,Integrations,1,39.2,2025-03-30 07:01:21
313413,147538,2025-06-17 06:56:15,normal,Billing,4,14.0,2025-06-17 20:56:15
972281,290620,2025-09-21 16:05:05,normal,Integrations,4,16.8,2025-09-22 08:53:05
939009,728261,2025-01-08 15:05:01,low,Bug Report,2,78.6,2025-01-11 21:41:01
950513,700348,2025-06-26 08:32:40,low,Bug Report,5,148.2,2025-07-02 12:44:40
774658,872118,2025-07-29 08:22:54,normal,Feature Request,5,28.0,2025-07-30 12:22:54
811910,481953,2025-11-24 05:37:15,low,Billing,4,144.7,2025-11-30 06:19:15
696850,481021,2025-05-23 09:24:59,high,Billing,5,7.1,2025-05-23 16:30:59
110873,346678,2025-06-18 18:52:36,normal,Integrations,4,29.2,2025-06-20 00:04:36
820261,978965,2025-06-03 10:01:24,normal,Integrations,1,26.3,2025-06-04 12:19:24
122821,511241,2025-12-12 18:06:47,low,Integrations,5,60.7,2025-12-15 06:48:47
27433,355983,2025-03-25 21:18:48,urgent,Billing,3,4.9,2025-03-26 02:12:48
779472,796619,2025-08-20 15:59:48,low,Integrations,5,132.0,2025-08-26 03:59:48
625235,208743,2025-11-09 12:02:30,low,Feature Request,1,40.4,2025-11-11 04:26:30
281293,782825,2025-11-17 07:03:25,low,Onboarding,5,85.3,2025-11-20 20:21:25
928713,679810,2025-11-10 10:20:15,normal,Billing,2,45.9,2025-11-12 08:14:15
806270,600774,2025-08-25 16:25:13,urgent,Bug Report,5,4.7,2025-08-25 21:07:13
917428,441439,2025-08-05 13:57:11,low,Bug Report,4,76.2,2025-08-08 18:09:11
381253,726509,2025-04-06 16:32:42,normal,Performance,5,25.1,2025-04-07 17:38:42
902480,216864,2025-01-18 15:23:31,low,Feature Request,4,66.5,2025-01-21 09:53:31
54724,242844,2025-02-13 18:52:43,normal,Bug Report,5,35.8,2025-02-15 06:40:43
418575,299049,2025-05-14 08:53:46,normal,Bug Report,1,28.3,2025-05-15 13:11:46
33983,567592,2025-10-17 11:14:33,low,Billing,4,102.6,2025-10-21 17:50:33
254902,651891,2025-06-05 18:52:36,normal,Integrations,5,30.0,2025-06-07 00:52:36
906127,656283,2025-06-04 11:33:10,normal,Integrations,3,24.9,2025-06-05 12:27:10
705567,286547,2025-11-06 16:26:23,low,Integrations,,,
353912,858842,2025-03-09 07:08:23,normal,Bug Report,5,32.1,2025-03-10 15:14:23
350267,858507,2025-11-21 07:46:03,high,Onboarding,5,10.3,2025-11-21 18:04:03
641891,822666,2025-10-22 16:25:05,high,Bug Report,3,7.3,2025-10-22 23:43:05
242012,908690,2025-07-01 13:57:00,normal,Bug Report,5,30.0,2025-07-02 19:57:00
860927,798586,2025-07-13 17:47:06,low,Onboarding,,,
707156,321951,2025-08-07 11:57:54,urgent,Performance,4,6.1,2025-08-07 18:03:54
452774,682986,2025-07-01 13:13:56,low,Integrations,4,77.9,2025-07-04 19:07:56
349801,916616,2025-05-25 09:14:43,high,Feature Request,4,14.5,2025-05-25 23:44:43
687152,227254,2025-02-17 08:00:50,normal,Integrations,3,66.7,2025-02-20 02:42:50
688211,613449,2025-08-31 14:29:51,normal,Performance,4,37.4,2025-09-02 03:53:51
705347,669363,2025-01-31 09:30:33,low,Feature Request,2,71.9,2025-02-03 09:24:33
997900,280156,2025-11-25 01:30:07,low,Feature Request,5,12.5,2025-11-25 14:00:07
325438,490866,2025-09-15 08:40:04,normal,Bug Report,5,12.6,2025-09-15 21:16:04
866386,179049,2025-04-22 10:11:28,low,Onboarding,4,52.1,2025-04-24 14:17:28
282370,363409,2025-12-06 14:25:34,low,Integrations,5,19.2,2025-12-07 09:37:34
522159,164239,2025-07-23 12:56:02,high,Integrations,4,16.7,2025-07-24 05:38:02
660916,727242,2025-08-20 07:42:23,low,Feature Request,4,118.6,2025-08-25 06:18:23
17591,796619,2025-08-21 08:58:05,high,Onboarding,5,19.3,2025-08-22 04:16:05
560686,452461,2025-03-08 08:23:30,normal,Onboarding,5,16.0,2025-03-09 00:23:30
337961,662747,2025-10-15 18:44:16,low,Billing,4,132.0,2025-10-21 06:44:16
449410,676881,2025-03-16 10:28:00,low,Billing,5,39.1,2025-03-18 01:34:00
572876,435506,2025-03-03 12:08:09,low,Feature Request,4,140.3,2025-03-09 08:26:09
290895,117687,2025-04-05 10:50:51,normal,Feature Request,3,21.9,2025-04-06 08:44:51
887763,178553,2025-10-07 10:34:22,low,Bug Report,2,96.8,2025-10-11 11:22:22
600362,825599,2025-01-24 10:28:19,normal,Performance,,,
657170,954668,2025-06-01 02:35:36,normal,Feature Request,,,
253327,734573,2025-08-22 16:53:11,normal,Integrations,5,50.2,2025-08-24 19:05:11
961527,452579,2025-09-17 09:05:32,urgent,Billing,5,1.1,2025-09-17 10:11:32
383448,365660,2025-05-12 14:50:37,high,Feature Request,3,8.1,2025-05-12 22:56:37
864269,314615,2025-09-16 15:43:51,low,Onboarding,4,50.4,2025-09-18 18:07:51
562235,676603,2025-11-18 13:04:36,normal,Performance,4,17.0,2025-11-19 06:04:36
437033,935611,2025-01-01 13:57:09,normal,Bug Report,4,28.0,2025-01-02 17:57:09
724773,704625,2025-01-21 11:40:02,high,Feature Request,5,9.1,2025-01-21 20:46:02
912984,861107,2025-04-27 18:59:17,high,Bug Report,5,9.8,2025-04-28 04:47:17
615953,713585,2025-08-31 10:13:52,normal,Feature Request,5,20.2,2025-09-01 06:25:52
25323,634053,2025-06-29 13:14:24,high,Onboarding,3,14.4,2025-06-30 03:38:24
228344,131876,2025-07-15 13:17:05,normal,Billing,4,27.6,2025-07-16 16:53:05
486389,288798,2025-03-20 12:05:35,normal,Bug Report,5,39.7,2025-03-22 03:47:35
645539,721049,2025-07-26 02:23:52,normal,Feature Request,,,
316306,209357,2025-09-09 19:14:59,normal,Integrations,4,43.8,2025-09-11 15:02:59
190988,668250,2025-08-08 14:12:14,high,Bug Report,3,13.3,2025-08-09 03:30:14
455090,821114,2025-09-23 11:56:55,high,Integrations,5,16.5,2025-09-24 04:26:55
277559,216864,2025-12-16 16:06:31,high,Onboarding,4,14.3,2025-12-17 06:24:31
661631,633095,2025-11-14 10:31:46,high,Performance,5,4.4,2025-11-14 14:55:46
279638,409157,2025-12-22 14:14:35,urgent,Performance,5,2.8,2025-12-22 17:02:35
11354,254108,2025-04-02 08:19:15,normal,Performance,5,21.7,2025-04-03 06:01:15
193697,380358,2025-12-04 10:20:14,low,Onboarding,5,65.6,2025-12-07 03:56:14
354575,343808,2025-09-20 19:01:28,low,Performance,5,86.8,2025-09-24 09:49:28
228593,779884,2025-07-07 13:16:53,high,Integrations,5,8.4,2025-07-07 21:40:53
307281,315012,2025-09-27 15:19:46,low,Feature Request,5,88.4,2025-10-01 07:43:46
566863,353111,2025-10-16 13:38:13,normal,Onboarding,5,6.4,2025-10-16 20:02:13
899235,624539,2025-11-08 16:24:55,low,Onboarding,5,98.6,2025-11-12 19:00:55
120895,876549,2025-06-28 21:56:09,urgent,Billing,5,2.5,2025-06-29 00:26:09
410251,725268,2025-07-07 07:10:10,high,Integrations,1,18.9,2025-07-08 02:04:10
660962,479650,2025-09-05 22:01:25,normal,Feature Request,4,43.4,2025-09-07 17:25:25
748568,372540,2025-12-10 11:22:32,normal,Feature Request,4,8.5,2025-12-10 19:52:32
48041,723271,2025-08-21 08:37:18,normal,Bug Report,2,51.9,2025-08-23 12:31:18
144955,684498,2025-06-11 06:05:29,high,Performance,2,13.4,2025-06-11 19:29:29
568716,106212,2025-12-24 11:46:00,high,Billing,1,9.6,2025-12-24 21:22:00
278528,401402,2025-01-03 12:47:39,normal,Integrations,5,34.0,2025-01-04 22:47:39
47724,549442,2025-09-11 10:47:34,normal,Bug Report,5,39.7,2025-09-13 02:29:34
915373,336143,2025-06-06 12:20:55,low,Billing,5,25.5,2025-06-07 13:50:55
135867,825599,2025-02-20 07:39:49,normal,Billing,4,16.0,2025-02-20 23:39:49
57622,165982,2025-11-07 08:34:32,high,Billing,5,15.9,2025-11-08 00:28:32
100479,530957,2025-11-30 13:12:49,low,Billing,5,56.8,2025-12-02 22:00:49
740775,930679,2025-11-15 14:43:29,normal,Performance,1,39.2,2025-11-17 05:55:29
804269,487420,2025-01-05 07:56:18,normal,Feature Request,5,55.1,2025-01-07 15:02:18
543721,246475,2025-11-24 10:16:00,normal,Billing,5,39.3,2025-11-26 01:34:00
449857,415716,2025-04-19 13:13:07,normal,Integrations,4,25.7,2025-04-20 14:55:07
356532,848871,2025-08-04 07:08:04,normal,Billing,5,34.9,2025-08-05 18:02:04
161650,106212,2025-05-04 15:32:38,low,Bug Report,4,60.4,2025-05-07 03:56:38
317145,392724,2025-09-17 10:50:44,normal,Performance,3,25.6,2025-09-18 12:26:44
176517,333840,2025-12-18 13:44:15,high,Onboarding,5,16.8,2025-12-19 06:32:15
923314,813618,2025-07-28 18:37:55,normal,Integrations,4,11.3,2025-07-29 05:55:55
988567,647876,2025-06-18 13:22:07,low,Billing,5,80.0,2025-06-21 21:22:07
883118,631393,2025-07-04 09:45:10,normal,Billing,4,55.1,2025-07-06 16:51:10
456002,282217,2025-08-01 16:39:47,normal,Billing,3,7.5,2025-08-02 00:09:47
36865,552380,2025-01-15 16:05:13,normal,Bug Report,3,27.3,2025-01-16 19:23:13
450455,893066,2025-08-21 08:19:44,high,Billing,3,14.5,2025-08-21 22:49:44
671364,240194,2025-12-14 14:17:31,normal,Feature Request,4,22.4,2025-12-15 12:41:31
197036,253221,2025-05-31 20:15:55,low,Integrations,4,109.6,2025-06-05 09:51:55
254268,919775,2025-07-01 11:05:54,high,Onboarding,,,
991934,809176,2025-05-10 14:18:54,normal,Performance,,,
902568,482349,2025-01-02 02:41:35,normal,Bug Report,5,34.1,2025-01-03 12:47:35
912598,757620,2025-12-22 16:32:40,normal,Billing,3,30.4,2025-12-23 22:56:40
235403,207018,2025-12-20 15:31:19,normal,Onboarding,5,37.3,2025-12-22 04:49:19
960154,333840,2025-11-16 17:53:37,normal,Onboarding,,,
575104,769811,2025-07-30 15:21:41,low,Onboarding,5,124.7,2025-08-04 20:03:41
916443,209680,2025-03-21 14:32:54,normal,Bug Report,4,29.4,2025-03-22 19:56:54
644664,228677,2025-03-10 09:04:16,normal,Performance,2,16.0,2025-03-11 01:04:16
781904,199248,2025-08-22 21:02:16,low,Onboarding,5,69.5,2025-08-25 18:32:16
964178,203951,2025-03-03 16:07:09,high,Billing,4,13.7,2025-03-04 05:49:09
756818,837734,2025-09-23 11:16:33,normal,Performance,5,17.0,2025-09-24 04:16:33
604467,571416,2025-09-19 21:50:28,low,Integrations,3,51.4,2025-09-22 01:14:28
595905,383211,2025-11-16 15:42:58,high,Billing,,,
285717,201572,2025-11-12 12:45:50,normal,Onboarding,5,23.0,2025-11-13 11:45:50
45286,625558,2025-04-22 14:00:54,normal,Onboarding,5,57.5,2025-04-24 23:30:54
724617,299619,2025-01-30 08:00:00,low,Integrations,3,166.8,2025-02-06 06:48:00
866662,793847,2025-05-09 10:29:41,normal,Integrations,1,43.8,2025-05-11 06:17:41
179687,224336,2025-07-22 11:23:18,urgent,Onboarding,2,6.5,2025-07-22 17:53:18
48661,381306,2025-11-30 13:39:48,high,Integrations,5,14.6,2025-12-01 04:15:48
698375,225784,2025-12-03 09:47:36,high,Feature Request,2,15.2,2025-12-04 00:59:36
967105,467325,2025-04-29 22:38:03,low,Billing,3,68.3,2025-05-02 18:56:03
736926,557850,2025-04-02 23:44:00,low,Onboarding,5,93.8,2025-04-06 21:32:00
211646,511497,2025-05-24 18:08:40,normal,Billing,4,15.9,2025-05-25 10:02:40
469052,288393,2025-12-26 16:09:41,normal,Billing,1,31.5,2025-12-27 23:39:41
11939,441844,2025-03-13 11:08:33,normal,Feature Request,1,51.7,2025-03-15 14:50:33
834202,647019,2025-05-11 19:27:30,low,Integrations,1,34.5,2025-05-13 05:57:30
457717,687595,2025-11-18 08:58:57,low,Feature Request,,,
714268,617749,2025-07-27 09:49:14,low,Onboarding,,,
913813,216067,2025-12-22 21:58:10,high,Bug Report,4,17.4,2025-12-23 15:22:10
519948,988184,2025-10-15 11:33:04,high,Bug Report,,,
867008,750386,2025-06-05 15:15:02,normal,Onboarding,4,47.3,2025-06-07 14:33:02
835158,893066,2025-02-13 14:33:33,urgent,Integrations,5,4.0,2025-02-13 18:33:33
232670,250089,2025-08-15 12:35:31,low,Bug Report,1,111.9,2025-08-20 04:29:31
114828,872118,2025-04-18 08:46:51,low,Bug Report,4,71.0,2025-04-21 07:46:51
971597,540635,2025-04-11 18:36:21,low,Integrations,5,105.7,2025-04-16 04:18:21
369505,352867,2025-02-22 13:18:59,low,Performance,,,
991010,978965,2025-10-31 15:14:59,low,Integrations,4,57.6,2025-11-03 00:50:59
552358,820834,2025-09-23 22:30:51,low,Performance,5,78.6,2025-09-27 05:06:51
424765,985162,2025-12-25 05:29:29,normal,Integrations,5,46.0,2025-12-27 03:29:29
869265,150235,2025-04-09 06:42:10,normal,Onboarding,4,18.7,2025-04-10 01:24:10
767129,518790,2025-08-02 03:38:34,low,Integrations,4,74.6,2025-08-05 06:14:34
24566,839782,2025-03-07 16:33:10,normal,Billing,,,
427899,747100,2025-05-21 07:12:35,low,Billing,5,40.3,2025-05-22 23:30:35
858447,150144,2025-11-03 10:24:05,normal,Billing,5,41.3,2025-11-05 03:42:05
407172,526700,2025-08-03 06:08:56,normal,Onboarding,4,15.8,2025-08-03 21:56:56
851063,970221,2025-06-25 09:10:09,low,Bug Report,5,23.4,2025-06-26 08:34:09
452288,722460,2025-08-20 13:04:25,normal,Integrations,5,44.7,2025-08-22 09:46:25
465580,140197,2025-03-29 16:07:47,normal,Bug Report,4,40.9,2025-03-31 09:01:47
380904,198116,2025-08-27 16:26:59,normal,Performance,5,71.6,2025-08-30 16:02:59
366815,174373,2025-07-10 03:30:00,normal,Billing,,,
976882,244780,2025-11-11 08:20:25,high,Onboarding,4,14.3,2025-11-11 22:38:25
42575,699272,2025-07-15 06:35:23,low,Integrations,5,92.6,2025-07-19 03:11:23
340026,335130,2025-05-31 17:22:08,urgent,Billing,5,5.5,2025-05-31 22:52:08
121666,647876,2025-02-16 09:12:01,high,Feature Request,4,19.7,2025-02-17 04:54:01
976944,815721,2025-01-08 15:00:53,low,Billing,5,102.4,2025-01-12 21:24:53
584912,619919,2025-10-09 09:42:44,normal,Billing,5,16.9,2025-10-10 02:36:44
292747,271313,2025-08-30 13:37:55,normal,Onboarding,5,41.6,2025-09-01 07:13:55
485779,769943,2025-06-15 09:55:50,low,Integrations,5,51.5,2025-06-17 13:25:50
677884,318214,2025-07-12 13:42:46,normal,Integrations,5,39.0,2025-07-14 04:42:46
116586,157478,2025-08-06 09:54:52,normal,Billing,1,22.4,2025-08-07 08:18:52
816600,970778,2025-03-24 14:42:36,normal,Feature Request,,,
603963,627910,2025-09-11 17:50:35,high,Integrations,4,5.7,2025-09-11 23:32:35
264576,358134,2025-04-03 09:28:54,normal,Onboarding,4,62.3,2025-04-05 23:46:54
425535,746335,2025-08-04 02:00:59,high,Integrations,3,17.6,2025-08-04 19:36:59
197431,374056,2025-09-07 16:10:08,normal,Integrations,5,14.5,2025-09-08 06:40:08
697889,269054,2025-01-28 06:35:26,normal,Onboarding,4,35.3,2025-01-29 17:53:26
873640,529391,2025-07-20 07:53:25,normal,Integrations,4,31.1,2025-07-21 14:59:25
442235,925364,2025-07-24 23:39:59,normal,Bug Report,,,
509746,318214,2025-06-03 11:39:55,high,Onboarding,4,9.7,2025-06-03 21:21:55
941167,516677,2025-09-27 11:09:23,high,Feature Request,5,21.5,2025-09-28 08:39:23
946615,907943,2025-01-27 05:47:26,normal,Billing,5,46.0,2025-01-29 03:47:26
86882,401402,2025-11-07 11:32:51,low,Integrations,5,98.5,2025-11-11 14:02:51
420367,951176,2025-05-14 08:07:55,low,Feature Request,5,62.8,2025-05-16 22:55:55
24098,133440,2025-10-24 23:51:30,high,Bug Report,,,
518719,798586,2025-06-11 11:41:04,high,Integrations,5,13.9,2025-06-12 01:35:04
925998,938137,2025-02-21 10:09:32,normal,Performance,3,60.6,2025-02-23 22:45:32
222109,928274,2025-07-13 07:22:25,low,Onboarding,5,119.7,2025-07-18 07:04:25
803151,943757,2025-05-11 06:17:24,low,Integrations,5,125.7,2025-05-16 11:59:24
947782,918351,2025-09-01 14:41:31,high,Bug Report,1,10.3,2025-09-02 00:59:31
328911,275252,2025-10-10 10:31:27,urgent,Integrations,5,5.5,2025-10-10 16:01:27
3505,772957,2025-06-01 00:29:32,normal,Bug Report,4,50.2,2025-06-03 02:41:32
571088,941144,2025-04-02 09:18:55,low,Bug Report,3,108.5,2025-04-06 21:48:55
461064,163603,2025-02-20 19:58:14,high,Integrations,4,6.7,2025-02-21 02:40:14
35307,376850,2025-09-08 21:17:16,high,Integrations,4,11.1,2025-09-09 08:23:16
840224,820426,2025-05-07 11:10:49,normal,Integrations,4,29.7,2025-05-08 16:52:49
343134,645195,2025-11-15 10:41:12,low,Integrations,5,9.5,2025-11-15 20:11:12
200728,883487,2025-07-06 16:03:12,normal,Onboarding,5,26.0,2025-07-07 18:03:12
577689,433844,2025-02-23 17:51:21,normal,Bug Report,3,45.1,2025-02-25 14:57:21
506327,275252,2025-02-20 09:05:46,high,Feature Request,5,16.0,2025-02-21 01:05:46
830358,184233,2025-12-02 12:16:24,normal,Billing,5,20.7,2025-12-03 08:58:24
230463,550331,2025-01-26 15:30:30,urgent,Integrations,5,3.2,2025-01-26 18:42:30
142264,562219,2025-07-11 16:05:23,urgent,Integrations,1,3.8,2025-07-11 19:53:23
832876,647116,2025-12-01 11:38:45,normal,Feature Request,2,31.8,2025-12-02 19:26:45
35789,555768,2025-12-18 19:08:57,low,Billing,4,116.4,2025-12-23 15:32:57
806756,848451,2025-03-18 05:08:32,normal,Billing,3,41.0,2025-03-19 22:08:32
183386,591371,2025-08-30 20:24:02,high,Feature Request,4,13.6,2025-08-31 10:00:02
408811,769811,2025-09-06 12:34:37,normal,Performance,5,28.1,2025-09-07 16:40:37
158503,689786,2025-01-11 13:28:02,urgent,Bug Report,4,3.2,2025-01-11 16:40:02
513274,973987,2025-01-12 13:15:00,low,Feature Request,5,124.1,2025-01-17 17:21:00
121255,990741,2025-05-28 19:23:36,low,Billing,4,115.1,2025-06-02 14:29:36
219430,379292,2025-05-01 09:13:48,normal,Bug Report,3,24.3,2025-05-02 09:31:48
466045,722037,2025-01-15 19:03:34,low,Onboarding,4,76.1,2025-01-18 23:09:34
574909,746335,2025-08-02 14:17:44,normal,Integrations,4,17.9,2025-08-03 08:11:44
560899,970221,2025-05-26 13:21:07,high,Billing,5,4.3,2025-05-26 17:39:07
688189,665391,2025-12-10 14:30:40,urgent,Onboarding,4,6.3,2025-12-10 20:48:40
389847,742834,2025-09-20 22:50:17,low,Onboarding,,,
545533,436381,2025-08-04 08:30:18,low,Feature Request,3,21.6,2025-08-05 06:06:18
506197,596031,2025-02-24 12:01:20,low,Bug Report,5,42.3,2025-02-26 06:19:20
720906,651612,2025-07-16 14:55:20,normal,Onboarding,5,23.5,2025-07-17 14:25:20
952679,315118,2025-09-26 15:59:11,urgent,Onboarding,4,4.8,2025-09-26 20:47:11
509473,228280,2025-04-04 15:20:05,low,Integrations,3,128.5,2025-04-09 23:50:05
518662,334270,2025-02-22 13:05:00,normal,Performance,5,21.1,2025-02-23 10:11:00
857785,665391,2025-05-16 10:27:35,high,Integrations,4,9.1,2025-05-16 19:33:35
133942,155975,2025-12-13 13:37:21,high,Bug Report,5,8.4,2025-12-13 22:01:21
295931,552380,2025-08-30 08:44:36,low,Integrations,3,104.5,2025-09-03 17:14:36
943498,899024,2025-12-22 11:17:26,high,Integrations,5,12.4,2025-12-22 23:41:26
890215,674609,2025-01-21 08:51:12,urgent,Billing,5,4.8,2025-01-21 13:39:12
242042,749734,2025-01-03 15:37:51,low,Feature Request,4,89.7,2025-01-07 09:19:51
327814,485273,2025-03-08 09:27:26,high,Integrations,,,
948177,451700,2025-12-19 10:11:49,urgent,Onboarding,3,2.4,2025-12-19 12:35:49
218520,989157,2025-07-22 06:09:25,high,Integrations,,,
197441,352867,2025-06-11 15:30:01,high,Performance,4,8.3,2025-06-11 23:48:01
337272,916616,2025-06-19 09:28:21,normal,Onboarding,5,5.1,2025-06-19 14:34:21
672869,687117,2025-04-18 15:55:14,normal,Performance,5,33.7,2025-04-20 01:37:14
423216,380284,2025-09-17 14:04:44,normal,Onboarding,4,12.5,2025-09-18 02:34:44
844120,574882,2025-11-25 13:49:56,urgent,Integrations,4,4.9,2025-11-25 18:43:56
427851,166599,2025-02-04 17:34:21,high,Billing,4,9.6,2025-02-05 03:10:21
158981,982749,2025-01-27 09:42:46,normal,Integrations,2,11.6,2025-01-27 21:18:46
837093,113224,2025-09-02 10:08:18,low,Bug Report,5,104.8,2025-09-06 18:56:18
279298,173985,2025-09-20 18:24:33,low,Integrations,5,53.1,2025-09-22 23:30:33
123545,823375,2025-09-12 15:40:32,low,Billing,5,24.4,2025-09-13 16:04:32
778327,395222,2025-01-18 08:23:55,normal,Bug Report,5,56.8,2025-01-20 17:11:55
173442,295167,2025-01-27 09:48:43,normal,Feature Request,3,43.2,2025-01-29 05:00:43
753357,791336,2025-12-19 10:29:59,low,Bug Report,4,98.4,2025-12-23 12:53:59
692630,976274,2025-08-23 12:29:17,normal,Feature Request,5,46.1,2025-08-25 10:35:17
945228,671372,2025-05-10 11:24:07,normal,Bug Report,5,43.7,2025-05-12 07:06:07
104591,245270,2025-04-27 05:14:44,low,Bug Report,3,76.5,2025-04-30 09:44:44
154714,865573,2025-01-17 15:52:44,normal,Bug Report,4,14.7,2025-01-18 06:34:44
3251,654271,2025-06-16 09:18:15,normal,Integrations,4,35.9,2025-06-17 21:12:15
591441,680171,2025-07-06 08:38:47,normal,Integrations,5,9.2,2025-07-06 17:50:47
833980,139085,2025-12-25 07:44:37,low,Integrations,5,43.0,2025-12-27 02:44:37
85120,243998,2025-01-25 17:26:42,normal,Feature Request,5,29.1,2025-01-26 22:32:42
258347,888943,2025-05-09 23:36:22,normal,Onboarding,,,
443782,774503,2025-08-25 09:01:49,high,Onboarding,3,13.3,2025-08-25 22:19:49
689740,586841,2025-04-07 09:11:19,high,Billing,5,16.8,2025-04-08 01:59:19
345725,550131,2025-12-10 15:54:48,normal,Billing,5,43.9,2025-12-12 11:48:48
563002,558918,2025-08-15 05:45:46,high,Onboarding,5,4.0,2025-08-15 09:45:46
52455,190126,2025-09-15 08:37:32,high,Bug Report,5,11.8,2025-09-15 20:25:32
696522,430738,2025-11-13 11:19:34,high,Billing,4,15.2,2025-11-14 02:31:34
209518,431016,2025-10-26 14:52:34,low,Billing,2,67.6,2025-10-29 10:28:34
666232,314615,2025-12-26 10:53:56,low,Onboarding,,,
202835,304962,2025-02-04 11:50:59,normal,Feature Request,4,42.9,2025-02-06 06:44:59
313731,501273,2025-06-05 05:36:38,urgent,Bug Report,5,3.5,2025-06-05 09:06:38
246538,749734,2025-09-13 09:05:57,normal,Bug Report,5,21.0,2025-09-14 06:05:57
895462,954668,2025-01-05 15:34:07,low,Bug Report,5,130.2,2025-01-11 01:46:07
776566,575421,2025-06-29 14:22:56,low,Integrations,,,
651381,393362,2025-11-04 14:39:36,normal,Billing,3,20.9,2025-11-05 11:33:36
431189,144659,2025-04-26 10:52:41,normal,Onboarding,2,58.6,2025-04-28 21:28:41
746469,874742,2025-04-16 08:46:55,normal,Onboarding,5,23.0,2025-04-17 07:46:55
580822,295860,2025-04-07 16:27:14,high,Billing,5,16.9,2025-04-08 09:21:14
63726,284686,2025-06-04 09:08:46,normal,Billing,3,45.4,2025-06-06 06:32:46
721553,753247,2025-08-27 07:42:57,normal,Integrations,5,24.9,2025-08-28 08:36:57
136581,304962,2025-06-19 18:03:54,high,Billing,5,11.8,2025-06-20 05:51:54
342859,349634,2025-03-18 15:29:11,normal,Billing,4,35.4,2025-03-20 02:53:11
937744,377902,2025-01-19 12:40:02,high,Integrations,5,14.8,2025-01-20 03:28:02
215701,640065,2025-05-18 08:52:02,high,Integrations,3,5.8,2025-05-18 14:40:02
577048,575346,2025-08-17 06:34:49,low,Bug Report,3,95.5,2025-08-21 06:04:49
15693,253647,2025-01-29 10:33:57,normal,Integrations,5,34.8,2025-01-30 21:21:57
471417,537263,2025-09-25 20:45:46,low,Performance,5,145.0,2025-10-01 21:45:46
206131,142978,2025-03-03 02:36:54,high,Feature Request,4,17.0,2025-03-03 19:36:54
494504,451634,2025-10-26 07:45:40,normal,Billing,5,34.6,2025-10-27 18:21:40
289844,806501,2025-03-16 11:59:59,low,Feature Request,4,65.6,2025-03-19 05:35:59
525696,918212,2025-06-21 15:10:43,high,Bug Report,5,17.8,2025-06-22 08:58:43
245198,201117,2025-03-13 08:09:00,low,Bug Report,4,121.2,2025-03-18 09:21:00
70621,359578,2025-12-26 12:04:33,normal,Integrations,4,22.6,2025-12-27 10:40:33
862323,449827,2025-11-21 19:11:38,high,Feature Request,5,22.6,2025-11-22 17:47:38
736351,931016,2025-04-01 11:19:23,low,Integrations,1,125.7,2025-04-06 17:01:23
295859,529391,2025-03-23 13:49:30,high,Onboarding,2,10.4,2025-03-24 00:13:30
656537,820426,2025-08-19 07:43:33,low,Feature Request,,,
246757,696918,2025-05-18 09:23:06,normal,Integrations,5,49.3,2025-05-20 10:41:06
744445,329586,2025-01-01 15:11:19,low,Performance,5,13.5,2025-01-02 04:41:19
28999,823165,2025-08-07 15:41:52,normal,Billing,,,
298272,969635,2025-06-22 14:08:31,normal,Feature Request,5,25.1,2025-06-23 15:14:31
256320,418604,2025-06-29 13:01:12,high,Billing,4,11.0,2025-06-30 00:01:12
400086,950959,2025-05-26 13:38:30,normal,Performance,5,44.5,2025-05-28 10:08:30
116146,876153,2025-12-09 09:30:28,high,Integrations,3,5.6,2025-12-09 15:06:28
183602,136968,2025-05-27 08:20:38,normal,Billing,5,33.3,2025-05-28 17:38:38
937382,261774,2025-06-15 08:43:54,low,Billing,5,131.2,2025-06-20 19:55:54
104257,541269,2025-10-20 04:54:12,high,Performance,3,12.4,2025-10-20 17:18:12
933149,827874,2025-08-27 12:04:47,normal,Billing,1,23.3,2025-08-28 11:22:47
48217,558639,2025-09-06 08:47:06,normal,Integrations,5,24.9,2025-09-07 09:41:06
315301,378343,2025-10-07 08:49:35,normal,Integrations,5,46.3,2025-10-09 07:07:35
213154,334270,2025-12-17 13:16:47,low,Performance,3,91.6,2025-12-21 08:52:47
464004,735377,2025-11-05 14:08:36,normal,Integrations,5,27.6,2025-11-06 17:44:36
374654,650852,2025-06-03 14:57:43,normal,Billing,5,62.2,2025-06-06 05:09:43
135848,549976,2025-03-09 09:06:57,urgent,Feature Request,5,3.2,2025-03-09 12:18:57
375536,604851,2025-11-02 13:48:44,urgent,Integrations,2,6.1,2025-11-02 19:54:44
624933,439406,2025-05-14 11:25:15,high,Billing,5,12.6,2025-05-15 00:01:15
476637,323646,2025-10-30 08:28:49,high,Onboarding,5,5.0,2025-10-30 13:28:49
33426,609487,2025-10-22 11:39:00,low,Performance,4,99.8,2025-10-26 15:27:00
282606,649882,2025-01-23 10:46:10,normal,Integrations,4,42.6,2025-01-25 05:22:10
211569,789095,2025-02-09 02:53:19,high,Performance,5,23.6,2025-02-10 02:29:19
43671,757684,2025-07-07 19:03:22,low,Performance,4,57.0,2025-07-10 04:03:22
148346,549976,2025-07-01 08:00:26,high,Feature Request,4,6.8,2025-07-01 14:48:26
23565,619995,2025-09-06 19:16:55,urgent,Onboarding,4,5.6,2025-09-07 00:52:55
890926,991768,2025-10-15 12:27:03,low,Performance,,,
170846,877086,2025-07-21 00:00:42,high,Onboarding,4,13.3,2025-07-21 13:18:42
697445,379610,2025-01-27 11:04:54,high,Performance,4,16.4,2025-01-28 03:28:54
74604,912387,2025-06-04 17:56:07,low,Onboarding,4,41.4,2025-06-06 11:20:07
147884,465105,2025-02-15 10:29:34,normal,Onboarding,4,12.1,2025-02-15 22:35:34
735590,676614,2025-07-16 17:57:34,normal,Bug Report,1,36.7,2025-07-18 06:39:34
757587,443384,2025-07-16 07:34:48,high,Feature Request,5,8.5,2025-07-16 16:04:48
400032,938205,2025-02-28 17:39:14,high,Billing,3,13.9,2025-03-01 07:33:14
125552,173985,2025-11-05 11:40:09,normal,Bug Report,4,36.1,2025-11-06 23:46:09
199896,290492,2025-02-14 22:26:56,normal,Bug Report,4,69.8,2025-02-17 20:14:56
156845,481016,2025-11-09 16:34:49,urgent,Integrations,2,1.9,2025-11-09 18:28:49
921287,449827,2025-05-13 23:59:34,low,Bug Report,5,77.2,2025-05-17 05:11:34
117442,228677,2025-02-16 13:48:56,low,Performance,4,89.9,2025-02-20 07:42:56
977450,475777,2025-08-10 13:32:50,urgent,Integrations,4,1.5,2025-08-10 15:02:50
766852,147538,2025-11-06 10:08:20,low,Performance,4,67.9,2025-11-09 06:02:20
427654,368540,2025-01-25 09:30:01,low,Billing,4,92.7,2025-01-29 06:12:01
634510,883487,2025-06-07 18:14:15,high,Billing,3,16.1,2025-06-08 10:20:15
795029,787021,2025-09-24 06:46:23,normal,Feature Request,1,48.0,2025-09-26 06:46:23
54811,465105,2025-02-11 09:17:36,high,Bug Report,5,17.6,2025-02-12 02:53:36
395782,629593,2025-06-05 18:36:09,normal,Performance,4,32.2,2025-06-07 02:48:09
233480,165228,2025-10-19 07:52:32,high,Integrations,2,9.5,2025-10-19 17:22:32
380008,952114,2025-08-16 12:38:42,normal,Feature Request,5,41.7,2025-08-18 06:20:42
686082,687763,2025-08-15 13:11:02,normal,Bug Report,5,20.1,2025-08-16 09:17:02
139147,399159,2025-09-04 15:11:34,normal,Billing,5,43.5,2025-09-06 10:41:34
788448,901613,2025-08-25 09:54:31,normal,Integrations,3,36.4,2025-08-26 22:18:31
353392,527428,2025-12-01 12:57:01,high,Feature Request,4,17.3,2025-12-02 06:15:01
901425,765110,2025-09-21 17:37:16,high,Feature Request,5,10.9,2025-09-22 04:31:16
803338,704101,2025-05-08 19:29:08,high,Performance,5,11.1,2025-05-09 06:35:08
613791,938120,2025-10-06 14:44:25,normal,Bug Report,,,
973349,944315,2025-04-18 14:59:14,normal,Bug Report,2,28.6,2025-04-19 19:35:14
208138,988184,2025-08-02 08:30:43,low,Integrations,2,73.9,2025-08-05 10:24:43
277982,416815,2025-12-05 09:49:32,normal,Performance,5,59.9,2025-12-07 21:43:32
150849,537263,2025-09-25 23:23:57,low,Billing,4,83.4,2025-09-29 10:47:57
804584,288150,2025-05-26 10:48:08,normal,Billing,5,38.8,2025-05-28 01:36:08
546460,452461,2025-02-07 07:38:15,normal,Integrations,4,33.5,2025-02-08 17:08:15
484896,473607,2025-06-22 05:23:56,normal,Bug Report,3,40.3,2025-06-23 21:41:56
557080,511497,2025-11-21 16:49:34,normal,Integrations,4,17.9,2025-11-22 10:43:34
97938,692863,2025-07-08 15:52:54,normal,Onboarding,5,17.6,2025-07-09 09:28:54
827689,436381,2025-10-28 06:24:47,normal,Onboarding,5,35.5,2025-10-29 17:54:47
700583,847537,2025-07-30 09:54:11,normal,Billing,5,54.4,2025-08-01 16:18:11
579327,102347,2025-06-14 09:25:17,normal,Onboarding,1,21.5,2025-06-15 06:55:17
63453,680171,2025-05-03 17:27:06,urgent,Performance,4,4.6,2025-05-03 22:03:06
584724,381513,2025-06-15 08:47:12,normal,Feature Request,4,27.7,2025-06-16 12:29:12
890314,312337,2025-11-22 12:31:07,low,Bug Report,5,83.1,2025-11-25 23:37:07
984290,909740,2025-07-30 17:33:11,normal,Billing,5,39.2,2025-08-01 08:45:11
314104,511470,2025-04-14 15:14:46,low,Integrations,5,36.5,2025-04-16 03:44:46
186912,776288,2025-02-14 08:10:52,low,Billing,5,83.0,2025-02-17 19:10:52
269963,355983,2025-11-11 14:13:21,normal,Onboarding,,,
58206,875381,2025-01-16 15:58:12,low,Billing,3,60.7,2025-01-19 04:40:12
816196,714944,2025-11-11 08:36:04,normal,Billing,4,53.7,2025-11-13 14:18:04
443502,284686,2025-12-16 18:21:30,normal,Integrations,1,45.8,2025-12-18 16:09:30
888472,918351,2025-05-04 15:01:11,normal,Integrations,1,62.7,2025-05-07 05:43:11
382025,479649,2025-01-20 10:25:28,urgent,Integrations,4,3.3,2025-01-20 13:43:28
810582,961826,2025-10-30 10:59:25,normal,Onboarding,4,54.5,2025-11-01 17:29:25
751662,205373,2025-10-21 14:21:51,normal,Onboarding,3,48.1,2025-10-23 14:27:51
887901,790366,2025-08-19 07:34:05,normal,Onboarding,5,33.4,2025-08-20 16:58:05
522183,142057,2025-10-20 17:35:44,normal,Performance,5,35.4,2025-10-22 04:59:44
313921,977420,2025-08-26 19:54:07,low,Bug Report,4,107.0,2025-08-31 06:54:07
36078,339409,2025-09-20 18:12:36,low,Performance,4,84.8,2025-09-24 07:00:36
679886,228280,2025-07-13 08:57:20,low,Bug Report,1,117.8,2025-07-18 06:45:20
97705,982749,2025-10-13 14:28:29,low,Feature Request,5,26.3,2025-10-14 16:46:29
969585,221118,2025-01-23 09:43:33,high,Integrations,5,9.2,2025-01-23 18:55:33
594283,653379,2025-07-03 09:45:56,normal,Onboarding,4,55.5,2025-07-05 17:15:56
551794,909740,2025-04-26 10:13:02,low,Feature Request,5,76.0,2025-04-29 14:13:02
27167,831195,2025-05-16 21:35:11,low,Integrations,,,
53166,942304,2025-08-27 08:17:30,low,Integrations,5,75.8,2025-08-30 12:05:30
203998,910761,2025-02-11 10:24:28,normal,Onboarding,5,6.3,2025-02-11 16:42:28
676562,866791,2025-02-07 07:03:44,normal,Bug Report,5,45.4,2025-02-09 04:27:44
376460,469600,2025-05-30 13:34:03,high,Performance,5,6.3,2025-05-30 19:52:03
944363,684498,2025-03-18 14:01:39,low,Bug Report,,,
550928,461906,2025-03-23 12:19:09,normal,Integrations,4,42.9,2025-03-25 07:13:09
417539,704101,2025-03-08 07:02:57,low,Integrations,4,39.5,2025-03-09 22:32:57
456380,247268,2025-10-08 07:58:51,high,Bug Report,4,7.0,2025-10-08 14:58:51
333476,581789,2025-03-27 13:03:24,low,Performance,5,69.3,2025-03-30 10:21:24
869795,244208,2025-12-05 17:47:43,high,Bug Report,4,19.7,2025-12-06 13:29:43
559595,481021,2025-06-22 09:18:25,urgent,Integrations,4,4.1,2025-06-22 13:24:25
801011,992229,2025-06-24 01:36:09,low,Bug Report,5,65.5,2025-06-26 19:06:09
58362,992229,2025-06-14 11:06:32,high,Feature Request,4,13.0,2025-06-15 00:06:32
727780,847327,2025-01-25 14:38:21,high,Integrations,1,13.1,2025-01-26 03:44:21
681397,692089,2025-07-12 03:48:22,normal,Bug Report,2,19.0,2025-07-12 22:48:22
631500,493447,2025-03-01 15:06:04,high,Onboarding,4,9.0,2025-03-02 00:06:04
618644,930679,2025-11-08 09:50:58,normal,Performance,,,
355934,440806,2025-11-12 11:20:43,normal,Billing,5,43.0,2025-11-14 06:20:43
199250,209680,2025-03-04 11:24:57,normal,Billing,2,27.4,2025-03-05 14:48:57
523972,433844,2025-05-02 01:06:33,normal,Feature Request,4,33.6,2025-05-03 10:42:33
490177,469600,2025-09-04 15:40:27,high,Onboarding,4,12.1,2025-09-05 03:46:27
182020,574768,2025-06-29 08:30:45,normal,Performance,5,36.0,2025-06-30 20:30:45
